date,time,hour,day,month,day_of_week,is_weekend,temperature,humidity,number_of_people,appliance_usage,previous_consumption,rolling_3h_avg,ac_consumption,refrigerator_consumption,lighting_consumption,laundry_consumption,other_consumption,energy_consumption
2024-01-01,00:00,0,1,1,0,0,10.0,82.4,4,Low,1.2,1.2,0.46,0.19,0.11,0.0,1.11,1.87
2024-01-01,01:00,1,1,1,0,0,10.0,84.1,4,Low,1.87,1.42,0.46,0.22,0.11,0.0,1.46,2.25
2024-01-01,02:00,2,1,1,0,0,10.0,85.2,2,Low,2.25,1.74,0.46,0.2,0.1,0.0,1.13,1.89
2024-01-01,03:00,3,1,1,0,0,10.0,86.3,2,Low,1.89,2.0,0.46,0.2,0.1,0.0,0.72,1.48
2024-01-01,04:00,4,1,1,0,0,10.0,82.1,2,Low,1.48,1.87,0.46,0.21,0.1,0.0,0.79,1.56
2024-01-01,05:00,5,1,1,0,0,10.0,80.6,1,Low,1.56,1.64,0.46,0.2,0.09,0.0,0.94,1.69
2024-01-01,06:00,6,1,1,0,0,10.0,78.8,1,High,1.69,1.58,0.84,0.21,0.09,0.0,3.32,4.46
2024-01-01,07:00,7,1,1,0,0,10.0,77.7,5,High,4.46,2.57,0.84,0.22,0.12,0.0,5.41,6.59
2024-01-01,08:00,8,1,1,0,0,10.0,83.7,1,Low,6.59,4.25,0.46,0.2,0.09,0.0,3.05,3.8
2024-01-01,09:00,9,1,1,0,0,10.0,81.2,1,Medium,3.8,4.95,0.62,0.21,0.09,0.0,2.17,3.09
2024-01-01,10:00,10,1,1,0,0,10.2,85.2,1,Medium,3.09,4.49,0.6,0.19,0.09,0.0,1.99,2.87
2024-01-01,11:00,11,1,1,0,0,13.1,75.9,3,Medium,2.87,3.25,0.3,0.19,0.1,0.0,2.14,2.73
2024-01-01,12:00,12,1,1,0,0,11.9,75.9,2,Medium,2.73,2.9,0.42,0.21,0.1,0.0,1.75,2.48
2024-01-01,13:00,13,1,1,0,0,13.7,80.0,2,Medium,2.48,2.69,0.24,0.2,0.1,0.0,2.15,2.69
2024-01-01,14:00,14,1,1,0,0,14.1,76.9,1,Medium,2.69,2.63,0.2,0.21,0.09,0.0,1.62,2.12
2024-01-01,15:00,15,1,1,0,0,12.0,77.4,3,Medium,2.12,2.43,0.41,0.22,0.1,0.0,1.89,2.62
2024-01-01,16:00,16,1,1,0,0,12.6,81.9,3,Medium,2.62,2.48,0.35,0.19,0.1,0.0,2.08,2.72
2024-01-01,17:00,17,1,1,0,0,13.1,77.7,2,High,2.72,2.49,0.4,0.21,0.1,0.0,5.68,6.39
2024-01-01,18:00,18,1,1,0,0,10.0,81.3,2,Medium,6.39,3.91,0.62,0.21,0.22,0.0,5.35,6.4
2024-01-01,19:00,19,1,1,0,0,10.0,84.0,5,Medium,6.4,5.17,0.62,0.2,0.42,0.0,5.75,6.99
2024-01-01,20:00,20,1,1,0,0,10.0,92.9,1,Medium,6.99,6.59,0.62,0.2,0.15,0.0,5.23,6.2
2024-01-01,21:00,21,1,1,0,0,10.0,87.6,2,High,6.2,6.53,0.84,0.21,0.22,0.0,6.83,8.1
2024-01-01,22:00,22,1,1,0,0,10.0,91.8,1,High,8.1,7.1,0.84,0.19,0.15,0.0,4.48,5.66
2024-01-01,23:00,23,1,1,0,0,10.0,76.8,3,Low,5.66,6.65,0.46,0.2,0.28,0.0,2.64,3.58
2024-01-02,00:00,0,2,1,1,0,10.0,81.7,5,Low,3.58,5.78,0.46,0.21,0.12,0.0,2.02,2.81
2024-01-02,01:00,1,2,1,1,0,10.0,88.5,2,Low,2.81,4.02,0.46,0.22,0.1,0.0,1.66,2.44
2024-01-02,02:00,2,2,1,1,0,10.0,86.1,2,Low,2.44,2.94,0.46,0.22,0.1,0.0,1.21,1.99
2024-01-02,03:00,3,2,1,1,0,10.0,85.5,1,Low,1.99,2.41,0.46,0.22,0.09,0.0,1.07,1.84
2024-01-02,04:00,4,2,1,1,0,10.0,80.1,1,Low,1.84,2.09,0.46,0.21,0.09,0.0,1.16,1.92
2024-01-02,05:00,5,2,1,1,0,10.0,85.9,2,Low,1.92,1.92,0.46,0.21,0.1,0.0,0.82,1.59
2024-01-02,06:00,6,2,1,1,0,10.0,84.7,3,Medium,1.59,1.78,0.62,0.2,0.1,0.0,2.82,3.74
2024-01-02,07:00,7,2,1,1,0,10.0,82.7,4,Medium,3.74,2.42,0.62,0.21,0.11,0.0,3.87,4.81
2024-01-02,08:00,8,2,1,1,0,10.0,93.9,2,High,4.81,3.38,0.84,0.2,0.1,0.0,4.62,5.76
2024-01-02,09:00,9,2,1,1,0,10.0,82.1,1,High,5.76,4.77,0.84,0.22,0.09,0.0,3.06,4.21
2024-01-02,10:00,10,2,1,1,0,10.0,76.9,3,Low,4.21,4.93,0.46,0.21,0.1,0.0,2.17,2.94
2024-01-02,11:00,11,2,1,1,0,12.4,76.6,2,High,2.94,4.3,0.5,0.21,0.1,0.85,1.69,3.35
2024-01-02,12:00,12,2,1,1,0,13.6,80.9,2,Medium,3.35,3.5,0.25,0.21,0.1,0.0,2.24,2.8
2024-01-02,13:00,13,2,1,1,0,13.1,81.3,2,Medium,2.8,3.03,0.3,0.21,0.1,0.0,2.64,3.25
2024-01-02,14:00,14,2,1,1,0,13.6,81.7,1,Low,3.25,3.13,0.18,0.21,0.09,0.0,1.5,1.98
2024-01-02,15:00,15,2,1,1,0,13.2,81.9,1,Low,1.98,2.68,0.21,0.2,0.09,0.0,0.91,1.41
2024-01-02,16:00,16,2,1,1,0,13.3,74.7,2,Low,1.41,2.21,0.21,0.21,0.1,0.0,1.62,2.14
2024-01-02,17:00,17,2,1,1,0,14.5,69.5,2,Low,2.14,1.84,0.11,0.19,0.1,0.0,3.34,3.74
2024-01-02,18:00,18,2,1,1,0,11.6,84.5,3,Medium,3.74,2.43,0.46,0.21,0.28,0.0,4.85,5.8
2024-01-02,19:00,19,2,1,1,0,10.0,78.0,5,High,5.8,3.89,0.84,0.21,0.42,0.85,6.59,8.91
2024-01-02,20:00,20,2,1,1,0,10.0,81.1,3,High,8.91,6.15,0.84,0.19,0.28,0.85,6.72,8.88
2024-01-02,21:00,21,2,1,1,0,10.0,70.0,2,Medium,8.88,7.86,0.62,0.21,0.22,0.0,5.74,6.79
2024-01-02,22:00,22,2,1,1,0,10.0,83.5,3,High,6.79,8.19,0.84,0.19,0.28,0.0,4.38,5.69
2024-01-02,23:00,23,2,1,1,0,10.0,83.8,1,Medium,5.69,7.12,0.62,0.21,0.15,0.0,2.82,3.8
2024-01-03,00:00,0,3,1,2,0,10.0,78.0,3,Low,3.8,5.43,0.46,0.22,0.1,0.0,1.59,2.37
2024-01-03,01:00,1,3,1,2,0,10.0,81.1,2,Low,2.37,3.95,0.46,0.19,0.1,0.0,1.17,1.92
2024-01-03,02:00,2,3,1,2,0,10.0,86.4,2,Low,1.92,2.7,0.46,0.21,0.1,0.0,1.16,1.93
2024-01-03,03:00,3,3,1,2,0,10.0,80.5,2,Low,1.93,2.07,0.46,0.21,0.1,0.0,1.16,1.93
2024-01-03,04:00,4,3,1,2,0,10.0,83.5,3,Low,1.93,1.93,0.46,0.22,0.1,0.0,1.25,2.03
2024-01-03,05:00,5,3,1,2,0,10.0,89.2,4,Low,2.03,1.96,0.46,0.22,0.11,0.0,1.24,2.03
2024-01-03,06:00,6,3,1,2,0,10.0,83.1,2,High,2.03,2.0,0.84,0.22,0.1,0.0,3.85,5.01
2024-01-03,07:00,7,3,1,2,0,10.0,83.4,3,Medium,5.01,3.02,0.62,0.2,0.1,0.0,4.03,4.95
2024-01-03,08:00,8,3,1,2,0,10.0,86.2,4,High,4.95,4.0,0.84,0.21,0.11,0.0,5.08,6.24
2024-01-03,09:00,9,3,1,2,0,10.0,86.9,1,Low,6.24,5.4,0.46,0.21,0.09,0.0,2.22,2.98
2024-01-03,10:00,10,3,1,2,0,10.0,84.0,1,Medium,2.98,4.72,0.62,0.19,0.09,0.0,1.9,2.8
2024-01-03,11:00,11,3,1,2,0,13.3,73.2,2,High,2.8,4.01,0.38,0.21,0.1,0.85,1.39,2.93
2024-01-03,12:00,12,3,1,2,0,12.3,79.4,2,Medium,2.93,2.9,0.38,0.2,0.1,0.0,1.93,2.61
2024-01-03,13:00,13,3,1,2,0,13.8,79.7,2,Medium,2.61,2.78,0.23,0.2,0.1,0.0,1.76,2.29
2024-01-03,14:00,14,3,1,2,0,14.8,75.6,1,High,2.29,2.61,0.17,0.22,0.09,0.0,2.06,2.54
2024-01-03,15:00,15,3,1,2,0,15.0,77.4,4,Medium,2.54,2.48,0.1,0.21,0.11,0.0,2.17,2.59
2024-01-03,16:00,16,3,1,2,0,15.8,73.0,1,High,2.59,2.47,0.03,0.21,0.09,0.0,2.12,2.45
2024-01-03,17:00,17,3,1,2,0,13.4,75.6,1,Low,2.45,2.53,0.2,0.19,0.09,0.0,3.13,3.61
2024-01-03,18:00,18,3,1,2,0,11.4,88.8,2,High,3.61,2.88,0.64,0.2,0.22,0.0,6.2,7.26
2024-01-03,19:00,19,3,1,2,0,11.3,86.2,5,Medium,7.26,4.44,0.49,0.2,0.42,0.0,5.9,7.01
2024-01-03,20:00,20,3,1,2,0,10.0,88.0,3,Medium,7.01,5.96,0.62,0.22,0.28,0.0,5.65,6.77
2024-01-03,21:00,21,3,1,2,0,10.0,83.0,4,High,6.77,7.01,0.84,0.2,0.35,0.0,7.32,8.71
2024-01-03,22:00,22,3,1,2,0,10.0,82.4,5,High,8.71,7.5,0.84,0.2,0.42,0.0,5.4,6.86
2024-01-03,23:00,23,3,1,2,0,10.0,84.3,3,Medium,6.86,7.45,0.62,0.22,0.28,0.0,3.37,4.49
2024-01-04,00:00,0,4,1,3,0,10.0,90.0,4,Low,4.49,6.69,0.46,0.21,0.11,0.0,2.06,2.84
2024-01-04,01:00,1,4,1,3,0,10.0,81.3,1,Low,2.84,4.73,0.46,0.21,0.09,0.0,1.01,1.77
2024-01-04,02:00,2,4,1,3,0,10.0,74.8,5,Low,1.77,3.03,0.46,0.2,0.12,0.0,1.7,2.48
2024-01-04,03:00,3,4,1,3,0,10.0,86.9,5,Low,2.48,2.36,0.46,0.22,0.12,0.0,1.64,2.44
2024-01-04,04:00,4,4,1,3,0,10.0,82.8,3,Low,2.44,2.23,0.46,0.21,0.1,0.0,0.92,1.69
2024-01-04,05:00,5,4,1,3,0,10.0,82.5,2,Low,1.69,2.2,0.46,0.19,0.1,0.0,0.94,1.69
2024-01-04,06:00,6,4,1,3,0,10.0,79.2,2,Low,1.69,1.94,0.46,0.2,0.1,0.0,2.54,3.3
2024-01-04,07:00,7,4,1,3,0,10.0,80.9,2,Low,3.3,2.23,0.46,0.2,0.1,0.0,2.42,3.18
2024-01-04,08:00,8,4,1,3,0,10.0,78.2,3,Medium,3.18,2.72,0.62,0.19,0.1,0.0,3.57,4.48
2024-01-04,09:00,9,4,1,3,0,11.0,81.4,2,High,4.48,3.65,0.7,0.2,0.1,0.0,2.86,3.86
2024-01-04,10:00,10,4,1,3,0,10.7,73.0,2,Low,3.86,3.84,0.41,0.22,0.1,0.0,1.94,2.67
2024-01-04,11:00,11,4,1,3,0,11.1,94.0,1,Medium,2.67,3.67,0.51,0.2,0.09,0.0,1.91,2.71
2024-01-04,12:00,12,4,1,3,0,12.3,74.6,1,Low,2.71,3.08,0.28,0.22,0.09,0.0,1.22,1.81
2024-01-04,13:00,13,4,1,3,0,13.4,85.7,2,Medium,1.81,2.4,0.27,0.21,0.1,0.0,1.85,2.43
2024-01-04,14:00,14,4,1,3,0,15.8,78.2,1,Low,2.43,2.32,0.02,0.21,0.09,0.0,1.54,1.86
2024-01-04,15:00,15,4,1,3,0,12.2,74.8,1,Low,1.86,2.03,0.29,0.19,0.09,0.0,1.27,1.84
2024-01-04,16:00,16,4,1,3,0,12.5,76.5,1,High,1.84,2.04,0.49,0.22,0.09,0.0,1.49,2.29
2024-01-04,17:00,17,4,1,3,0,13.1,78.3,4,High,2.29,2.0,0.4,0.2,0.11,0.0,6.27,6.98
2024-01-04,18:00,18,4,1,3,0,11.6,77.2,5,High,6.98,3.7,0.61,0.2,0.42,0.0,7.75,8.98
2024-01-04,19:00,19,4,1,3,0,10.0,79.9,3,Medium,8.98,6.08,0.62,0.21,0.28,0.0,5.78,6.89
2024-01-04,20:00,20,4,1,3,0,10.0,76.4,2,High,6.89,7.62,0.84,0.19,0.22,0.85,6.01,8.11
2024-01-04,21:00,21,4,1,3,0,10.0,87.0,2,High,8.11,7.99,0.84,0.21,0.22,0.0,7.08,8.35
2024-01-04,22:00,22,4,1,3,0,10.0,79.8,2,High,8.35,7.78,0.84,0.2,0.22,0.0,4.49,5.75
2024-01-04,23:00,23,4,1,3,0,10.0,83.3,3,Medium,5.75,7.4,0.62,0.21,0.28,0.0,3.2,4.31
2024-01-05,00:00,0,5,1,4,0,10.0,81.3,2,Low,4.31,6.14,0.46,0.2,0.1,0.0,1.66,2.42
2024-01-05,01:00,1,5,1,4,0,10.0,81.9,4,Low,2.42,4.16,0.46,0.2,0.11,0.0,1.61,2.38
2024-01-05,02:00,2,5,1,4,0,10.0,81.6,4,Low,2.38,3.04,0.46,0.2,0.11,0.0,1.49,2.26
2024-01-05,03:00,3,5,1,4,0,10.0,86.6,3,Low,2.26,2.35,0.46,0.22,0.1,0.0,1.24,2.02
2024-01-05,04:00,4,5,1,4,0,10.0,87.6,2,Low,2.02,2.22,0.46,0.22,0.1,0.0,1.13,1.91
2024-01-05,05:00,5,5,1,4,0,10.0,81.1,2,Low,1.91,2.06,0.46,0.21,0.1,0.0,1.06,1.83
2024-01-05,06:00,6,5,1,4,0,10.0,81.1,4,High,1.83,1.92,0.84,0.19,0.11,0.0,4.68,5.82
2024-01-05,07:00,7,5,1,4,0,10.0,86.0,4,Medium,5.82,3.19,0.62,0.21,0.11,0.0,4.16,5.1
2024-01-05,08:00,8,5,1,4,0,10.0,78.0,2,High,5.1,4.25,0.84,0.22,0.1,0.0,4.51,5.67
2024-01-05,09:00,9,5,1,4,0,10.0,84.1,1,Medium,5.67,5.53,0.62,0.22,0.09,0.0,2.23,3.16
2024-01-05,10:00,10,5,1,4,0,11.1,84.6,2,High,3.16,4.64,0.68,0.21,0.1,0.85,1.78,3.62
2024-01-05,11:00,11,5,1,4,0,10.9,88.3,3,High,3.62,4.15,0.71,0.19,0.1,0.85,2.06,3.91
2024-01-05,12:00,12,5,1,4,0,13.3,83.4,1,Low,3.91,3.56,0.21,0.19,0.09,0.0,1.87,2.36
2024-01-05,13:00,13,5,1,4,0,13.1,75.2,1,High,2.36,3.3,0.4,0.2,0.09,0.0,1.8,2.49
2024-01-05,14:00,14,5,1,4,0,13.6,85.4,1,Medium,2.49,2.92,0.25,0.2,0.09,0.0,1.66,2.2
2024-01-05,15:00,15,5,1,4,0,12.2,79.4,1,Medium,2.2,2.35,0.39,0.21,0.09,0.0,1.71,2.4
2024-01-05,16:00,16,5,1,4,0,12.9,75.1,1,High,2.4,2.36,0.43,0.21,0.09,0.0,1.98,2.71
2024-01-05,17:00,17,5,1,4,0,12.4,80.9,1,Low,2.71,2.44,0.28,0.2,0.09,0.0,3.25,3.82
2024-01-05,18:00,18,5,1,4,0,10.1,83.3,4,High,3.82,2.98,0.82,0.21,0.35,0.0,6.19,7.57
2024-01-05,19:00,19,5,1,4,0,10.0,81.6,4,High,7.57,4.7,0.84,0.2,0.35,0.85,6.58,8.82
2024-01-05,20:00,20,5,1,4,0,10.0,90.0,1,Medium,8.82,6.74,0.62,0.2,0.15,0.0,5.77,6.74
2024-01-05,21:00,21,5,1,4,0,10.0,85.9,1,Medium,6.74,7.71,0.62,0.2,0.15,0.0,5.06,6.03
2024-01-05,22:00,22,5,1,4,0,10.0,85.9,1,Medium,6.03,7.2,0.62,0.2,0.15,0.0,3.06,4.03
2024-01-05,23:00,23,5,1,4,0,10.0,78.7,2,High,4.03,5.6,0.84,0.19,0.22,0.0,3.48,4.73
2024-01-06,00:00,0,6,1,5,1,10.0,78.0,3,Low,4.73,4.93,0.46,0.2,0.1,0.0,1.78,2.54
2024-01-06,01:00,1,6,1,5,1,10.0,88.3,3,Low,2.54,3.77,0.46,0.2,0.1,0.0,1.01,1.77
2024-01-06,02:00,2,6,1,5,1,10.0,89.8,3,Low,1.77,3.01,0.46,0.22,0.1,0.0,1.02,1.8
2024-01-06,03:00,3,6,1,5,1,10.0,86.9,4,Low,1.8,2.04,0.46,0.19,0.11,0.0,1.29,2.05
2024-01-06,04:00,4,6,1,5,1,10.0,76.2,4,Low,2.05,1.87,0.46,0.22,0.11,0.0,1.36,2.15
2024-01-06,05:00,5,6,1,5,1,10.0,77.8,3,Low,2.15,2.0,0.46,0.22,0.1,0.0,1.22,2.0
2024-01-06,06:00,6,6,1,5,1,10.0,79.1,3,Medium,2.0,2.07,0.62,0.19,0.1,0.0,3.1,4.01
2024-01-06,07:00,7,6,1,5,1,10.0,84.0,4,Medium,4.01,2.72,0.62,0.22,0.11,0.0,4.04,4.99
2024-01-06,08:00,8,6,1,5,1,10.0,77.9,3,Low,4.99,3.67,0.46,0.21,0.1,0.0,3.07,3.84
2024-01-06,09:00,9,6,1,5,1,10.0,80.6,3,Medium,3.84,4.28,0.62,0.2,0.1,0.0,2.87,3.79
2024-01-06,10:00,10,6,1,5,1,10.0,93.5,4,High,3.79,4.21,0.84,0.19,0.11,0.85,3.51,5.5
2024-01-06,11:00,11,6,1,5,1,10.4,92.8,3,Medium,5.5,4.38,0.58,0.19,0.1,0.0,3.52,4.39
2024-01-06,12:00,12,6,1,5,1,13.2,86.2,4,Medium,4.39,4.56,0.29,0.21,0.11,0.0,3.54,4.15
2024-01-06,13:00,13,6,1,5,1,14.4,80.2,3,Low,4.15,4.68,0.12,0.19,0.1,0.0,2.29,2.7
2024-01-06,14:00,14,6,1,5,1,13.9,80.8,2,Medium,2.7,3.75,0.22,0.21,0.1,0.0,2.76,3.29
2024-01-06,15:00,15,6,1,5,1,14.5,80.9,3,Medium,3.29,3.38,0.16,0.22,0.1,0.0,3.03,3.51
2024-01-06,16:00,16,6,1,5,1,13.7,79.4,2,Medium,3.51,3.17,0.24,0.22,0.1,0.0,2.89,3.45
2024-01-06,17:00,17,6,1,5,1,12.0,80.4,5,Medium,3.45,3.42,0.41,0.21,0.12,0.0,5.44,6.18
2024-01-06,18:00,18,6,1,5,1,11.1,79.8,3,Medium,6.18,4.38,0.51,0.21,0.28,0.0,5.21,6.21
2024-01-06,19:00,19,6,1,5,1,11.1,80.9,3,High,6.21,5.28,0.68,0.21,0.28,0.85,6.0,8.02
2024-01-06,20:00,20,6,1,5,1,10.0,86.6,3,Low,8.02,6.8,0.46,0.21,0.28,0.0,4.87,5.82
2024-01-06,21:00,21,6,1,5,1,10.0,80.9,3,High,5.82,6.68,0.84,0.22,0.28,0.0,7.08,8.42
2024-01-06,22:00,22,6,1,5,1,10.0,88.8,3,High,8.42,7.42,0.84,0.2,0.28,0.0,4.64,5.96
2024-01-06,23:00,23,6,1,5,1,10.0,79.0,1,Low,5.96,6.73,0.46,0.2,0.15,0.0,2.38,3.19
2024-01-07,00:00,0,7,1,6,1,10.0,79.0,3,Low,3.19,5.86,0.46,0.22,0.1,0.0,1.65,2.43
2024-01-07,01:00,1,7,1,6,1,10.0,92.2,2,Low,2.43,3.86,0.46,0.2,0.1,0.0,1.02,1.78
2024-01-07,02:00,2,7,1,6,1,10.0,85.0,4,Low,1.78,2.47,0.46,0.2,0.11,0.0,1.17,1.94
2024-01-07,03:00,3,7,1,6,1,10.0,85.2,3,Low,1.94,2.05,0.46,0.22,0.1,0.0,1.03,1.81
2024-01-07,04:00,4,7,1,6,1,10.0,80.7,4,Low,1.81,1.84,0.46,0.2,0.11,0.0,1.19,1.96
2024-01-07,05:00,5,7,1,6,1,10.0,92.4,4,Low,1.96,1.9,0.46,0.22,0.11,0.0,1.47,2.26
2024-01-07,06:00,6,7,1,6,1,10.0,81.4,5,High,2.26,2.01,0.84,0.21,0.12,0.0,4.93,6.1
2024-01-07,07:00,7,7,1,6,1,10.0,82.3,3,Medium,6.1,3.44,0.62,0.2,0.1,0.0,4.06,4.98
2024-01-07,08:00,8,7,1,6,1,10.0,83.9,5,Medium,4.98,4.45,0.62,0.2,0.12,0.0,4.55,5.49
2024-01-07,09:00,9,7,1,6,1,10.0,85.7,3,High,5.49,5.52,0.84,0.21,0.1,0.0,4.71,5.86
2024-01-07,10:00,10,7,1,6,1,12.0,82.6,4,Medium,5.86,5.44,0.41,0.22,0.11,0.0,3.7,4.44
2024-01-07,11:00,11,7,1,6,1,12.8,79.0,3,Medium,4.44,5.26,0.33,0.21,0.1,0.0,3.28,3.92
2024-01-07,12:00,12,7,1,6,1,13.2,84.3,1,Low,3.92,4.74,0.21,0.2,0.09,0.0,2.2,2.7
2024-01-07,13:00,13,7,1,6,1,13.9,80.9,4,Low,2.7,3.69,0.16,0.21,0.11,0.0,2.72,3.2
2024-01-07,14:00,14,7,1,6,1,13.9,79.4,4,High,3.2,3.27,0.29,0.19,0.11,0.0,4.13,4.72
2024-01-07,15:00,15,7,1,6,1,14.3,82.1,2,Medium,4.72,3.54,0.18,0.21,0.1,0.0,2.92,3.41
2024-01-07,16:00,16,7,1,6,1,12.5,81.5,4,Low,3.41,3.78,0.27,0.21,0.11,0.0,2.48,3.07
2024-01-07,17:00,17,7,1,6,1,10.0,80.8,3,High,3.07,3.73,0.84,0.2,0.1,0.0,6.67,7.81
2024-01-07,18:00,18,7,1,6,1,11.5,79.2,4,Medium,7.81,4.76,0.47,0.2,0.35,0.0,6.16,7.18
2024-01-07,19:00,19,7,1,6,1,11.1,84.3,3,High,7.18,6.02,0.68,0.2,0.28,0.85,6.32,8.33
2024-01-07,20:00,20,7,1,6,1,10.0,84.0,5,Medium,8.33,7.77,0.62,0.2,0.42,0.0,6.26,7.5
2024-01-07,21:00,21,7,1,6,1,10.0,82.7,5,Medium,7.5,7.67,0.62,0.21,0.42,0.0,6.24,7.49
2024-01-07,22:00,22,7,1,6,1,10.0,84.8,4,High,7.49,7.77,0.84,0.2,0.35,0.0,4.91,6.3
2024-01-07,23:00,23,7,1,6,1,10.0,80.3,3,Medium,6.3,7.1,0.62,0.21,0.28,0.0,3.69,4.8
2024-01-08,00:00,0,8,1,0,0,10.0,80.4,2,Low,4.8,6.2,0.46,0.21,0.1,0.0,1.64,2.41
2024-01-08,01:00,1,8,1,0,0,10.0,87.1,4,Low,2.41,4.5,0.46,0.19,0.11,0.0,1.26,2.02
2024-01-08,02:00,2,8,1,0,0,10.0,82.8,2,Low,2.02,3.08,0.46,0.21,0.1,0.0,1.03,1.8
2024-01-08,03:00,3,8,1,0,0,10.0,85.1,1,Low,1.8,2.08,0.46,0.21,0.09,0.0,1.14,1.9
2024-01-08,04:00,4,8,1,0,0,10.0,80.3,1,Low,1.9,1.91,0.46,0.21,0.09,0.0,0.66,1.42
2024-01-08,05:00,5,8,1,0,0,10.0,87.0,2,Low,1.42,1.71,0.46,0.19,0.1,0.0,1.0,1.75
2024-01-08,06:00,6,8,1,0,0,10.0,86.7,1,High,1.75,1.69,0.84,0.22,0.09,0.0,3.87,5.02
2024-01-08,07:00,7,8,1,0,0,10.0,86.6,2,High,5.02,2.73,0.84,0.22,0.1,0.0,4.76,5.92
2024-01-08,08:00,8,8,1,0,0,10.0,83.8,3,Medium,5.92,4.23,0.62,0.19,0.1,0.0,4.1,5.01
2024-01-08,09:00,9,8,1,0,0,10.0,80.4,3,Medium,5.01,5.32,0.62,0.2,0.1,0.0,2.64,3.56
2024-01-08,10:00,10,8,1,0,0,11.6,78.8,2,Medium,3.56,4.83,0.46,0.22,0.1,0.0,1.95,2.73
2024-01-08,11:00,11,8,1,0,0,13.1,79.4,1,Medium,2.73,3.77,0.3,0.19,0.09,0.0,1.75,2.33
2024-01-08,12:00,12,8,1,0,0,12.9,72.8,3,Medium,2.33,2.87,0.32,0.2,0.1,0.0,1.72,2.34
2024-01-08,13:00,13,8,1,0,0,12.7,80.7,1,Medium,2.34,2.47,0.34,0.22,0.09,0.0,1.8,2.45
2024-01-08,14:00,14,8,1,0,0,13.8,82.0,1,Medium,2.45,2.37,0.23,0.21,0.09,0.0,1.75,2.28
2024-01-08,15:00,15,8,1,0,0,12.3,77.7,2,High,2.28,2.36,0.52,0.2,0.1,0.0,2.42,3.24
2024-01-08,16:00,16,8,1,0,0,13.2,83.9,1,High,3.24,2.66,0.39,0.21,0.09,0.0,1.91,2.6
2024-01-08,17:00,17,8,1,0,0,12.5,78.6,4,Low,2.6,2.71,0.27,0.2,0.11,0.0,3.52,4.1
2024-01-08,18:00,18,8,1,0,0,10.4,83.9,5,High,4.1,3.31,0.78,0.21,0.42,0.0,6.46,7.87
2024-01-08,19:00,19,8,1,0,0,10.0,76.8,3,High,7.87,4.86,0.84,0.2,0.28,0.85,6.42,8.59
2024-01-08,20:00,20,8,1,0,0,10.0,91.3,4,High,8.59,6.85,0.84,0.19,0.35,0.85,6.86,9.09
2024-01-08,21:00,21,8,1,0,0,10.0,82.7,3,High,9.09,8.52,0.84,0.19,0.28,0.0,7.65,8.96
2024-01-08,22:00,22,8,1,0,0,10.0,82.7,2,High,8.96,8.88,0.84,0.22,0.22,0.0,4.6,5.88
2024-01-08,23:00,23,8,1,0,0,10.0,87.0,3,Medium,5.88,7.98,0.62,0.19,0.28,0.0,2.76,3.85
2024-01-09,00:00,0,9,1,1,0,10.0,78.8,2,Low,3.85,6.23,0.46,0.22,0.1,0.0,1.36,2.14
2024-01-09,01:00,1,9,1,1,0,10.0,85.2,4,Low,2.14,3.96,0.46,0.21,0.11,0.0,1.2,1.98
2024-01-09,02:00,2,9,1,1,0,10.0,82.8,4,Low,1.98,2.66,0.46,0.2,0.11,0.0,1.53,2.3
2024-01-09,03:00,3,9,1,1,0,10.0,78.6,3,Low,2.3,2.14,0.46,0.21,0.1,0.0,1.54,2.31
2024-01-09,04:00,4,9,1,1,0,10.0,84.3,4,Low,2.31,2.2,0.46,0.22,0.11,0.0,1.69,2.48
2024-01-09,05:00,5,9,1,1,0,10.0,76.3,3,Low,2.48,2.36,0.46,0.21,0.1,0.0,1.13,1.9
2024-01-09,06:00,6,9,1,1,0,10.0,88.5,4,Low,1.9,2.23,0.46,0.21,0.11,0.0,2.28,3.06
2024-01-09,07:00,7,9,1,1,0,10.0,79.0,2,Medium,3.06,2.48,0.62,0.19,0.1,0.0,2.84,3.75
2024-01-09,08:00,8,9,1,1,0,10.0,87.0,3,Medium,3.75,2.9,0.62,0.2,0.1,0.0,3.62,4.54
2024-01-09,09:00,9,9,1,1,0,10.9,76.4,1,Medium,4.54,3.78,0.53,0.21,0.09,0.0,1.88,2.71
2024-01-09,10:00,10,9,1,1,0,11.7,84.4,4,Low,2.71,3.67,0.33,0.22,0.11,0.0,1.76,2.42
2024-01-09,11:00,11,9,1,1,0,12.7,76.7,1,Low,2.42,3.22,0.25,0.2,0.09,0.0,1.25,1.79
2024-01-09,12:00,12,9,1,1,0,13.4,84.5,1,Medium,1.79,2.31,0.27,0.19,0.09,0.0,1.4,1.95
2024-01-09,13:00,13,9,1,1,0,11.9,82.9,1,Medium,1.95,2.05,0.42,0.19,0.09,0.0,1.38,2.08
2024-01-09,14:00,14,9,1,1,0,12.1,82.2,4,Medium,2.08,1.94,0.4,0.21,0.11,0.0,2.09,2.81
2024-01-09,15:00,15,9,1,1,0,13.9,78.8,2,High,2.81,2.28,0.29,0.2,0.1,0.0,2.59,3.18
2024-01-09,16:00,16,9,1,1,0,11.5,88.2,2,High,3.18,2.69,0.63,0.2,0.1,0.0,2.72,3.65
2024-01-09,17:00,17,9,1,1,0,11.4,80.1,2,Low,3.65,3.21,0.35,0.2,0.1,0.0,3.9,4.55
2024-01-09,18:00,18,9,1,1,0,10.0,84.2,4,High,4.55,3.79,0.84,0.21,0.35,0.0,6.95,8.35
2024-01-09,19:00,19,9,1,1,0,11.5,79.0,3,High,8.35,5.52,0.63,0.19,0.28,0.85,6.4,8.35
2024-01-09,20:00,20,9,1,1,0,10.0,89.6,3,High,8.35,7.08,0.84,0.21,0.28,0.85,6.67,8.85
2024-01-09,21:00,21,9,1,1,0,10.0,81.5,1,High,8.85,8.52,0.84,0.2,0.15,0.0,7.11,8.3
2024-01-09,22:00,22,9,1,1,0,10.0,78.1,1,High,8.3,8.5,0.84,0.21,0.15,0.0,4.09,5.29
2024-01-09,23:00,23,9,1,1,0,10.0,84.3,3,Low,5.29,7.48,0.46,0.21,0.28,0.0,2.67,3.62
2024-01-10,00:00,0,10,1,2,0,10.0,84.7,3,Low,3.62,5.74,0.46,0.2,0.1,0.0,1.69,2.45
2024-01-10,01:00,1,10,1,2,0,10.0,79.0,3,Low,2.45,3.79,0.46,0.2,0.1,0.0,1.41,2.17
2024-01-10,02:00,2,10,1,2,0,10.0,87.9,3,Low,2.17,2.75,0.46,0.22,0.1,0.0,1.02,1.8
2024-01-10,03:00,3,10,1,2,0,10.0,83.3,4,Low,1.8,2.14,0.46,0.21,0.11,0.0,1.42,2.2
2024-01-10,04:00,4,10,1,2,0,10.0,81.8,2,Low,2.2,2.06,0.46,0.19,0.1,0.0,1.22,1.97
2024-01-10,05:00,5,10,1,2,0,10.0,78.7,3,Low,1.97,1.99,0.46,0.22,0.1,0.0,0.99,1.77
2024-01-10,06:00,6,10,1,2,0,10.0,85.0,3,Medium,1.77,1.98,0.62,0.2,0.1,0.0,3.27,4.19
2024-01-10,07:00,7,10,1,2,0,10.0,83.3,3,High,4.19,2.64,0.84,0.21,0.1,0.0,4.74,5.89
2024-01-10,08:00,8,10,1,2,0,10.0,87.0,1,Medium,5.89,3.95,0.62,0.22,0.09,0.0,3.52,4.45
2024-01-10,09:00,9,10,1,2,0,11.1,86.0,1,High,4.45,4.84,0.68,0.2,0.09,0.0,2.72,3.69
2024-01-10,10:00,10,10,1,2,0,12.7,82.0,1,Medium,3.69,4.68,0.34,0.19,0.09,0.0,1.91,2.53
2024-01-10,11:00,11,10,1,2,0,11.1,81.9,4,Medium,2.53,3.56,0.51,0.21,0.11,0.0,2.39,3.22
2024-01-10,12:00,12,10,1,2,0,12.1,79.9,2,Low,3.22,3.15,0.3,0.19,0.1,0.0,1.49,2.08
2024-01-10,13:00,13,10,1,2,0,14.3,77.0,1,High,2.08,2.61,0.24,0.21,0.09,0.0,2.28,2.82
2024-01-10,14:00,14,10,1,2,0,13.3,77.8,2,Low,2.82,2.71,0.21,0.21,0.1,0.0,1.26,1.78
2024-01-10,15:00,15,10,1,2,0,14.9,66.9,1,High,1.78,2.23,0.15,0.2,0.09,0.0,2.13,2.57
2024-01-10,16:00,16,10,1,2,0,11.8,73.6,2,Medium,2.57,2.39,0.43,0.2,0.1,0.0,1.9,2.63
2024-01-10,17:00,17,10,1,2,0,12.0,78.4,1,Low,2.63,2.33,0.31,0.2,0.09,0.0,3.33,3.93
2024-01-10,18:00,18,10,1,2,0,11.0,84.1,2,High,3.93,3.04,0.7,0.2,0.22,0.0,5.92,7.04
2024-01-10,19:00,19,10,1,2,0,10.0,82.3,3,Medium,7.04,4.53,0.62,0.21,0.28,0.0,5.93,7.04
2024-01-10,20:00,20,10,1,2,0,10.0,87.2,3,Medium,7.04,6.0,0.62,0.21,0.28,0.0,5.61,6.72
2024-01-10,21:00,21,10,1,2,0,10.0,86.0,3,High,6.72,6.93,0.84,0.21,0.28,0.0,7.1,8.43
2024-01-10,22:00,22,10,1,2,0,10.0,80.3,3,High,8.43,7.4,0.84,0.19,0.28,0.0,4.75,6.06
2024-01-10,23:00,23,10,1,2,0,10.0,77.6,2,Medium,6.06,7.07,0.62,0.2,0.22,0.0,2.99,4.03
2024-01-11,00:00,0,11,1,3,0,10.0,85.9,2,Low,4.03,6.17,0.46,0.21,0.1,0.0,1.7,2.47
2024-01-11,01:00,1,11,1,3,0,10.0,78.0,2,Low,2.47,4.19,0.46,0.21,0.1,0.0,1.05,1.82
2024-01-11,02:00,2,11,1,3,0,10.0,91.7,1,Low,1.82,2.77,0.46,0.22,0.09,0.0,0.7,1.47
2024-01-11,03:00,3,11,1,3,0,10.0,88.8,4,Low,1.47,1.92,0.46,0.21,0.11,0.0,1.52,2.3
2024-01-11,04:00,4,11,1,3,0,10.0,79.6,5,Low,2.3,1.86,0.46,0.2,0.12,0.0,1.37,2.15
2024-01-11,05:00,5,11,1,3,0,10.0,85.3,2,Low,2.15,1.97,0.46,0.2,0.1,0.0,1.09,1.85
2024-01-11,06:00,6,11,1,3,0,10.0,86.3,2,Medium,1.85,2.1,0.62,0.2,0.1,0.0,3.08,4.0
2024-01-11,07:00,7,11,1,3,0,10.0,85.0,4,Medium,4.0,2.67,0.62,0.21,0.11,0.0,4.0,4.94
2024-01-11,08:00,8,11,1,3,0,10.0,80.4,4,Medium,4.94,3.6,0.62,0.21,0.11,0.0,4.2,5.14
2024-01-11,09:00,9,11,1,3,0,10.4,83.5,1,Medium,5.14,4.69,0.58,0.22,0.09,0.0,2.78,3.67
2024-01-11,10:00,10,11,1,3,0,12.5,82.7,1,Medium,3.67,4.58,0.36,0.22,0.09,0.0,2.09,2.76
2024-01-11,11:00,11,11,1,3,0,11.1,80.8,2,Low,2.76,3.86,0.37,0.21,0.1,0.0,1.38,2.06
2024-01-11,12:00,12,11,1,3,0,11.8,82.6,1,Medium,2.06,2.83,0.43,0.19,0.09,0.0,1.32,2.03
2024-01-11,13:00,13,11,1,3,0,12.5,82.9,4,Low,2.03,2.28,0.27,0.21,0.11,0.0,1.58,2.17
2024-01-11,14:00,14,11,1,3,0,14.3,81.6,1,Medium,2.17,2.09,0.18,0.19,0.09,0.0,1.81,2.27
2024-01-11,15:00,15,11,1,3,0,13.1,77.1,2,Low,2.27,2.16,0.22,0.21,0.1,0.0,1.87,2.4
2024-01-11,16:00,16,11,1,3,0,15.7,81.0,2,Medium,2.4,2.28,0.03,0.19,0.1,0.0,1.86,2.18
2024-01-11,17:00,17,11,1,3,0,13.8,77.8,2,Medium,2.18,2.28,0.23,0.21,0.1,0.0,4.3,4.84
2024-01-11,18:00,18,11,1,3,0,10.0,82.2,2,Medium,4.84,3.14,0.62,0.21,0.22,0.0,5.0,6.05
2024-01-11,19:00,19,11,1,3,0,10.0,78.9,3,High,6.05,4.36,0.84,0.2,0.28,0.85,6.37,8.54
2024-01-11,20:00,20,11,1,3,0,10.0,87.4,3,High,8.54,6.48,0.84,0.19,0.28,0.85,6.42,8.58
2024-01-11,21:00,21,11,1,3,0,10.0,83.6,2,High,8.58,7.72,0.84,0.2,0.22,0.0,6.98,8.24
2024-01-11,22:00,22,11,1,3,0,10.0,80.9,3,High,8.24,8.45,0.84,0.2,0.28,0.0,4.69,6.01
2024-01-11,23:00,23,11,1,3,0,10.0,89.6,4,Low,6.01,7.61,0.46,0.19,0.35,0.0,2.73,3.73
2024-01-12,00:00,0,12,1,4,0,10.0,87.9,5,Low,3.73,5.99,0.46,0.2,0.12,0.0,1.89,2.67
2024-01-12,01:00,1,12,1,4,0,10.0,84.4,2,Low,2.67,4.14,0.46,0.21,0.1,0.0,1.14,1.91
2024-01-12,02:00,2,12,1,4,0,10.0,81.9,1,Low,1.91,2.77,0.46,0.2,0.09,0.0,0.42,1.17
2024-01-12,03:00,3,12,1,4,0,10.0,84.0,3,Low,1.17,1.92,0.46,0.19,0.1,0.0,1.01,1.76
2024-01-12,04:00,4,12,1,4,0,10.0,80.9,4,Low,1.76,1.61,0.46,0.2,0.11,0.0,1.43,2.2
2024-01-12,05:00,5,12,1,4,0,10.0,77.7,5,Low,2.2,1.71,0.46,0.2,0.12,0.0,1.97,2.75
2024-01-12,06:00,6,12,1,4,0,10.0,79.8,4,Medium,2.75,2.24,0.62,0.21,0.11,0.0,3.51,4.45
2024-01-12,07:00,7,12,1,4,0,10.0,79.7,3,Medium,4.45,3.13,0.62,0.22,0.1,0.0,3.78,4.72
2024-01-12,08:00,8,12,1,4,0,10.0,86.6,3,Medium,4.72,3.97,0.62,0.21,0.1,0.0,3.72,4.65
2024-01-12,09:00,9,12,1,4,0,10.0,82.3,1,High,4.65,4.61,0.84,0.2,0.09,0.0,2.91,4.04
2024-01-12,10:00,10,12,1,4,0,10.4,78.7,2,Medium,4.04,4.47,0.58,0.2,0.1,0.0,2.19,3.07
2024-01-12,11:00,11,12,1,4,0,12.9,83.1,1,Medium,3.07,3.92,0.32,0.21,0.09,0.0,1.78,2.4
2024-01-12,12:00,12,12,1,4,0,12.7,84.4,2,High,2.4,3.17,0.46,0.21,0.1,0.0,2.05,2.82
2024-01-12,13:00,13,12,1,4,0,14.0,85.7,2,Low,2.82,2.76,0.15,0.21,0.1,0.0,1.75,2.21
2024-01-12,14:00,14,12,1,4,0,14.6,74.1,2,Low,2.21,2.48,0.11,0.22,0.1,0.0,1.33,1.76
2024-01-12,15:00,15,12,1,4,0,14.4,76.4,1,High,1.76,2.26,0.22,0.19,0.09,0.0,1.9,2.4
2024-01-12,16:00,16,12,1,4,0,15.7,71.9,1,High,2.4,2.12,0.04,0.2,0.09,0.0,2.21,2.54
2024-01-12,17:00,17,12,1,4,0,12.2,76.1,3,Medium,2.54,2.23,0.39,0.19,0.1,0.0,4.78,5.46
2024-01-12,18:00,18,12,1,4,0,12.4,90.5,4,High,5.46,3.47,0.5,0.22,0.35,0.0,6.8,7.87
2024-01-12,19:00,19,12,1,4,0,10.3,83.3,4,Medium,7.87,5.29,0.59,0.21,0.35,0.0,6.22,7.37
2024-01-12,20:00,20,12,1,4,0,10.0,80.6,3,High,7.37,6.9,0.84,0.21,0.28,0.85,6.46,8.64
2024-01-12,21:00,21,12,1,4,0,10.0,82.0,2,Medium,8.64,7.96,0.62,0.21,0.22,0.0,5.8,6.85
2024-01-12,22:00,22,12,1,4,0,10.0,89.1,3,High,6.85,7.62,0.84,0.19,0.28,0.0,4.33,5.64
2024-01-12,23:00,23,12,1,4,0,10.0,78.3,3,Low,5.64,7.04,0.46,0.22,0.28,0.0,2.81,3.77
2024-01-13,00:00,0,13,1,5,1,10.0,81.1,3,Low,3.77,5.42,0.46,0.2,0.1,0.0,1.65,2.41
2024-01-13,01:00,1,13,1,5,1,10.0,87.1,5,Low,2.41,3.94,0.46,0.21,0.12,0.0,1.35,2.14
2024-01-13,02:00,2,13,1,5,1,10.0,87.4,3,Low,2.14,2.77,0.46,0.19,0.1,0.0,1.36,2.11
2024-01-13,03:00,3,13,1,5,1,10.0,76.2,5,Low,2.11,2.22,0.46,0.2,0.12,0.0,1.1,1.88
2024-01-13,04:00,4,13,1,5,1,10.0,82.6,4,Low,1.88,2.04,0.46,0.2,0.11,0.0,1.44,2.21
2024-01-13,05:00,5,13,1,5,1,10.0,83.8,4,Low,2.21,2.07,0.46,0.22,0.11,0.0,1.42,2.21
2024-01-13,06:00,6,13,1,5,1,10.0,87.3,4,Low,2.21,2.1,0.46,0.21,0.11,0.0,2.66,3.44
2024-01-13,07:00,7,13,1,5,1,10.0,82.1,1,Medium,3.44,2.62,0.62,0.21,0.09,0.0,3.04,3.96
2024-01-13,08:00,8,13,1,5,1,10.0,78.7,4,Low,3.96,3.2,0.46,0.21,0.11,0.0,3.11,3.89
2024-01-13,09:00,9,13,1,5,1,10.6,81.9,4,Low,3.89,3.76,0.41,0.22,0.11,0.0,2.59,3.33
2024-01-13,10:00,10,13,1,5,1,11.1,86.3,2,Medium,3.33,3.73,0.51,0.21,0.1,0.0,2.81,3.63
2024-01-13,11:00,11,13,1,5,1,13.0,80.2,3,Medium,3.63,3.62,0.31,0.2,0.1,0.0,3.24,3.85
2024-01-13,12:00,12,13,1,5,1,13.8,83.9,5,Medium,3.85,3.6,0.23,0.21,0.12,0.0,3.74,4.3
2024-01-13,13:00,13,13,1,5,1,15.9,76.2,2,Low,4.3,3.93,0.01,0.21,0.1,0.0,2.13,2.45
2024-01-13,14:00,14,13,1,5,1,14.1,80.3,4,Medium,2.45,3.53,0.2,0.2,0.11,0.0,2.96,3.47
2024-01-13,15:00,15,13,1,5,1,13.6,76.2,2,Low,3.47,3.41,0.18,0.2,0.1,0.0,2.23,2.71
2024-01-13,16:00,16,13,1,5,1,11.5,80.9,4,Low,2.71,2.88,0.34,0.19,0.11,0.0,2.32,2.96
2024-01-13,17:00,17,13,1,5,1,12.3,79.0,4,Medium,2.96,3.05,0.38,0.2,0.11,0.0,4.87,5.56
2024-01-13,18:00,18,13,1,5,1,10.8,84.7,2,High,5.56,3.74,0.73,0.22,0.22,0.0,6.54,7.71
2024-01-13,19:00,19,13,1,5,1,10.0,90.6,5,Medium,7.71,5.41,0.62,0.2,0.42,0.0,6.08,7.32
2024-01-13,20:00,20,13,1,5,1,10.0,76.7,5,High,7.32,6.86,0.84,0.22,0.42,0.85,6.96,9.29
2024-01-13,21:00,21,13,1,5,1,10.0,81.1,3,Low,9.29,8.11,0.46,0.21,0.28,0.0,5.08,6.03
2024-01-13,22:00,22,13,1,5,1,10.0,79.4,3,Medium,6.03,7.55,0.62,0.19,0.28,0.0,3.59,4.68
2024-01-13,23:00,23,13,1,5,1,10.0,82.1,5,Medium,4.68,6.67,0.62,0.2,0.42,0.0,3.15,4.39
2024-01-14,00:00,0,14,1,6,1,10.0,83.1,4,Low,4.39,5.03,0.46,0.21,0.11,0.0,2.1,2.88
2024-01-14,01:00,1,14,1,6,1,10.0,83.2,2,Low,2.88,3.98,0.46,0.2,0.1,0.0,1.11,1.87
2024-01-14,02:00,2,14,1,6,1,10.0,75.5,4,Low,1.87,3.05,0.46,0.2,0.11,0.0,1.33,2.1
2024-01-14,03:00,3,14,1,6,1,10.0,86.4,4,Low,2.1,2.28,0.46,0.2,0.11,0.0,1.6,2.37
2024-01-14,04:00,4,14,1,6,1,10.0,86.7,3,Low,2.37,2.11,0.46,0.21,0.1,0.0,1.52,2.29
2024-01-14,05:00,5,14,1,6,1,10.0,75.7,4,Low,2.29,2.25,0.46,0.21,0.11,0.0,1.27,2.05
2024-01-14,06:00,6,14,1,6,1,10.0,87.5,3,Low,2.05,2.24,0.46,0.19,0.1,0.0,2.25,3.0
2024-01-14,07:00,7,14,1,6,1,10.0,88.2,3,Low,3.0,2.45,0.46,0.2,0.1,0.0,2.9,3.66
2024-01-14,08:00,8,14,1,6,1,10.0,89.5,3,Medium,3.66,2.9,0.62,0.19,0.1,0.0,3.95,4.86
2024-01-14,09:00,9,14,1,6,1,10.0,81.1,3,High,4.86,3.84,0.84,0.19,0.1,0.0,4.23,5.36
2024-01-14,10:00,10,14,1,6,1,10.9,80.4,2,Low,5.36,4.63,0.39,0.22,0.1,0.0,2.36,3.07
2024-01-14,11:00,11,14,1,6,1,11.8,83.6,4,Medium,3.07,4.43,0.43,0.2,0.11,0.0,3.08,3.82
2024-01-14,12:00,12,14,1,6,1,13.1,81.1,3,Low,3.82,4.08,0.22,0.21,0.1,0.0,2.5,3.03
2024-01-14,13:00,13,14,1,6,1,12.4,82.7,3,Low,3.03,3.31,0.28,0.2,0.1,0.0,2.36,2.94
2024-01-14,14:00,14,14,1,6,1,13.8,76.6,3,High,2.94,3.26,0.31,0.19,0.1,0.0,3.93,4.53
2024-01-14,15:00,15,14,1,6,1,11.6,89.4,3,Medium,4.53,3.5,0.46,0.22,0.1,0.0,3.11,3.89
2024-01-14,16:00,16,14,1,6,1,14.5,85.4,4,Low,3.89,3.79,0.11,0.21,0.11,0.0,2.63,3.06
2024-01-14,17:00,17,14,1,6,1,11.6,82.1,3,High,3.06,3.83,0.61,0.21,0.1,0.0,6.41,7.33
2024-01-14,18:00,18,14,1,6,1,11.3,80.1,3,High,7.33,4.76,0.66,0.22,0.28,0.0,7.19,8.35
2024-01-14,19:00,19,14,1,6,1,10.0,87.5,4,Medium,8.35,6.25,0.62,0.2,0.35,0.0,6.1,7.27
2024-01-14,20:00,20,14,1,6,1,10.0,88.5,3,High,7.27,7.65,0.84,0.21,0.28,0.85,6.56,8.74
2024-01-14,21:00,21,14,1,6,1,10.0,85.2,3,Medium,8.74,8.12,0.62,0.2,0.28,0.0,6.08,7.18
2024-01-14,22:00,22,14,1,6,1,10.0,71.2,4,High,7.18,7.73,0.84,0.21,0.35,0.0,4.94,6.34
2024-01-14,23:00,23,14,1,6,1,10.0,79.9,3,Low,6.34,7.42,0.46,0.2,0.28,0.0,2.87,3.81
2024-01-15,00:00,0,15,1,0,0,10.0,85.1,2,Low,3.81,5.78,0.46,0.21,0.1,0.0,1.59,2.36
2024-01-15,01:00,1,15,1,0,0,10.0,84.7,4,Low,2.36,4.17,0.46,0.21,0.11,0.0,1.31,2.09
2024-01-15,02:00,2,15,1,0,0,10.0,87.3,1,Low,2.09,2.75,0.46,0.2,0.09,0.0,0.87,1.62
2024-01-15,03:00,3,15,1,0,0,10.0,82.2,2,Low,1.62,2.02,0.46,0.22,0.1,0.0,0.82,1.6
2024-01-15,04:00,4,15,1,0,0,10.0,83.9,1,Low,1.6,1.77,0.46,0.19,0.09,0.0,0.91,1.65
2024-01-15,05:00,5,15,1,0,0,10.0,82.4,2,Low,1.65,1.62,0.46,0.2,0.1,0.0,0.81,1.57
2024-01-15,06:00,6,15,1,0,0,10.0,82.2,2,Medium,1.57,1.61,0.62,0.21,0.1,0.0,2.85,3.78
2024-01-15,07:00,7,15,1,0,0,10.0,88.4,2,High,3.78,2.33,0.84,0.2,0.1,0.0,4.13,5.27
2024-01-15,08:00,8,15,1,0,0,10.2,87.7,1,Medium,5.27,3.54,0.6,0.21,0.09,0.0,3.71,4.61
2024-01-15,09:00,9,15,1,0,0,10.2,87.0,1,High,4.61,4.55,0.81,0.2,0.09,0.0,3.15,4.25
2024-01-15,10:00,10,15,1,0,0,10.2,81.1,2,Low,4.25,4.71,0.44,0.2,0.1,0.0,1.8,2.54
2024-01-15,11:00,11,15,1,0,0,12.3,78.9,2,Low,2.54,3.8,0.28,0.21,0.1,0.0,1.5,2.09
2024-01-15,12:00,12,15,1,0,0,12.4,78.9,1,Low,2.09,2.96,0.28,0.22,0.09,0.0,1.39,1.98
2024-01-15,13:00,13,15,1,0,0,13.0,82.8,1,High,1.98,2.2,0.42,0.21,0.09,0.0,1.96,2.68
2024-01-15,14:00,14,15,1,0,0,11.1,81.1,2,Medium,2.68,2.25,0.51,0.21,0.1,0.0,2.0,2.82
2024-01-15,15:00,15,15,1,0,0,12.8,80.0,1,Low,2.82,2.49,0.24,0.21,0.09,0.0,1.44,1.98
2024-01-15,16:00,16,15,1,0,0,13.0,77.6,4,Medium,1.98,2.49,0.31,0.2,0.11,0.0,1.91,2.53
2024-01-15,17:00,17,15,1,0,0,12.0,78.6,2,Medium,2.53,2.44,0.41,0.22,0.1,0.0,4.44,5.17
2024-01-15,18:00,18,15,1,0,0,11.7,76.4,3,High,5.17,3.23,0.6,0.2,0.28,0.0,6.85,7.93
2024-01-15,19:00,19,15,1,0,0,11.5,82.7,4,Medium,7.93,5.21,0.47,0.2,0.35,0.0,5.84,6.86
2024-01-15,20:00,20,15,1,0,0,10.0,85.6,4,Medium,6.86,6.65,0.62,0.22,0.35,0.0,5.4,6.59
2024-01-15,21:00,21,15,1,0,0,10.0,82.1,3,Medium,6.59,7.13,0.62,0.21,0.28,0.0,5.34,6.45
2024-01-15,22:00,22,15,1,0,0,10.0,81.9,5,High,6.45,6.63,0.84,0.21,0.42,0.0,4.84,6.31
2024-01-15,23:00,23,15,1,0,0,10.0,84.8,2,Low,6.31,6.45,0.46,0.21,0.22,0.0,2.68,3.57
2024-01-16,00:00,0,16,1,1,0,10.0,80.7,1,Low,3.57,5.44,0.46,0.2,0.09,0.0,1.29,2.04
2024-01-16,01:00,1,16,1,1,0,10.0,87.0,5,Low,2.04,3.97,0.46,0.19,0.12,0.0,1.27,2.04
2024-01-16,02:00,2,16,1,1,0,10.0,84.0,4,Low,2.04,2.55,0.46,0.19,0.11,0.0,1.07,1.83
2024-01-16,03:00,3,16,1,1,0,10.0,80.0,3,Low,1.83,1.97,0.46,0.2,0.1,0.0,1.0,1.76
2024-01-16,04:00,4,16,1,1,0,10.0,83.9,5,Low,1.76,1.88,0.46,0.2,0.12,0.0,1.19,1.97
2024-01-16,05:00,5,16,1,1,0,10.0,84.4,4,Low,1.97,1.85,0.46,0.19,0.11,0.0,1.16,1.92
2024-01-16,06:00,6,16,1,1,0,10.0,87.6,3,Medium,1.92,1.88,0.62,0.2,0.1,0.0,3.27,4.19
2024-01-16,07:00,7,16,1,1,0,10.0,86.9,4,Low,4.19,2.69,0.46,0.19,0.11,0.0,3.09,3.85
2024-01-16,08:00,8,16,1,1,0,10.0,91.4,2,High,3.85,3.32,0.84,0.21,0.1,0.0,4.37,5.52
2024-01-16,09:00,9,16,1,1,0,10.0,82.2,2,Medium,5.52,4.52,0.62,0.2,0.1,0.0,2.57,3.49
2024-01-16,10:00,10,16,1,1,0,10.0,81.9,1,Medium,3.49,4.29,0.62,0.2,0.09,0.0,2.01,2.92
2024-01-16,11:00,11,16,1,1,0,12.7,73.4,1,Medium,2.92,3.98,0.34,0.21,0.09,0.0,1.84,2.48
2024-01-16,12:00,12,16,1,1,0,13.7,78.6,2,Low,2.48,2.96,0.18,0.21,0.1,0.0,1.28,1.77
2024-01-16,13:00,13,16,1,1,0,14.8,73.4,1,Medium,1.77,2.39,0.12,0.19,0.09,0.0,1.59,1.99
2024-01-16,14:00,14,16,1,1,0,12.5,82.4,1,Medium,1.99,2.08,0.36,0.19,0.09,0.0,1.53,2.17
2024-01-16,15:00,15,16,1,1,0,12.7,88.2,1,Low,2.17,1.98,0.25,0.22,0.09,0.0,1.18,1.74
2024-01-16,16:00,16,16,1,1,0,12.4,85.4,1,Medium,1.74,1.97,0.37,0.2,0.09,0.0,1.51,2.17
2024-01-16,17:00,17,16,1,1,0,12.9,76.8,1,Low,2.17,2.03,0.24,0.2,0.09,0.0,3.29,3.82
2024-01-16,18:00,18,16,1,1,0,11.0,78.0,2,Low,3.82,2.58,0.38,0.2,0.22,0.0,3.63,4.43
2024-01-16,19:00,19,16,1,1,0,10.0,83.4,3,High,4.43,3.47,0.84,0.21,0.28,0.85,5.74,7.92
2024-01-16,20:00,20,16,1,1,0,10.0,77.7,4,High,7.92,5.39,0.84,0.2,0.35,0.85,7.0,9.24
2024-01-16,21:00,21,16,1,1,0,10.0,77.2,3,Medium,9.24,7.2,0.62,0.22,0.28,0.0,6.16,7.28
2024-01-16,22:00,22,16,1,1,0,10.0,83.8,4,High,7.28,8.15,0.84,0.21,0.35,0.0,4.81,6.21
2024-01-16,23:00,23,16,1,1,0,10.0,75.9,3,Low,6.21,7.58,0.46,0.21,0.28,0.0,2.8,3.75
2024-01-17,00:00,0,17,1,2,0,10.0,83.1,5,Low,3.75,5.75,0.46,0.2,0.12,0.0,1.72,2.5
2024-01-17,01:00,1,17,1,2,0,10.0,87.9,4,Low,2.5,4.15,0.46,0.2,0.11,0.0,1.61,2.38
2024-01-17,02:00,2,17,1,2,0,10.0,79.1,4,Low,2.38,2.88,0.46,0.21,0.11,0.0,1.56,2.34
2024-01-17,03:00,3,17,1,2,0,10.0,88.8,3,Low,2.34,2.41,0.46,0.21,0.1,0.0,0.95,1.72
2024-01-17,04:00,4,17,1,2,0,10.0,85.1,4,Low,1.72,2.15,0.46,0.2,0.11,0.0,1.38,2.15
2024-01-17,05:00,5,17,1,2,0,10.0,86.9,2,Low,2.15,2.07,0.46,0.21,0.1,0.0,1.2,1.97
2024-01-17,06:00,6,17,1,2,0,10.0,82.3,4,Medium,1.97,1.95,0.62,0.21,0.11,0.0,3.52,4.46
2024-01-17,07:00,7,17,1,2,0,10.0,85.7,2,High,4.46,2.86,0.84,0.2,0.1,0.0,4.6,5.74
2024-01-17,08:00,8,17,1,2,0,10.0,86.1,4,Medium,5.74,4.06,0.62,0.19,0.11,0.0,3.9,4.82
2024-01-17,09:00,9,17,1,2,0,10.0,85.8,1,Low,4.82,5.01,0.46,0.19,0.09,0.0,2.07,2.81
2024-01-17,10:00,10,17,1,2,0,10.0,81.6,2,Medium,2.81,4.46,0.62,0.22,0.1,0.0,2.26,3.2
2024-01-17,11:00,11,17,1,2,0,12.3,82.2,1,Low,3.2,3.61,0.28,0.22,0.09,0.0,1.38,1.97
2024-01-17,12:00,12,17,1,2,0,12.6,76.4,1,High,1.97,2.66,0.47,0.21,0.09,0.0,1.89,2.66
2024-01-17,13:00,13,17,1,2,0,14.7,82.2,3,Low,2.66,2.61,0.1,0.19,0.1,0.0,1.73,2.12
2024-01-17,14:00,14,17,1,2,0,11.9,82.4,1,Low,2.12,2.25,0.31,0.2,0.09,0.0,1.45,2.05
2024-01-17,15:00,15,17,1,2,0,12.8,77.5,2,Low,2.05,2.28,0.24,0.2,0.1,0.0,1.05,1.59
2024-01-17,16:00,16,17,1,2,0,13.4,80.9,2,Medium,1.59,1.92,0.27,0.19,0.1,0.0,1.93,2.49
2024-01-17,17:00,17,17,1,2,0,11.6,77.2,1,High,2.49,2.04,0.61,0.21,0.09,0.0,5.43,6.34
2024-01-17,18:00,18,17,1,2,0,10.7,78.5,4,High,6.34,3.47,0.74,0.2,0.35,0.0,6.99,8.28
2024-01-17,19:00,19,17,1,2,0,10.0,82.7,2,Medium,8.28,5.7,0.62,0.22,0.22,0.0,5.51,6.57
2024-01-17,20:00,20,17,1,2,0,10.0,83.7,1,High,6.57,7.06,0.84,0.21,0.15,0.85,5.75,7.8
2024-01-17,21:00,21,17,1,2,0,10.0,77.8,1,High,7.8,7.55,0.84,0.21,0.15,0.0,7.02,8.22
2024-01-17,22:00,22,17,1,2,0,10.0,89.2,2,Medium,8.22,7.53,0.62,0.21,0.22,0.0,3.66,4.71
2024-01-17,23:00,23,17,1,2,0,10.0,87.2,3,Low,4.71,6.91,0.46,0.2,0.28,0.0,2.6,3.54
2024-01-18,00:00,0,18,1,3,0,10.0,82.8,3,Low,3.54,5.49,0.46,0.22,0.1,0.0,1.66,2.44
2024-01-18,01:00,1,18,1,3,0,10.0,79.5,4,Low,2.44,3.56,0.46,0.2,0.11,0.0,1.43,2.2
2024-01-18,02:00,2,18,1,3,0,10.0,76.6,4,Low,2.2,2.73,0.46,0.21,0.11,0.0,1.69,2.47
2024-01-18,03:00,3,18,1,3,0,10.0,86.2,1,Low,2.47,2.37,0.46,0.22,0.09,0.0,0.8,1.57
2024-01-18,04:00,4,18,1,3,0,10.0,80.2,2,Low,1.57,2.08,0.46,0.21,0.1,0.0,0.89,1.66
2024-01-18,05:00,5,18,1,3,0,10.0,89.5,1,Low,1.66,1.9,0.46,0.22,0.09,0.0,0.96,1.73
2024-01-18,06:00,6,18,1,3,0,10.0,84.9,5,Medium,1.73,1.65,0.62,0.21,0.12,0.0,3.76,4.71
2024-01-18,07:00,7,18,1,3,0,10.0,79.9,3,High,4.71,2.7,0.84,0.21,0.1,0.0,4.88,6.03
2024-01-18,08:00,8,18,1,3,0,10.0,77.5,4,Medium,6.03,4.16,0.62,0.2,0.11,0.0,4.78,5.71
2024-01-18,09:00,9,18,1,3,0,10.0,80.6,1,Medium,5.71,5.48,0.62,0.19,0.09,0.0,2.8,3.7
2024-01-18,10:00,10,18,1,3,0,10.3,86.1,1,Low,3.7,5.15,0.44,0.2,0.09,0.0,1.49,2.22
2024-01-18,11:00,11,18,1,3,0,12.2,78.4,2,Low,2.22,3.88,0.29,0.19,0.1,0.0,1.67,2.25
2024-01-18,12:00,12,18,1,3,0,14.1,79.4,2,Medium,2.25,2.72,0.2,0.2,0.1,0.0,1.62,2.12
2024-01-18,13:00,13,18,1,3,0,12.5,91.8,1,Low,2.12,2.2,0.27,0.21,0.09,0.0,1.44,2.01
2024-01-18,14:00,14,18,1,3,0,14.7,76.3,4,Low,2.01,2.13,0.1,0.22,0.11,0.0,1.76,2.19
2024-01-18,15:00,15,18,1,3,0,13.8,77.5,1,Medium,2.19,2.11,0.23,0.22,0.09,0.0,1.41,1.95
2024-01-18,16:00,16,18,1,3,0,14.3,79.8,3,Medium,1.95,2.05,0.18,0.21,0.1,0.0,1.74,2.23
2024-01-18,17:00,17,18,1,3,0,12.7,82.0,1,Low,2.23,2.12,0.25,0.19,0.09,0.0,3.01,3.54
2024-01-18,18:00,18,18,1,3,0,12.2,84.0,3,Medium,3.54,2.57,0.39,0.2,0.28,0.0,4.71,5.58
2024-01-18,19:00,19,18,1,3,0,10.1,82.0,3,High,5.58,3.78,0.82,0.19,0.28,0.85,5.89,8.03
2024-01-18,20:00,20,18,1,3,0,10.0,80.7,2,High,8.03,5.72,0.84,0.2,0.22,0.85,5.94,8.05
2024-01-18,21:00,21,18,1,3,0,10.0,90.5,4,Medium,8.05,7.22,0.62,0.2,0.35,0.0,6.1,7.27
2024-01-18,22:00,22,18,1,3,0,10.0,86.7,3,Medium,7.27,7.78,0.62,0.19,0.28,0.0,3.58,4.67
2024-01-18,23:00,23,18,1,3,0,10.0,79.0,3,High,4.67,6.66,0.84,0.21,0.28,0.0,3.87,5.2
2024-01-19,00:00,0,19,1,4,0,10.0,82.8,4,Low,5.2,5.71,0.46,0.21,0.11,0.0,2.59,3.37
2024-01-19,01:00,1,19,1,4,0,10.0,78.6,1,Low,3.37,4.41,0.46,0.21,0.09,0.0,1.36,2.12
2024-01-19,02:00,2,19,1,4,0,10.0,84.6,4,Low,2.12,3.56,0.46,0.2,0.11,0.0,1.56,2.33
2024-01-19,03:00,3,19,1,4,0,10.0,84.3,4,Low,2.33,2.61,0.46,0.19,0.11,0.0,1.38,2.14
2024-01-19,04:00,4,19,1,4,0,10.0,81.2,5,Low,2.14,2.2,0.46,0.22,0.12,0.0,1.65,2.45
2024-01-19,05:00,5,19,1,4,0,10.0,83.8,1,Low,2.45,2.31,0.46,0.21,0.09,0.0,0.88,1.64
2024-01-19,06:00,6,19,1,4,0,10.0,85.5,2,Low,1.64,2.08,0.46,0.2,0.1,0.0,2.11,2.87
2024-01-19,07:00,7,19,1,4,0,10.0,86.6,4,Low,2.87,2.32,0.46,0.21,0.11,0.0,2.98,3.76
2024-01-19,08:00,8,19,1,4,0,10.0,83.0,4,High,3.76,2.76,0.84,0.21,0.11,0.0,5.17,6.33
2024-01-19,09:00,9,19,1,4,0,10.1,83.2,1,Medium,6.33,4.32,0.61,0.21,0.09,0.0,2.88,3.79
2024-01-19,10:00,10,19,1,4,0,10.5,80.5,3,Medium,3.79,4.63,0.57,0.21,0.1,0.0,2.51,3.39
2024-01-19,11:00,11,19,1,4,0,14.0,79.0,2,Low,3.39,4.5,0.15,0.21,0.1,0.0,1.86,2.32
2024-01-19,12:00,12,19,1,4,0,12.2,77.8,1,Low,2.32,3.17,0.29,0.21,0.09,0.0,1.42,2.01
2024-01-19,13:00,13,19,1,4,0,13.6,75.0,2,Medium,2.01,2.57,0.25,0.2,0.1,0.0,2.03,2.58
2024-01-19,14:00,14,19,1,4,0,12.7,83.3,3,Medium,2.58,2.3,0.34,0.21,0.1,0.0,1.95,2.6
2024-01-19,15:00,15,19,1,4,0,13.1,81.1,1,Medium,2.6,2.4,0.3,0.21,0.09,0.0,1.45,2.05
2024-01-19,16:00,16,19,1,4,0,12.4,82.4,1,Medium,2.05,2.41,0.37,0.2,0.09,0.0,1.48,2.14
2024-01-19,17:00,17,19,1,4,0,12.2,81.8,1,Medium,2.14,2.26,0.39,0.22,0.09,0.0,3.87,4.57
2024-01-19,18:00,18,19,1,4,0,10.6,85.2,5,High,4.57,2.92,0.75,0.21,0.42,0.0,6.89,8.27
2024-01-19,19:00,19,19,1,4,0,10.3,85.7,4,High,8.27,4.99,0.8,0.19,0.35,0.85,6.94,9.13
2024-01-19,20:00,20,19,1,4,0,10.0,82.0,1,Medium,9.13,7.32,0.62,0.21,0.15,0.0,5.53,6.51
2024-01-19,21:00,21,19,1,4,0,10.0,85.5,4,Low,6.51,7.97,0.46,0.21,0.35,0.0,4.69,5.71
2024-01-19,22:00,22,19,1,4,0,10.0,87.1,4,High,5.71,7.12,0.84,0.2,0.35,0.0,4.57,5.96
2024-01-19,23:00,23,19,1,4,0,10.0,85.0,5,High,5.96,6.06,0.84,0.21,0.42,0.0,4.26,5.73
2024-01-20,00:00,0,20,1,5,1,10.0,86.5,4,Low,5.73,5.8,0.46,0.21,0.11,0.0,2.61,3.39
2024-01-20,01:00,1,20,1,5,1,10.0,85.2,2,Low,3.39,5.03,0.46,0.21,0.1,0.0,1.34,2.11
2024-01-20,02:00,2,20,1,5,1,10.0,88.4,3,Low,2.11,3.74,0.46,0.2,0.1,0.0,1.43,2.19
2024-01-20,03:00,3,20,1,5,1,10.0,81.4,4,Low,2.19,2.56,0.46,0.2,0.11,0.0,1.72,2.49
2024-01-20,04:00,4,20,1,5,1,10.0,86.4,4,Low,2.49,2.26,0.46,0.2,0.11,0.0,1.47,2.24
2024-01-20,05:00,5,20,1,5,1,10.0,78.6,4,Low,2.24,2.31,0.46,0.22,0.11,0.0,1.32,2.11
2024-01-20,06:00,6,20,1,5,1,10.0,89.3,3,Low,2.11,2.28,0.46,0.21,0.1,0.0,2.26,3.03
2024-01-20,07:00,7,20,1,5,1,10.0,78.5,5,High,3.03,2.46,0.84,0.21,0.12,0.0,5.12,6.29
2024-01-20,08:00,8,20,1,5,1,10.0,80.5,5,Low,6.29,3.81,0.46,0.2,0.12,0.0,3.83,4.61
2024-01-20,09:00,9,20,1,5,1,10.0,80.9,5,High,4.61,4.64,0.84,0.22,0.12,0.0,4.68,5.86
2024-01-20,10:00,10,20,1,5,1,10.8,79.1,2,Low,5.86,5.59,0.4,0.19,0.1,0.0,2.52,3.21
2024-01-20,11:00,11,20,1,5,1,12.0,79.6,5,Medium,3.21,4.56,0.41,0.2,0.12,0.0,3.34,4.07
2024-01-20,12:00,12,20,1,5,1,14.2,75.4,3,Low,4.07,4.38,0.14,0.2,0.1,0.0,2.46,2.9
2024-01-20,13:00,13,20,1,5,1,13.1,77.5,3,Medium,2.9,3.39,0.3,0.2,0.1,0.0,2.91,3.51
2024-01-20,14:00,14,20,1,5,1,14.0,74.8,3,Medium,3.51,3.49,0.21,0.21,0.1,0.0,3.07,3.59
2024-01-20,15:00,15,20,1,5,1,12.5,81.4,3,Medium,3.59,3.33,0.36,0.2,0.1,0.0,2.87,3.53
2024-01-20,16:00,16,20,1,5,1,14.3,75.6,2,Medium,3.53,3.54,0.18,0.21,0.1,0.0,2.91,3.4
2024-01-20,17:00,17,20,1,5,1,14.2,79.9,3,Medium,3.4,3.51,0.19,0.22,0.1,0.0,4.95,5.46
2024-01-20,18:00,18,20,1,5,1,10.7,85.5,2,High,5.46,4.13,0.74,0.22,0.22,0.0,5.91,7.09
2024-01-20,19:00,19,20,1,5,1,10.0,86.8,3,Medium,7.09,5.32,0.62,0.21,0.28,0.0,5.57,6.68
2024-01-20,20:00,20,20,1,5,1,10.0,81.8,5,Medium,6.68,6.41,0.62,0.21,0.42,0.0,5.77,7.02
2024-01-20,21:00,21,20,1,5,1,10.0,84.2,3,High,7.02,6.93,0.84,0.21,0.28,0.0,6.85,8.18
2024-01-20,22:00,22,20,1,5,1,10.0,79.7,3,Medium,8.18,7.29,0.62,0.22,0.28,0.0,3.91,5.03
2024-01-20,23:00,23,20,1,5,1,10.0,78.6,3,Medium,5.03,6.74,0.62,0.19,0.28,0.0,3.11,4.2
2024-01-21,00:00,0,21,1,6,1,10.0,83.8,4,Low,4.2,5.8,0.46,0.2,0.11,0.0,1.68,2.45
2024-01-21,01:00,1,21,1,6,1,10.0,81.6,3,Low,2.45,3.89,0.46,0.22,0.1,0.0,1.37,2.15
2024-01-21,02:00,2,21,1,6,1,10.0,87.9,4,Low,2.15,2.93,0.46,0.19,0.11,0.0,1.0,1.76
2024-01-21,03:00,3,21,1,6,1,10.0,86.3,1,Low,1.76,2.12,0.46,0.2,0.09,0.0,0.81,1.56
2024-01-21,04:00,4,21,1,6,1,10.0,82.3,3,Low,1.56,1.82,0.46,0.2,0.1,0.0,0.97,1.73
2024-01-21,05:00,5,21,1,6,1,10.0,90.8,5,Low,1.73,1.68,0.46,0.2,0.12,0.0,1.17,1.95
2024-01-21,06:00,6,21,1,6,1,10.0,84.5,1,Low,1.95,1.75,0.46,0.22,0.09,0.0,2.49,3.26
2024-01-21,07:00,7,21,1,6,1,10.0,85.0,2,Low,3.26,2.31,0.46,0.2,0.1,0.0,3.26,4.02
2024-01-21,08:00,8,21,1,6,1,10.0,84.1,1,Medium,4.02,3.08,0.62,0.2,0.09,0.0,3.3,4.21
2024-01-21,09:00,9,21,1,6,1,10.0,81.3,4,Medium,4.21,3.83,0.62,0.19,0.11,0.0,3.23,4.15
2024-01-21,10:00,10,21,1,6,1,10.1,85.9,4,Medium,4.15,4.13,0.61,0.19,0.11,0.0,3.3,4.21
2024-01-21,11:00,11,21,1,6,1,12.0,81.0,4,Low,4.21,4.19,0.31,0.19,0.11,0.0,2.96,3.57
2024-01-21,12:00,12,21,1,6,1,13.3,80.0,5,Low,3.57,3.98,0.21,0.22,0.12,0.0,2.48,3.03
2024-01-21,13:00,13,21,1,6,1,15.2,73.2,3,High,3.03,3.6,0.11,0.21,0.1,0.0,3.92,4.34
2024-01-21,14:00,14,21,1,6,1,15.1,82.8,5,Low,4.34,3.65,0.07,0.2,0.12,0.0,2.88,3.27
2024-01-21,15:00,15,21,1,6,1,12.8,83.6,5,Low,3.27,3.55,0.24,0.22,0.12,0.0,2.53,3.11
2024-01-21,16:00,16,21,1,6,1,13.6,74.1,2,High,3.11,3.57,0.33,0.2,0.1,0.0,3.21,3.84
2024-01-21,17:00,17,21,1,6,1,12.3,85.1,4,Medium,3.84,3.41,0.38,0.21,0.11,0.0,5.36,6.06
2024-01-21,18:00,18,21,1,6,1,10.0,90.0,3,High,6.06,4.34,0.84,0.21,0.28,0.0,6.85,8.18
2024-01-21,19:00,19,21,1,6,1,10.3,79.3,2,Medium,8.18,6.03,0.59,0.21,0.22,0.0,5.64,6.66
2024-01-21,20:00,20,21,1,6,1,10.0,80.7,3,Medium,6.66,6.97,0.62,0.2,0.28,0.0,5.68,6.78
2024-01-21,21:00,21,21,1,6,1,10.0,86.6,3,High,6.78,7.21,0.84,0.22,0.28,0.0,7.09,8.43
2024-01-21,22:00,22,21,1,6,1,10.0,88.1,4,High,8.43,7.29,0.84,0.19,0.35,0.0,5.02,6.4
2024-01-21,23:00,23,21,1,6,1,10.0,78.5,2,High,6.4,7.2,0.84,0.19,0.22,0.0,4.4,5.65
2024-01-22,00:00,0,22,1,0,0,10.0,85.4,1,Low,5.65,6.83,0.46,0.2,0.09,0.0,1.62,2.37
2024-01-22,01:00,1,22,1,0,0,10.0,76.0,5,Low,2.37,4.81,0.46,0.22,0.12,0.0,1.67,2.47
2024-01-22,02:00,2,22,1,0,0,10.0,79.6,1,Low,2.47,3.5,0.46,0.2,0.09,0.0,0.92,1.67
2024-01-22,03:00,3,22,1,0,0,10.0,77.3,3,Low,1.67,2.17,0.46,0.21,0.1,0.0,1.21,1.98
2024-01-22,04:00,4,22,1,0,0,10.0,88.3,3,Low,1.98,2.04,0.46,0.2,0.1,0.0,1.08,1.84
2024-01-22,05:00,5,22,1,0,0,10.0,82.7,3,Low,1.84,1.83,0.46,0.2,0.1,0.0,1.0,1.76
2024-01-22,06:00,6,22,1,0,0,10.0,81.1,4,Low,1.76,1.86,0.46,0.19,0.11,0.0,2.57,3.33
2024-01-22,07:00,7,22,1,0,0,10.0,83.8,3,Low,3.33,2.31,0.46,0.2,0.1,0.0,2.81,3.57
2024-01-22,08:00,8,22,1,0,0,10.0,79.1,5,Medium,3.57,2.89,0.62,0.19,0.12,0.0,3.97,4.9
2024-01-22,09:00,9,22,1,0,0,10.0,85.4,2,Low,4.9,3.93,0.46,0.21,0.1,0.0,2.09,2.86
2024-01-22,10:00,10,22,1,0,0,12.4,78.8,2,Medium,2.86,3.78,0.37,0.2,0.1,0.0,1.88,2.55
2024-01-22,11:00,11,22,1,0,0,11.9,87.7,2,Low,2.55,3.44,0.31,0.2,0.1,0.0,1.33,1.94
2024-01-22,12:00,12,22,1,0,0,13.6,77.3,1,Medium,1.94,2.45,0.25,0.2,0.09,0.0,1.55,2.09
2024-01-22,13:00,13,22,1,0,0,15.0,84.0,4,Low,2.09,2.19,0.08,0.22,0.11,0.0,1.66,2.07
2024-01-22,14:00,14,22,1,0,0,14.3,80.6,2,Medium,2.07,2.03,0.18,0.2,0.1,0.0,2.13,2.61
2024-01-22,15:00,15,22,1,0,0,14.2,81.1,1,Medium,2.61,2.26,0.19,0.22,0.09,0.0,1.78,2.28
2024-01-22,16:00,16,22,1,0,0,10.8,77.6,3,Low,2.28,2.32,0.4,0.2,0.1,0.0,2.0,2.7
2024-01-22,17:00,17,22,1,0,0,10.0,75.7,1,Low,2.7,2.53,0.46,0.22,0.09,0.0,3.4,4.17
2024-01-22,18:00,18,22,1,0,0,10.9,83.6,4,Medium,4.17,3.05,0.53,0.2,0.35,0.0,5.31,6.39
2024-01-22,19:00,19,22,1,0,0,10.0,89.6,3,Medium,6.39,4.42,0.62,0.2,0.28,0.0,5.67,6.77
2024-01-22,20:00,20,22,1,0,0,10.0,85.3,2,High,6.77,5.78,0.84,0.2,0.22,0.85,5.94,8.05
2024-01-22,21:00,21,22,1,0,0,10.0,84.6,1,Medium,8.05,7.07,0.62,0.19,0.15,0.0,5.64,6.6
2024-01-22,22:00,22,22,1,0,0,10.0,89.6,2,Medium,6.6,7.14,0.62,0.22,0.22,0.0,3.21,4.27
2024-01-22,23:00,23,22,1,0,0,10.0,82.4,1,Low,4.27,6.31,0.46,0.2,0.15,0.0,2.22,3.03
2024-01-23,00:00,0,23,1,1,0,10.0,81.4,1,Low,3.03,4.63,0.46,0.21,0.09,0.0,1.11,1.87
2024-01-23,01:00,1,23,1,1,0,10.0,84.4,3,Low,1.87,3.06,0.46,0.21,0.1,0.0,1.13,1.9
2024-01-23,02:00,2,23,1,1,0,10.0,81.9,3,Low,1.9,2.27,0.46,0.21,0.1,0.0,1.13,1.9
2024-01-23,03:00,3,23,1,1,0,10.0,80.6,2,Low,1.9,1.89,0.46,0.22,0.1,0.0,1.1,1.88
2024-01-23,04:00,4,23,1,1,0,10.0,79.4,2,Low,1.88,1.89,0.46,0.2,0.1,0.0,0.48,1.24
2024-01-23,05:00,5,23,1,1,0,10.0,85.7,2,Low,1.24,1.67,0.46,0.21,0.1,0.0,0.4,1.17
2024-01-23,06:00,6,23,1,1,0,10.0,84.8,2,Low,1.17,1.43,0.46,0.19,0.1,0.0,2.35,3.1
2024-01-23,07:00,7,23,1,1,0,10.0,82.6,3,Low,3.1,1.84,0.46,0.2,0.1,0.0,2.6,3.36
2024-01-23,08:00,8,23,1,1,0,10.0,80.0,3,Medium,3.36,2.54,0.62,0.21,0.1,0.0,3.6,4.53
2024-01-23,09:00,9,23,1,1,0,10.7,77.7,2,Medium,4.53,3.66,0.55,0.2,0.1,0.0,2.33,3.18
2024-01-23,10:00,10,23,1,1,0,12.1,87.8,3,Low,3.18,3.69,0.3,0.2,0.1,0.0,1.56,2.16
2024-01-23,11:00,11,23,1,1,0,14.4,80.6,3,Low,2.16,3.29,0.12,0.21,0.1,0.0,1.21,1.64
2024-01-23,12:00,12,23,1,1,0,13.5,83.9,2,Low,1.64,2.33,0.19,0.2,0.1,0.0,1.38,1.87
2024-01-23,13:00,13,23,1,1,0,12.9,83.1,1,Medium,1.87,1.89,0.32,0.21,0.09,0.0,1.59,2.21
2024-01-23,14:00,14,23,1,1,0,14.9,84.2,1,Low,2.21,1.91,0.08,0.2,0.09,0.0,1.39,1.76
2024-01-23,15:00,15,23,1,1,0,12.6,85.4,1,Low,1.76,1.95,0.26,0.21,0.09,0.0,1.25,1.81
2024-01-23,16:00,16,23,1,1,0,12.2,85.4,1,High,1.81,1.93,0.53,0.19,0.09,0.0,1.91,2.72
2024-01-23,17:00,17,23,1,1,0,12.2,76.1,1,Low,2.72,2.1,0.29,0.21,0.09,0.0,3.62,4.21
2024-01-23,18:00,18,23,1,1,0,11.2,85.3,3,High,4.21,2.91,0.67,0.2,0.28,0.0,6.47,7.62
2024-01-23,19:00,19,23,1,1,0,10.0,82.3,2,High,7.62,4.85,0.84,0.21,0.22,0.85,6.34,8.46
2024-01-23,20:00,20,23,1,1,0,10.0,84.2,4,High,8.46,6.76,0.84,0.19,0.35,0.85,6.87,9.1
2024-01-23,21:00,21,23,1,1,0,10.0,79.5,3,High,9.1,8.39,0.84,0.19,0.28,0.0,7.55,8.86
2024-01-23,22:00,22,23,1,1,0,10.0,87.7,3,High,8.86,8.81,0.84,0.2,0.28,0.0,4.67,5.99
2024-01-23,23:00,23,23,1,1,0,10.0,86.5,2,Low,5.99,7.98,0.46,0.2,0.22,0.0,2.74,3.62
2024-01-24,00:00,0,24,1,2,0,10.0,83.5,5,Low,3.62,6.16,0.46,0.21,0.12,0.0,1.73,2.52
2024-01-24,01:00,1,24,1,2,0,10.0,88.7,3,Low,2.52,4.04,0.46,0.19,0.1,0.0,1.04,1.79
2024-01-24,02:00,2,24,1,2,0,10.0,81.8,2,Low,1.79,2.64,0.46,0.22,0.1,0.0,1.22,2.0
2024-01-24,03:00,3,24,1,2,0,10.0,80.8,2,Low,2.0,2.1,0.46,0.21,0.1,0.0,1.2,1.97
2024-01-24,04:00,4,24,1,2,0,10.0,87.5,2,Low,1.97,1.92,0.46,0.21,0.1,0.0,1.05,1.82
2024-01-24,05:00,5,24,1,2,0,10.0,87.1,4,Low,1.82,1.93,0.46,0.21,0.11,0.0,1.43,2.21
2024-01-24,06:00,6,24,1,2,0,10.0,84.8,1,Low,2.21,2.0,0.46,0.2,0.09,0.0,2.33,3.08
2024-01-24,07:00,7,24,1,2,0,10.0,82.8,3,Medium,3.08,2.37,0.62,0.19,0.1,0.0,3.27,4.18
2024-01-24,08:00,8,24,1,2,0,10.0,79.4,3,Medium,4.18,3.16,0.62,0.2,0.1,0.0,4.08,5.0
2024-01-24,09:00,9,24,1,2,0,10.0,86.7,3,High,5.0,4.09,0.84,0.21,0.1,0.0,3.04,4.19
2024-01-24,10:00,10,24,1,2,0,12.7,74.4,1,Low,4.19,4.46,0.25,0.22,0.09,0.0,1.37,1.93
2024-01-24,11:00,11,24,1,2,0,13.2,75.1,2,Low,1.93,3.71,0.21,0.2,0.1,0.0,1.56,2.07
2024-01-24,12:00,12,24,1,2,0,14.0,77.7,1,Low,2.07,2.73,0.15,0.19,0.09,0.0,1.21,1.64
2024-01-24,13:00,13,24,1,2,0,14.2,78.3,1,Medium,1.64,1.88,0.19,0.2,0.09,0.0,1.08,1.56
2024-01-24,14:00,14,24,1,2,0,12.6,73.1,1,High,1.56,1.76,0.47,0.2,0.09,0.0,2.19,2.95
2024-01-24,15:00,15,24,1,2,0,12.5,77.9,2,High,2.95,2.05,0.49,0.22,0.1,0.0,2.54,3.35
2024-01-24,16:00,16,24,1,2,0,13.1,74.5,2,Medium,3.35,2.62,0.3,0.2,0.1,0.0,1.94,2.54
2024-01-24,17:00,17,24,1,2,0,11.8,82.9,1,Low,2.54,2.95,0.32,0.21,0.09,0.0,3.11,3.73
2024-01-24,18:00,18,24,1,2,0,11.3,85.5,2,High,3.73,3.21,0.66,0.22,0.22,0.0,6.09,7.19
2024-01-24,19:00,19,24,1,2,0,10.0,76.7,2,Medium,7.19,4.49,0.62,0.21,0.22,0.0,5.36,6.41
2024-01-24,20:00,20,24,1,2,0,10.0,89.0,4,Low,6.41,5.78,0.46,0.21,0.35,0.0,4.62,5.64
2024-01-24,21:00,21,24,1,2,0,10.0,83.8,2,High,5.64,6.41,0.84,0.2,0.22,0.0,6.56,7.82
2024-01-24,22:00,22,24,1,2,0,10.0,72.9,3,High,7.82,6.62,0.84,0.22,0.28,0.0,4.78,6.12
2024-01-24,23:00,23,24,1,2,0,10.0,80.3,3,Medium,6.12,6.53,0.62,0.19,0.28,0.0,3.27,4.36
2024-01-25,00:00,0,25,1,3,0,10.0,83.8,3,Low,4.36,6.1,0.46,0.21,0.1,0.0,1.65,2.42
2024-01-25,01:00,1,25,1,3,0,10.0,84.3,3,Low,2.42,4.3,0.46,0.21,0.1,0.0,1.5,2.27
2024-01-25,02:00,2,25,1,3,0,10.0,87.4,4,Low,2.27,3.02,0.46,0.21,0.11,0.0,1.49,2.27
2024-01-25,03:00,3,25,1,3,0,10.0,77.6,3,Low,2.27,2.32,0.46,0.2,0.1,0.0,1.35,2.11
2024-01-25,04:00,4,25,1,3,0,10.0,80.5,4,Low,2.11,2.22,0.46,0.19,0.11,0.0,1.5,2.26
2024-01-25,05:00,5,25,1,3,0,10.0,78.1,2,Low,2.26,2.21,0.46,0.2,0.1,0.0,1.05,1.81
2024-01-25,06:00,6,25,1,3,0,10.0,80.8,3,Medium,1.81,2.06,0.62,0.21,0.1,0.0,3.08,4.01
2024-01-25,07:00,7,25,1,3,0,10.0,89.8,4,Medium,4.01,2.69,0.62,0.19,0.11,0.0,4.24,5.16
2024-01-25,08:00,8,25,1,3,0,10.0,77.7,3,Low,5.16,3.66,0.46,0.19,0.1,0.0,3.12,3.87
2024-01-25,09:00,9,25,1,3,0,10.5,82.0,1,Medium,3.87,4.35,0.57,0.2,0.09,0.0,1.99,2.85
2024-01-25,10:00,10,25,1,3,0,12.2,71.9,1,Low,2.85,3.96,0.29,0.2,0.09,0.0,1.21,1.79
2024-01-25,11:00,11,25,1,3,0,14.4,76.3,1,Low,1.79,2.84,0.12,0.22,0.09,0.0,1.11,1.54
2024-01-25,12:00,12,25,1,3,0,15.0,79.7,1,Low,1.54,2.06,0.08,0.21,0.09,0.0,1.18,1.56
2024-01-25,13:00,13,25,1,3,0,15.0,80.3,1,Low,1.56,1.63,0.08,0.21,0.09,0.0,1.06,1.44
2024-01-25,14:00,14,25,1,3,0,14.1,78.3,1,Low,1.44,1.51,0.15,0.21,0.09,0.0,0.93,1.38
2024-01-25,15:00,15,25,1,3,0,15.1,83.7,2,Medium,1.38,1.46,0.09,0.19,0.1,0.0,1.3,1.68
2024-01-25,16:00,16,25,1,3,0,12.2,82.1,1,Medium,1.68,1.5,0.39,0.19,0.09,0.0,1.51,2.18
2024-01-25,17:00,17,25,1,3,0,12.3,76.4,1,Low,2.18,1.75,0.28,0.22,0.09,0.0,3.44,4.03
2024-01-25,18:00,18,25,1,3,0,10.3,77.9,3,High,4.03,2.63,0.8,0.21,0.28,0.0,6.59,7.88
2024-01-25,19:00,19,25,1,3,0,10.0,82.6,3,High,7.88,4.7,0.84,0.21,0.28,0.85,6.27,8.45
2024-01-25,20:00,20,25,1,3,0,10.0,82.4,4,High,8.45,6.79,0.84,0.21,0.35,0.85,6.97,9.22
2024-01-25,21:00,21,25,1,3,0,10.0,85.7,3,Medium,9.22,8.52,0.62,0.2,0.28,0.0,6.44,7.54
2024-01-25,22:00,22,25,1,3,0,10.0,93.0,2,Low,7.54,8.4,0.46,0.19,0.22,0.0,3.18,4.05
2024-01-25,23:00,23,25,1,3,0,10.0,85.6,2,Medium,4.05,6.94,0.62,0.21,0.22,0.0,2.67,3.72
2024-01-26,00:00,0,26,1,4,0,10.0,87.8,3,Low,3.72,5.1,0.46,0.22,0.1,0.0,1.64,2.42
2024-01-26,01:00,1,26,1,4,0,10.0,88.0,3,Low,2.42,3.4,0.46,0.22,0.1,0.0,1.35,2.13
2024-01-26,02:00,2,26,1,4,0,10.0,84.1,2,Low,2.13,2.76,0.46,0.21,0.1,0.0,0.9,1.67
2024-01-26,03:00,3,26,1,4,0,10.0,76.8,3,Low,1.67,2.07,0.46,0.19,0.1,0.0,1.44,2.19
2024-01-26,04:00,4,26,1,4,0,10.0,77.8,2,Low,2.19,2.0,0.46,0.19,0.1,0.0,1.31,2.06
2024-01-26,05:00,5,26,1,4,0,10.0,88.3,4,Low,2.06,1.97,0.46,0.19,0.11,0.0,1.58,2.34
2024-01-26,06:00,6,26,1,4,0,10.0,77.1,3,Medium,2.34,2.2,0.62,0.19,0.1,0.0,3.4,4.31
2024-01-26,07:00,7,26,1,4,0,10.0,84.3,2,Medium,4.31,2.9,0.62,0.22,0.1,0.0,3.47,4.41
2024-01-26,08:00,8,26,1,4,0,10.5,82.4,2,High,4.41,3.69,0.77,0.2,0.1,0.0,4.38,5.45
2024-01-26,09:00,9,26,1,4,0,10.0,83.1,3,Medium,5.45,4.72,0.62,0.21,0.1,0.0,2.85,3.78
2024-01-26,10:00,10,26,1,4,0,10.0,81.9,2,Medium,3.78,4.55,0.62,0.2,0.1,0.0,2.2,3.12
2024-01-26,11:00,11,26,1,4,0,10.5,90.0,2,Low,3.12,4.12,0.42,0.2,0.1,0.0,1.46,2.18
2024-01-26,12:00,12,26,1,4,0,13.9,75.8,3,Low,2.18,3.03,0.16,0.19,0.1,0.0,1.29,1.74
2024-01-26,13:00,13,26,1,4,0,12.4,76.2,1,Low,1.74,2.35,0.28,0.22,0.09,0.0,1.11,1.7
2024-01-26,14:00,14,26,1,4,0,14.9,75.4,3,Medium,1.7,1.87,0.11,0.21,0.1,0.0,1.94,2.36
2024-01-26,15:00,15,26,1,4,0,14.0,78.2,2,Medium,2.36,1.93,0.21,0.2,0.1,0.0,1.46,1.97
2024-01-26,16:00,16,26,1,4,0,13.6,79.9,1,High,1.97,2.01,0.33,0.21,0.09,0.0,2.21,2.84
2024-01-26,17:00,17,26,1,4,0,13.2,78.6,3,Low,2.84,2.39,0.21,0.21,0.1,0.0,3.69,4.21
2024-01-26,18:00,18,26,1,4,0,10.0,86.3,4,Medium,4.21,3.01,0.62,0.22,0.35,0.0,5.01,6.2
2024-01-26,19:00,19,26,1,4,0,11.7,76.5,4,High,6.2,4.42,0.6,0.21,0.35,0.85,6.22,8.23
2024-01-26,20:00,20,26,1,4,0,11.0,82.9,3,High,8.23,6.21,0.7,0.22,0.28,0.85,6.48,8.53
2024-01-26,21:00,21,26,1,4,0,10.0,87.9,3,High,8.53,7.65,0.84,0.19,0.28,0.0,7.73,9.04
2024-01-26,22:00,22,26,1,4,0,10.0,82.1,1,High,9.04,8.6,0.84,0.2,0.15,0.0,4.16,5.35
2024-01-26,23:00,23,26,1,4,0,10.0,82.4,4,Low,5.35,7.64,0.46,0.19,0.35,0.0,2.7,3.7
2024-01-27,00:00,0,27,1,5,1,10.0,83.2,3,Low,3.7,6.03,0.46,0.2,0.1,0.0,1.66,2.42
2024-01-27,01:00,1,27,1,5,1,10.0,83.1,3,Low,2.42,3.82,0.46,0.22,0.1,0.0,1.46,2.24
2024-01-27,02:00,2,27,1,5,1,10.0,82.6,4,Low,2.24,2.79,0.46,0.21,0.11,0.0,1.09,1.87
2024-01-27,03:00,3,27,1,5,1,10.0,85.0,4,Low,1.87,2.18,0.46,0.2,0.11,0.0,1.22,1.99
2024-01-27,04:00,4,27,1,5,1,10.0,79.7,3,Low,1.99,2.03,0.46,0.2,0.1,0.0,1.33,2.09
2024-01-27,05:00,5,27,1,5,1,10.0,77.4,1,Low,2.09,1.98,0.46,0.22,0.09,0.0,0.81,1.58
2024-01-27,06:00,6,27,1,5,1,10.0,85.1,2,Low,1.58,1.89,0.46,0.19,0.1,0.0,2.13,2.88
2024-01-27,07:00,7,27,1,5,1,10.0,74.3,3,Medium,2.88,2.18,0.62,0.19,0.1,0.0,3.44,4.35
2024-01-27,08:00,8,27,1,5,1,10.0,81.2,3,Medium,4.35,2.94,0.62,0.22,0.1,0.0,3.95,4.89
2024-01-27,09:00,9,27,1,5,1,10.0,84.1,3,High,4.89,4.04,0.84,0.2,0.1,0.0,4.23,5.37
2024-01-27,10:00,10,27,1,5,1,11.3,81.5,5,Low,5.37,4.87,0.36,0.21,0.12,0.0,2.89,3.58
2024-01-27,11:00,11,27,1,5,1,11.6,85.1,1,Low,3.58,4.61,0.34,0.2,0.09,0.0,2.01,2.64
2024-01-27,12:00,12,27,1,5,1,11.1,83.6,3,Low,2.64,3.86,0.37,0.2,0.1,0.0,2.18,2.85
2024-01-27,13:00,13,27,1,5,1,14.9,76.5,3,Low,2.85,3.02,0.08,0.21,0.1,0.0,2.16,2.55
2024-01-27,14:00,14,27,1,5,1,14.4,74.2,2,Low,2.55,2.68,0.12,0.21,0.1,0.0,2.08,2.51
2024-01-27,15:00,15,27,1,5,1,13.2,81.5,2,High,2.51,2.64,0.39,0.21,0.1,0.0,3.26,3.96
2024-01-27,16:00,16,27,1,5,1,13.0,80.2,3,Low,3.96,3.01,0.23,0.19,0.1,0.0,2.68,3.2
2024-01-27,17:00,17,27,1,5,1,10.0,79.4,3,Medium,3.2,3.22,0.62,0.21,0.1,0.0,4.94,5.87
2024-01-27,18:00,18,27,1,5,1,10.0,84.7,3,Low,5.87,4.34,0.46,0.2,0.28,0.0,4.11,5.05
2024-01-27,19:00,19,27,1,5,1,10.0,81.5,2,Medium,5.05,4.71,0.62,0.19,0.22,0.0,4.98,6.01
2024-01-27,20:00,20,27,1,5,1,10.0,84.1,5,Medium,6.01,5.64,0.62,0.2,0.42,0.0,5.89,7.13
2024-01-27,21:00,21,27,1,5,1,10.0,87.7,2,Medium,7.13,6.06,0.62,0.21,0.22,0.0,5.58,6.63
2024-01-27,22:00,22,27,1,5,1,10.0,81.4,4,High,6.63,6.59,0.84,0.2,0.35,0.0,4.42,5.81
2024-01-27,23:00,23,27,1,5,1,10.0,86.9,4,Medium,5.81,6.52,0.62,0.21,0.35,0.0,3.15,4.33
2024-01-28,00:00,0,28,1,6,1,10.0,77.3,4,Low,4.33,5.59,0.46,0.19,0.11,0.0,2.16,2.92
2024-01-28,01:00,1,28,1,6,1,10.0,78.6,2,Low,2.92,4.35,0.46,0.2,0.1,0.0,1.47,2.23
2024-01-28,02:00,2,28,1,6,1,10.0,82.2,2,Low,2.23,3.16,0.46,0.19,0.1,0.0,1.09,1.84
2024-01-28,03:00,3,28,1,6,1,10.0,84.9,2,Low,1.84,2.33,0.46,0.2,0.1,0.0,0.96,1.72
2024-01-28,04:00,4,28,1,6,1,10.0,89.6,5,Low,1.72,1.93,0.46,0.19,0.12,0.0,1.18,1.95
2024-01-28,05:00,5,28,1,6,1,10.0,82.0,3,Low,1.95,1.84,0.46,0.2,0.1,0.0,1.29,2.05
2024-01-28,06:00,6,28,1,6,1,10.0,84.0,1,Low,2.05,1.91,0.46,0.22,0.09,0.0,2.22,2.99
2024-01-28,07:00,7,28,1,6,1,10.0,75.6,5,Medium,2.99,2.33,0.62,0.2,0.12,0.0,3.67,4.61
2024-01-28,08:00,8,28,1,6,1,10.0,86.4,4,High,4.61,3.22,0.84,0.2,0.11,0.0,5.34,6.49
2024-01-28,09:00,9,28,1,6,1,10.0,88.6,4,High,6.49,4.7,0.84,0.19,0.11,0.0,5.05,6.19
2024-01-28,10:00,10,28,1,6,1,13.0,75.6,3,Medium,6.19,5.76,0.31,0.21,0.1,0.0,3.49,4.11
2024-01-28,11:00,11,28,1,6,1,12.8,74.0,3,Medium,4.11,5.6,0.33,0.2,0.1,0.0,3.23,3.86
2024-01-28,12:00,12,28,1,6,1,13.1,81.5,3,High,3.86,4.72,0.4,0.2,0.1,0.0,3.8,4.5
2024-01-28,13:00,13,28,1,6,1,14.8,76.2,1,Low,4.5,4.16,0.09,0.2,0.09,0.0,2.28,2.66
2024-01-28,14:00,14,28,1,6,1,15.2,78.6,4,Low,2.66,3.67,0.06,0.21,0.11,0.0,2.6,2.98
2024-01-28,15:00,15,28,1,6,1,14.6,77.7,3,Medium,2.98,3.38,0.14,0.22,0.1,0.0,2.95,3.41
2024-01-28,16:00,16,28,1,6,1,12.8,76.5,4,Medium,3.41,3.02,0.33,0.2,0.11,0.0,3.43,4.07
2024-01-28,17:00,17,28,1,6,1,12.1,82.6,2,Medium,4.07,3.49,0.4,0.21,0.1,0.0,4.92,5.63
2024-01-28,18:00,18,28,1,6,1,13.6,81.0,2,Medium,5.63,4.37,0.25,0.22,0.22,0.0,5.21,5.9
2024-01-28,19:00,19,28,1,6,1,10.0,80.1,5,High,5.9,5.2,0.84,0.21,0.42,0.85,6.79,9.11
2024-01-28,20:00,20,28,1,6,1,10.0,84.5,3,High,9.11,6.88,0.84,0.2,0.28,0.85,6.61,8.78
2024-01-28,21:00,21,28,1,6,1,10.0,84.4,4,High,8.78,7.93,0.84,0.21,0.35,0.0,7.81,9.21
2024-01-28,22:00,22,28,1,6,1,10.0,78.8,4,High,9.21,9.03,0.84,0.21,0.35,0.0,4.74,6.14
2024-01-28,23:00,23,28,1,6,1,10.0,85.2,2,Low,6.14,8.04,0.46,0.21,0.22,0.0,2.53,3.42
2024-01-29,00:00,0,29,1,0,0,10.0,81.1,3,Low,3.42,6.26,0.46,0.21,0.1,0.0,1.16,1.93
2024-01-29,01:00,1,29,1,0,0,10.0,82.9,2,Low,1.93,3.83,0.46,0.19,0.1,0.0,0.93,1.68
2024-01-29,02:00,2,29,1,0,0,10.0,84.4,3,Low,1.68,2.34,0.46,0.21,0.1,0.0,1.1,1.87
2024-01-29,03:00,3,29,1,0,0,10.0,82.6,3,Low,1.87,1.83,0.46,0.19,0.1,0.0,0.87,1.62
2024-01-29,04:00,4,29,1,0,0,10.0,85.5,2,Low,1.62,1.72,0.46,0.19,0.1,0.0,0.77,1.52
2024-01-29,05:00,5,29,1,0,0,10.0,87.7,2,Low,1.52,1.67,0.46,0.19,0.1,0.0,0.88,1.63
2024-01-29,06:00,6,29,1,0,0,10.0,77.3,3,Low,1.63,1.59,0.46,0.19,0.1,0.0,2.26,3.01
2024-01-29,07:00,7,29,1,0,0,10.0,89.4,2,Medium,3.01,2.05,0.62,0.2,0.1,0.0,3.36,4.28
2024-01-29,08:00,8,29,1,0,0,10.0,86.8,2,High,4.28,2.97,0.84,0.21,0.1,0.0,4.62,5.77
2024-01-29,09:00,9,29,1,0,0,10.0,76.5,1,High,5.77,4.35,0.84,0.21,0.09,0.0,3.0,4.14
2024-01-29,10:00,10,29,1,0,0,10.9,83.5,2,Low,4.14,4.73,0.39,0.19,0.1,0.0,1.92,2.6
2024-01-29,11:00,11,29,1,0,0,13.1,85.1,1,High,2.6,4.17,0.4,0.22,0.09,0.85,1.38,2.94
2024-01-29,12:00,12,29,1,0,0,12.1,81.8,1,Low,2.94,3.23,0.3,0.2,0.09,0.0,1.57,2.16
2024-01-29,13:00,13,29,1,0,0,15.1,79.2,1,Low,2.16,2.57,0.07,0.19,0.09,0.0,1.12,1.47
2024-01-29,14:00,14,29,1,0,0,13.6,70.7,1,High,1.47,2.19,0.33,0.21,0.09,0.0,1.82,2.45
2024-01-29,15:00,15,29,1,0,0,13.4,85.6,1,Low,2.45,2.03,0.2,0.21,0.09,0.0,0.95,1.45
2024-01-29,16:00,16,29,1,0,0,14.2,78.3,1,Medium,1.45,1.79,0.19,0.2,0.09,0.0,1.43,1.91
2024-01-29,17:00,17,29,1,0,0,12.7,79.3,1,Medium,1.91,1.94,0.34,0.22,0.09,0.0,4.14,4.79
2024-01-29,18:00,18,29,1,0,0,11.7,78.6,4,Low,4.79,2.72,0.33,0.22,0.35,0.0,3.83,4.73
2024-01-29,19:00,19,29,1,0,0,10.0,88.4,5,Medium,4.73,3.81,0.62,0.2,0.42,0.0,5.52,6.76
2024-01-29,20:00,20,29,1,0,0,10.0,83.9,5,Medium,6.76,5.43,0.62,0.21,0.42,0.0,5.74,6.99
2024-01-29,21:00,21,29,1,0,0,10.0,89.5,2,Low,6.99,6.16,0.46,0.2,0.22,0.0,4.32,5.2
2024-01-29,22:00,22,29,1,0,0,10.0,78.8,3,Low,5.2,6.32,0.46,0.2,0.28,0.0,2.81,3.75
2024-01-29,23:00,23,29,1,0,0,10.0,80.1,3,Low,3.75,5.31,0.46,0.21,0.28,0.0,2.44,3.39
2024-01-30,00:00,0,30,1,1,0,10.0,81.4,5,Low,3.39,4.11,0.46,0.21,0.12,0.0,1.98,2.77
2024-01-30,01:00,1,30,1,1,0,10.0,88.4,4,Low,2.77,3.3,0.46,0.2,0.11,0.0,1.59,2.36
2024-01-30,02:00,2,30,1,1,0,10.0,82.6,3,Low,2.36,2.84,0.46,0.19,0.1,0.0,1.27,2.02
2024-01-30,03:00,3,30,1,1,0,10.0,74.2,4,Low,2.02,2.38,0.46,0.21,0.11,0.0,1.57,2.35
2024-01-30,04:00,4,30,1,1,0,10.0,83.3,5,Low,2.35,2.24,0.46,0.22,0.12,0.0,1.51,2.31
2024-01-30,05:00,5,30,1,1,0,10.0,79.2,2,Low,2.31,2.23,0.46,0.21,0.1,0.0,0.98,1.75
2024-01-30,06:00,6,30,1,1,0,10.0,82.4,2,Low,1.75,2.14,0.46,0.22,0.1,0.0,1.92,2.7
2024-01-30,07:00,7,30,1,1,0,10.0,90.3,5,Low,2.7,2.25,0.46,0.21,0.12,0.0,2.8,3.59
2024-01-30,08:00,8,30,1,1,0,10.0,80.7,1,Low,3.59,2.68,0.46,0.21,0.09,0.0,2.46,3.22
2024-01-30,09:00,9,30,1,1,0,10.0,81.3,2,Low,3.22,3.17,0.46,0.22,0.1,0.0,1.62,2.4
2024-01-30,10:00,10,30,1,1,0,12.5,70.3,1,Low,2.4,3.07,0.27,0.21,0.09,0.0,1.24,1.81
2024-01-30,11:00,11,30,1,1,0,13.1,67.2,1,High,1.81,2.48,0.4,0.21,0.09,0.85,1.2,2.75
2024-01-30,12:00,12,30,1,1,0,12.0,76.7,1,High,2.75,2.32,0.56,0.19,0.09,0.0,2.05,2.89
2024-01-30,13:00,13,30,1,1,0,14.0,80.2,1,Low,2.89,2.48,0.15,0.2,0.09,0.0,0.9,1.34
2024-01-30,14:00,14,30,1,1,0,15.0,69.6,3,Low,1.34,2.33,0.08,0.2,0.1,0.0,1.28,1.66
2024-01-30,15:00,15,30,1,1,0,13.8,85.9,2,High,1.66,1.96,0.31,0.21,0.1,0.0,2.1,2.72
2024-01-30,16:00,16,30,1,1,0,10.3,86.0,1,High,2.72,1.91,0.8,0.2,0.09,0.0,2.65,3.74
2024-01-30,17:00,17,30,1,1,0,12.2,87.8,1,High,3.74,2.71,0.53,0.2,0.09,0.0,6.01,6.83
2024-01-30,18:00,18,30,1,1,0,10.3,84.7,3,Medium,6.83,4.43,0.59,0.21,0.28,0.0,5.56,6.64
2024-01-30,19:00,19,30,1,1,0,11.4,74.0,4,Medium,6.64,5.74,0.48,0.21,0.35,0.0,5.82,6.86
2024-01-30,20:00,20,30,1,1,0,10.0,91.8,3,High,6.86,6.78,0.84,0.21,0.28,0.85,6.43,8.61
2024-01-30,21:00,21,30,1,1,0,10.0,79.7,1,High,8.61,7.37,0.84,0.22,0.15,0.0,7.32,8.53
2024-01-30,22:00,22,30,1,1,0,10.0,81.8,5,Medium,8.53,8.0,0.62,0.2,0.42,0.0,4.58,5.82
2024-01-30,23:00,23,30,1,1,0,10.0,82.5,3,Low,5.82,7.65,0.46,0.2,0.28,0.0,2.57,3.51
2024-01-31,00:00,0,31,1,2,0,10.0,79.1,5,Low,3.51,5.95,0.46,0.22,0.12,0.0,2.22,3.02
2024-01-31,01:00,1,31,1,2,0,10.0,86.1,4,Low,3.02,4.12,0.46,0.19,0.11,0.0,1.4,2.16
2024-01-31,02:00,2,31,1,2,0,10.0,83.7,3,Low,2.16,2.9,0.46,0.19,0.1,0.0,1.33,2.08
2024-01-31,03:00,3,31,1,2,0,10.0,82.4,2,Low,2.08,2.42,0.46,0.22,0.1,0.0,1.24,2.02
2024-01-31,04:00,4,31,1,2,0,10.0,76.9,3,Low,2.02,2.09,0.46,0.2,0.1,0.0,1.01,1.77
2024-01-31,05:00,5,31,1,2,0,10.0,89.6,2,Low,1.77,1.96,0.46,0.2,0.1,0.0,0.84,1.6
2024-01-31,06:00,6,31,1,2,0,10.0,85.9,1,Low,1.6,1.8,0.46,0.22,0.09,0.0,2.24,3.01
2024-01-31,07:00,7,31,1,2,0,10.0,81.4,3,Medium,3.01,2.13,0.62,0.21,0.1,0.0,3.59,4.52
2024-01-31,08:00,8,31,1,2,0,10.0,82.6,2,Medium,4.52,3.04,0.62,0.2,0.1,0.0,3.76,4.68
2024-01-31,09:00,9,31,1,2,0,10.0,89.8,2,High,4.68,4.07,0.84,0.21,0.1,0.0,2.87,4.02
2024-01-31,10:00,10,31,1,2,0,11.9,81.5,1,Medium,4.02,4.41,0.42,0.2,0.09,0.0,2.02,2.73
2024-01-31,11:00,11,31,1,2,0,10.1,86.6,1,Medium,2.73,3.81,0.61,0.19,0.09,0.0,1.77,2.66
2024-01-31,12:00,12,31,1,2,0,13.1,73.0,1,Low,2.66,3.14,0.22,0.2,0.09,0.0,1.16,1.67
2024-01-31,13:00,13,31,1,2,0,12.8,81.3,1,Medium,1.67,2.35,0.33,0.21,0.09,0.0,1.59,2.22
2024-01-31,14:00,14,31,1,2,0,14.4,74.4,2,Medium,2.22,2.18,0.17,0.19,0.1,0.0,2.12,2.58
2024-01-31,15:00,15,31,1,2,0,10.8,79.4,1,Low,2.58,2.16,0.4,0.19,0.09,0.0,1.39,2.07
2024-01-31,16:00,16,31,1,2,0,14.4,80.3,1,Low,2.07,2.29,0.12,0.2,0.09,0.0,1.23,1.64
2024-01-31,17:00,17,31,1,2,0,13.5,80.0,3,Medium,1.64,2.1,0.26,0.19,0.1,0.0,4.34,4.89
2024-01-31,18:00,18,31,1,2,0,10.3,81.0,2,Medium,4.89,2.87,0.59,0.21,0.22,0.0,5.14,6.16
2024-01-31,19:00,19,31,1,2,0,10.0,84.3,2,High,6.16,4.23,0.84,0.22,0.22,0.85,5.73,7.86
2024-01-31,20:00,20,31,1,2,0,10.0,79.1,5,Low,7.86,6.3,0.46,0.22,0.42,0.0,5.0,6.1
2024-01-31,21:00,21,31,1,2,0,10.0,84.9,3,Medium,6.1,6.71,0.62,0.22,0.28,0.0,5.58,6.7
2024-01-31,22:00,22,31,1,2,0,10.0,86.4,1,Medium,6.7,6.89,0.62,0.19,0.15,0.0,3.13,4.09
2024-01-31,23:00,23,31,1,2,0,10.0,78.8,5,Medium,4.09,5.63,0.62,0.21,0.42,0.0,2.66,3.91
2024-02-01,00:00,0,1,2,3,0,10.0,74.1,3,Low,3.91,4.9,0.46,0.2,0.1,0.0,1.89,2.65
2024-02-01,01:00,1,1,2,3,0,10.0,80.0,3,Low,2.65,3.55,0.46,0.21,0.1,0.0,1.27,2.04
2024-02-01,02:00,2,1,2,3,0,10.0,74.1,1,Low,2.04,2.87,0.46,0.2,0.09,0.0,0.79,1.54
2024-02-01,03:00,3,1,2,3,0,10.0,84.2,2,Low,1.54,2.08,0.46,0.22,0.1,0.0,0.6,1.38
2024-02-01,04:00,4,1,2,3,0,10.0,85.7,1,Low,1.38,1.65,0.46,0.21,0.09,0.0,0.37,1.13
2024-02-01,05:00,5,1,2,3,0,10.0,83.8,3,Low,1.13,1.35,0.46,0.2,0.1,0.0,0.91,1.67
2024-02-01,06:00,6,1,2,3,0,10.0,84.2,1,Low,1.67,1.39,0.46,0.2,0.09,0.0,1.91,2.66
2024-02-01,07:00,7,1,2,3,0,10.0,76.8,1,High,2.66,1.82,0.84,0.21,0.09,0.0,3.91,5.05
2024-02-01,08:00,8,1,2,3,0,10.6,86.9,2,Medium,5.05,3.13,0.56,0.22,0.1,0.0,3.76,4.64
2024-02-01,09:00,9,1,2,3,0,10.2,83.2,1,Low,4.64,4.12,0.44,0.21,0.09,0.0,1.93,2.67
2024-02-01,10:00,10,1,2,3,0,14.2,80.1,2,Medium,2.67,4.12,0.19,0.2,0.1,0.0,2.02,2.51
2024-02-01,11:00,11,1,2,3,0,14.4,72.1,4,Low,2.51,3.27,0.12,0.19,0.11,0.0,1.99,2.41
2024-02-01,12:00,12,1,2,3,0,13.8,80.7,1,Medium,2.41,2.53,0.23,0.21,0.09,0.0,1.56,2.09
2024-02-01,13:00,13,1,2,3,0,15.0,80.5,1,Medium,2.09,2.34,0.1,0.19,0.09,0.0,1.58,1.96
2024-02-01,14:00,14,1,2,3,0,16.6,81.8,2,Low,1.96,2.15,0.0,0.2,0.1,0.0,1.38,1.68
2024-02-01,15:00,15,1,2,3,0,15.3,72.8,1,Low,1.68,1.91,0.05,0.2,0.09,0.0,0.88,1.22
2024-02-01,16:00,16,1,2,3,0,15.6,77.3,1,High,1.22,1.62,0.06,0.2,0.09,0.0,1.84,2.19
2024-02-01,17:00,17,1,2,3,0,14.3,75.5,1,Low,2.19,1.7,0.13,0.2,0.09,0.0,2.98,3.4
2024-02-01,18:00,18,1,2,3,0,12.1,81.9,2,High,3.4,2.27,0.54,0.21,0.22,0.0,6.24,7.21
2024-02-01,19:00,19,1,2,3,0,10.0,87.7,3,Medium,7.21,4.27,0.62,0.2,0.28,0.0,5.88,6.98
2024-02-01,20:00,20,1,2,3,0,10.0,86.8,4,High,6.98,5.86,0.84,0.22,0.35,0.85,6.67,8.93
2024-02-01,21:00,21,1,2,3,0,10.0,86.0,2,High,8.93,7.71,0.84,0.2,0.22,0.0,7.28,8.54
2024-02-01,22:00,22,1,2,3,0,10.0,90.8,3,Medium,8.54,8.15,0.62,0.21,0.28,0.0,3.96,5.07
2024-02-01,23:00,23,1,2,3,0,10.0,82.6,2,High,5.07,7.51,0.84,0.21,0.22,0.0,3.62,4.89
2024-02-02,00:00,0,2,2,4,0,10.0,79.1,1,Low,4.89,6.17,0.46,0.21,0.09,0.0,1.41,2.17
2024-02-02,01:00,1,2,2,4,0,10.0,85.8,3,Low,2.17,4.04,0.46,0.19,0.1,0.0,1.02,1.77
2024-02-02,02:00,2,2,2,4,0,10.0,80.7,5,Low,1.77,2.94,0.46,0.22,0.12,0.0,1.56,2.36
2024-02-02,03:00,3,2,2,4,0,10.0,83.0,4,Low,2.36,2.1,0.46,0.22,0.11,0.0,1.56,2.35
2024-02-02,04:00,4,2,2,4,0,10.0,81.8,2,Low,2.35,2.16,0.46,0.2,0.1,0.0,0.98,1.74
2024-02-02,05:00,5,2,2,4,0,10.0,83.1,3,Low,1.74,2.15,0.46,0.22,0.1,0.0,1.12,1.9
2024-02-02,06:00,6,2,2,4,0,10.0,86.3,1,Low,1.9,2.0,0.46,0.2,0.09,0.0,2.19,2.94
2024-02-02,07:00,7,2,2,4,0,10.0,82.2,4,High,2.94,2.19,0.84,0.2,0.11,0.0,4.93,6.08
2024-02-02,08:00,8,2,2,4,0,10.0,83.8,3,Medium,6.08,3.64,0.62,0.2,0.1,0.0,4.45,5.37
2024-02-02,09:00,9,2,2,4,0,11.0,83.5,3,Medium,5.37,4.8,0.52,0.21,0.1,0.0,3.04,3.87
2024-02-02,10:00,10,2,2,4,0,11.3,80.4,1,Low,3.87,5.11,0.36,0.21,0.09,0.0,1.53,2.19
2024-02-02,11:00,11,2,2,4,0,13.0,79.7,1,High,2.19,3.81,0.42,0.22,0.09,0.85,0.83,2.41
2024-02-02,12:00,12,2,2,4,0,16.5,73.2,1,Low,2.41,2.82,0.0,0.21,0.09,0.0,1.07,1.37
2024-02-02,13:00,13,2,2,4,0,18.1,73.2,2,Medium,1.37,1.99,0.0,0.2,0.1,0.0,1.58,1.88
2024-02-02,14:00,14,2,2,4,0,16.0,80.8,1,Low,1.88,1.89,0.0,0.2,0.09,0.0,1.11,1.4
2024-02-02,15:00,15,2,2,4,0,16.8,76.4,1,Medium,1.4,1.55,0.0,0.21,0.09,0.0,1.53,1.83
2024-02-02,16:00,16,2,2,4,0,12.4,68.8,1,High,1.83,1.7,0.5,0.21,0.09,0.0,2.28,3.08
2024-02-02,17:00,17,2,2,4,0,13.4,73.3,1,Low,3.08,2.1,0.2,0.2,0.09,0.0,3.38,3.87
2024-02-02,18:00,18,2,2,4,0,12.7,82.3,3,High,3.87,2.93,0.46,0.21,0.28,0.0,6.2,7.15
2024-02-02,19:00,19,2,2,4,0,10.9,87.8,2,Medium,7.15,4.7,0.53,0.22,0.22,0.0,5.43,6.4
2024-02-02,20:00,20,2,2,4,0,10.0,89.7,3,Low,6.4,5.81,0.46,0.21,0.28,0.0,4.11,5.06
2024-02-02,21:00,21,2,2,4,0,10.0,84.9,2,High,5.06,6.2,0.84,0.21,0.22,0.0,6.23,7.5
2024-02-02,22:00,22,2,2,4,0,10.0,84.0,1,Medium,7.5,6.32,0.62,0.2,0.15,0.0,3.54,4.51
2024-02-02,23:00,23,2,2,4,0,10.0,79.8,3,Low,4.51,5.69,0.46,0.22,0.28,0.0,2.14,3.1
2024-02-03,00:00,0,3,2,5,1,10.0,84.0,3,Low,3.1,5.04,0.46,0.19,0.1,0.0,1.64,2.39
2024-02-03,01:00,1,3,2,5,1,10.0,84.7,4,Low,2.39,3.33,0.46,0.21,0.11,0.0,1.33,2.11
2024-02-03,02:00,2,3,2,5,1,10.0,77.2,4,Low,2.11,2.53,0.46,0.2,0.11,0.0,1.47,2.24
2024-02-03,03:00,3,3,2,5,1,10.0,82.6,5,Low,2.24,2.25,0.46,0.19,0.12,0.0,1.84,2.61
2024-02-03,04:00,4,3,2,5,1,10.0,85.4,4,Low,2.61,2.32,0.46,0.19,0.11,0.0,1.52,2.28
2024-02-03,05:00,5,3,2,5,1,10.0,83.5,4,Low,2.28,2.38,0.46,0.19,0.11,0.0,1.21,1.97
2024-02-03,06:00,6,3,2,5,1,10.0,83.4,4,Medium,1.97,2.29,0.62,0.2,0.11,0.0,3.0,3.93
2024-02-03,07:00,7,3,2,5,1,10.6,83.1,3,High,3.93,2.73,0.75,0.19,0.1,0.0,4.62,5.66
2024-02-03,08:00,8,3,2,5,1,10.0,84.9,5,Medium,5.66,3.85,0.62,0.19,0.12,0.0,4.51,5.44
2024-02-03,09:00,9,3,2,5,1,11.8,75.4,4,High,5.44,5.01,0.59,0.21,0.11,0.0,4.78,5.69
2024-02-03,10:00,10,3,2,5,1,14.5,76.5,2,Medium,5.69,5.6,0.16,0.22,0.1,0.0,3.31,3.79
2024-02-03,11:00,11,3,2,5,1,12.9,78.6,5,Low,3.79,4.97,0.24,0.19,0.12,0.0,2.7,3.25
2024-02-03,12:00,12,3,2,5,1,13.0,84.5,4,Low,3.25,4.24,0.23,0.22,0.11,0.0,2.6,3.16
2024-02-03,13:00,13,3,2,5,1,14.2,74.0,3,Low,3.16,3.4,0.14,0.21,0.1,0.0,2.34,2.79
2024-02-03,14:00,14,3,2,5,1,15.6,72.4,4,High,2.79,3.07,0.06,0.2,0.11,0.0,4.0,4.37
2024-02-03,15:00,15,3,2,5,1,16.2,75.5,3,Medium,4.37,3.44,0.0,0.21,0.1,0.0,3.46,3.77
2024-02-03,16:00,16,3,2,5,1,12.8,75.7,3,Medium,3.77,3.64,0.33,0.2,0.1,0.0,3.09,3.72
2024-02-03,17:00,17,3,2,5,1,15.6,75.2,5,Low,3.72,3.95,0.03,0.2,0.12,0.0,4.07,4.42
2024-02-03,18:00,18,3,2,5,1,13.2,71.4,4,Medium,4.42,3.97,0.29,0.2,0.35,0.0,5.11,5.95
2024-02-03,19:00,19,3,2,5,1,11.6,80.0,4,Medium,5.95,4.7,0.46,0.19,0.35,0.0,5.23,6.23
2024-02-03,20:00,20,3,2,5,1,11.3,79.8,3,High,6.23,5.53,0.66,0.22,0.28,0.85,6.0,8.01
2024-02-03,21:00,21,3,2,5,1,10.0,88.3,3,High,8.01,6.73,0.84,0.2,0.28,0.0,7.22,8.54
2024-02-03,22:00,22,3,2,5,1,10.0,82.9,2,High,8.54,7.59,0.84,0.21,0.22,0.0,4.63,5.9
2024-02-03,23:00,23,3,2,5,1,10.0,86.7,4,High,5.9,7.48,0.84,0.21,0.35,0.0,4.09,5.49
2024-02-04,00:00,0,4,2,6,1,10.0,85.5,3,Low,5.49,6.64,0.46,0.2,0.1,0.0,1.97,2.73
2024-02-04,01:00,1,4,2,6,1,10.0,84.0,2,Low,2.73,4.71,0.46,0.19,0.1,0.0,1.5,2.25
2024-02-04,02:00,2,4,2,6,1,10.0,82.4,4,Low,2.25,3.49,0.46,0.19,0.11,0.0,1.02,1.78
2024-02-04,03:00,3,4,2,6,1,10.0,84.2,2,Low,1.78,2.25,0.46,0.2,0.1,0.0,1.04,1.8
2024-02-04,04:00,4,4,2,6,1,10.0,83.6,4,Low,1.8,1.94,0.46,0.19,0.11,0.0,1.45,2.21
2024-02-04,05:00,5,4,2,6,1,10.0,81.9,3,Low,2.21,1.93,0.46,0.2,0.1,0.0,1.28,2.04
2024-02-04,06:00,6,4,2,6,1,10.0,76.3,3,High,2.04,2.02,0.84,0.22,0.1,0.0,4.09,5.25
2024-02-04,07:00,7,4,2,6,1,10.0,95.0,4,Low,5.25,3.17,0.46,0.2,0.11,0.0,3.6,4.37
2024-02-04,08:00,8,4,2,6,1,10.0,84.7,2,High,4.37,3.89,0.84,0.2,0.1,0.0,4.6,5.74
2024-02-04,09:00,9,4,2,6,1,11.9,84.7,4,High,5.74,5.12,0.57,0.19,0.11,0.0,4.99,5.86
2024-02-04,10:00,10,4,2,6,1,13.4,77.0,3,Low,5.86,5.32,0.2,0.21,0.1,0.0,3.11,3.62
2024-02-04,11:00,11,4,2,6,1,13.6,75.4,3,Low,3.62,5.07,0.18,0.19,0.1,0.0,2.22,2.69
2024-02-04,12:00,12,4,2,6,1,12.8,75.2,4,Medium,2.69,4.06,0.33,0.19,0.11,0.0,2.79,3.42
2024-02-04,13:00,13,4,2,6,1,13.7,81.1,2,Low,3.42,3.24,0.18,0.21,0.1,0.0,2.36,2.85
2024-02-04,14:00,14,4,2,6,1,15.0,82.3,4,High,2.85,2.99,0.14,0.22,0.11,0.0,3.91,4.38
2024-02-04,15:00,15,4,2,6,1,14.0,83.6,5,High,4.38,3.55,0.28,0.19,0.12,0.0,4.92,5.51
2024-02-04,16:00,16,4,2,6,1,16.8,76.1,4,Medium,5.51,4.25,0.0,0.19,0.11,0.0,3.86,4.16
2024-02-04,17:00,17,4,2,6,1,14.9,72.0,3,Low,4.16,4.68,0.08,0.21,0.1,0.0,3.93,4.32
2024-02-04,18:00,18,4,2,6,1,14.4,82.2,4,Medium,4.32,4.66,0.17,0.22,0.35,0.0,5.04,5.78
2024-02-04,19:00,19,4,2,6,1,11.4,81.3,5,Low,5.78,4.75,0.35,0.21,0.42,0.0,4.57,5.55
2024-02-04,20:00,20,4,2,6,1,10.3,81.8,2,High,5.55,5.22,0.8,0.2,0.22,0.85,5.47,7.54
2024-02-04,21:00,21,4,2,6,1,10.0,81.5,4,High,7.54,6.29,0.84,0.21,0.35,0.0,7.57,8.97
2024-02-04,22:00,22,4,2,6,1,10.0,77.4,5,Medium,8.97,7.35,0.62,0.2,0.42,0.0,4.14,5.38
2024-02-04,23:00,23,4,2,6,1,10.0,82.5,5,High,5.38,7.3,0.84,0.19,0.42,0.0,4.45,5.9
2024-02-05,00:00,0,5,2,0,0,10.0,87.5,4,Low,5.9,6.75,0.46,0.2,0.11,0.0,2.59,3.36
2024-02-05,01:00,1,5,2,0,0,10.0,74.7,3,Low,3.36,4.88,0.46,0.21,0.1,0.0,1.35,2.12
2024-02-05,02:00,2,5,2,0,0,10.0,74.1,3,Low,2.12,3.79,0.46,0.21,0.1,0.0,1.26,2.03
2024-02-05,03:00,3,5,2,0,0,10.0,90.4,1,Low,2.03,2.5,0.46,0.21,0.09,0.0,1.05,1.81
2024-02-05,04:00,4,5,2,0,0,10.0,85.7,1,Low,1.81,1.99,0.46,0.2,0.09,0.0,0.81,1.56
2024-02-05,05:00,5,5,2,0,0,10.0,84.3,3,Low,1.56,1.8,0.46,0.21,0.1,0.0,1.38,2.15
2024-02-05,06:00,6,5,2,0,0,10.0,81.2,3,Low,2.15,1.84,0.46,0.21,0.1,0.0,2.66,3.43
2024-02-05,07:00,7,5,2,0,0,10.0,80.1,2,High,3.43,2.38,0.84,0.21,0.1,0.0,4.24,5.39
2024-02-05,08:00,8,5,2,0,0,10.0,82.0,1,Medium,5.39,3.66,0.62,0.2,0.09,0.0,3.62,4.53
2024-02-05,09:00,9,5,2,0,0,11.8,81.5,1,Medium,4.53,4.45,0.43,0.2,0.09,0.0,2.25,2.97
2024-02-05,10:00,10,5,2,0,0,15.3,71.7,1,Low,2.97,4.3,0.05,0.2,0.09,0.0,1.53,1.87
2024-02-05,11:00,11,5,2,0,0,15.0,79.9,4,High,1.87,3.12,0.14,0.21,0.11,0.85,2.07,3.38
2024-02-05,12:00,12,5,2,0,0,17.4,71.4,1,Medium,3.38,2.74,0.0,0.2,0.09,0.0,1.74,2.03
2024-02-05,13:00,13,5,2,0,0,15.6,79.6,4,Low,2.03,2.43,0.03,0.2,0.11,0.0,1.86,2.2
2024-02-05,14:00,14,5,2,0,0,17.0,73.9,2,High,2.2,2.54,0.0,0.2,0.1,0.0,2.28,2.58
2024-02-05,15:00,15,5,2,0,0,16.3,78.3,1,Low,2.58,2.27,0.0,0.2,0.09,0.0,1.35,1.64
2024-02-05,16:00,16,5,2,0,0,14.4,72.4,1,High,1.64,2.14,0.22,0.2,0.09,0.0,1.99,2.5
2024-02-05,17:00,17,5,2,0,0,13.9,73.6,3,Medium,2.5,2.24,0.22,0.21,0.1,0.0,4.62,5.15
2024-02-05,18:00,18,5,2,0,0,12.8,80.0,4,High,5.15,3.1,0.45,0.19,0.35,0.0,7.23,8.22
2024-02-05,19:00,19,5,2,0,0,13.6,79.0,2,Low,8.22,5.29,0.18,0.19,0.22,0.0,4.52,5.11
2024-02-05,20:00,20,5,2,0,0,10.8,91.3,5,High,5.11,6.16,0.73,0.22,0.42,0.85,6.44,8.66
2024-02-05,21:00,21,5,2,0,0,10.0,75.7,5,Medium,8.66,7.33,0.62,0.2,0.42,0.0,6.21,7.45
2024-02-05,22:00,22,5,2,0,0,10.0,81.6,2,High,7.45,7.07,0.84,0.19,0.22,0.0,4.4,5.65
2024-02-05,23:00,23,5,2,0,0,10.0,79.9,5,Medium,5.65,7.25,0.62,0.21,0.42,0.0,3.52,4.77
2024-02-06,00:00,0,6,2,1,0,10.0,83.3,4,Low,4.77,5.96,0.46,0.21,0.11,0.0,1.84,2.62
2024-02-06,01:00,1,6,2,1,0,10.0,84.0,3,Low,2.62,4.35,0.46,0.19,0.1,0.0,1.17,1.92
2024-02-06,02:00,2,6,2,1,0,10.0,77.4,5,Low,1.92,3.1,0.46,0.21,0.12,0.0,1.76,2.55
2024-02-06,03:00,3,6,2,1,0,10.0,80.1,2,Low,2.55,2.36,0.46,0.19,0.1,0.0,0.88,1.63
2024-02-06,04:00,4,6,2,1,0,10.0,82.7,2,Low,1.63,2.03,0.46,0.19,0.1,0.0,0.9,1.65
2024-02-06,05:00,5,6,2,1,0,10.0,85.4,5,Low,1.65,1.94,0.46,0.21,0.12,0.0,1.51,2.3
2024-02-06,06:00,6,6,2,1,0,10.0,84.8,3,Low,2.3,1.86,0.46,0.2,0.1,0.0,2.4,3.16
2024-02-06,07:00,7,6,2,1,0,10.0,80.7,1,High,3.16,2.37,0.84,0.22,0.09,0.0,3.99,5.14
2024-02-06,08:00,8,6,2,1,0,10.8,80.4,3,High,5.14,3.53,0.73,0.22,0.1,0.0,5.12,6.17
2024-02-06,09:00,9,6,2,1,0,10.0,92.1,1,High,6.17,4.82,0.84,0.2,0.09,0.0,2.91,4.04
2024-02-06,10:00,10,6,2,1,0,11.6,81.0,1,Medium,4.04,5.12,0.46,0.21,0.09,0.0,1.69,2.45
2024-02-06,11:00,11,6,2,1,0,13.0,79.0,2,Medium,2.45,4.22,0.31,0.19,0.1,0.0,1.88,2.48
2024-02-06,12:00,12,6,2,1,0,13.9,73.8,1,Medium,2.48,2.99,0.22,0.21,0.09,0.0,1.89,2.41
2024-02-06,13:00,13,6,2,1,0,14.2,72.8,1,Low,2.41,2.45,0.14,0.22,0.09,0.0,0.94,1.39
2024-02-06,14:00,14,6,2,1,0,15.9,74.1,3,Low,1.39,2.09,0.01,0.22,0.1,0.0,1.51,1.84
2024-02-06,15:00,15,6,2,1,0,15.6,74.8,2,Medium,1.84,1.88,0.04,0.19,0.1,0.0,1.76,2.09
2024-02-06,16:00,16,6,2,1,0,15.5,74.0,1,Low,2.09,1.77,0.04,0.2,0.09,0.0,1.3,1.63
2024-02-06,17:00,17,6,2,1,0,14.6,76.2,3,Medium,1.63,1.85,0.14,0.21,0.1,0.0,4.37,4.82
2024-02-06,18:00,18,6,2,1,0,14.0,76.2,3,Medium,4.82,2.85,0.21,0.2,0.28,0.0,5.2,5.89
2024-02-06,19:00,19,6,2,1,0,11.2,83.0,2,Low,5.89,4.11,0.37,0.21,0.22,0.0,4.19,4.99
2024-02-06,20:00,20,6,2,1,0,10.0,78.2,3,High,4.99,5.23,0.84,0.21,0.28,0.85,5.69,7.87
2024-02-06,21:00,21,6,2,1,0,10.0,81.3,4,High,7.87,6.25,0.84,0.21,0.35,0.0,7.64,9.04
2024-02-06,22:00,22,6,2,1,0,10.0,82.0,3,High,9.04,7.3,0.84,0.21,0.28,0.0,4.97,6.3
2024-02-06,23:00,23,6,2,1,0,10.0,82.6,4,Medium,6.3,7.74,0.62,0.22,0.35,0.0,3.36,4.55
2024-02-07,00:00,0,7,2,2,0,10.0,76.8,4,Low,4.55,6.63,0.46,0.19,0.11,0.0,2.14,2.9
2024-02-07,01:00,1,7,2,2,0,10.0,81.4,2,Low,2.9,4.58,0.46,0.2,0.1,0.0,1.4,2.16
2024-02-07,02:00,2,7,2,2,0,10.0,78.5,2,Low,2.16,3.2,0.46,0.2,0.1,0.0,0.77,1.53
2024-02-07,03:00,3,7,2,2,0,10.0,84.8,4,Low,1.53,2.2,0.46,0.21,0.11,0.0,1.26,2.04
2024-02-07,04:00,4,7,2,2,0,10.0,80.8,2,Low,2.04,1.91,0.46,0.21,0.1,0.0,0.78,1.55
2024-02-07,05:00,5,7,2,2,0,10.0,91.5,2,Low,1.55,1.71,0.46,0.2,0.1,0.0,0.99,1.75
2024-02-07,06:00,6,7,2,2,0,10.0,77.9,3,Low,1.75,1.78,0.46,0.21,0.1,0.0,2.45,3.22
2024-02-07,07:00,7,7,2,2,0,10.0,89.5,3,Medium,3.22,2.17,0.62,0.2,0.1,0.0,3.56,4.48
2024-02-07,08:00,8,7,2,2,0,11.5,83.0,3,Medium,4.48,3.15,0.47,0.22,0.1,0.0,4.13,4.92
2024-02-07,09:00,9,7,2,2,0,11.8,80.0,2,High,4.92,4.21,0.59,0.2,0.1,0.0,2.97,3.86
2024-02-07,10:00,10,7,2,2,0,12.5,76.6,1,Low,3.86,4.42,0.27,0.19,0.09,0.0,2.02,2.57
2024-02-07,11:00,11,7,2,2,0,12.1,77.9,4,Medium,2.57,3.78,0.4,0.2,0.11,0.0,2.27,2.98
2024-02-07,12:00,12,7,2,2,0,14.6,79.6,1,Medium,2.98,3.14,0.14,0.22,0.09,0.0,1.82,2.27
2024-02-07,13:00,13,7,2,2,0,14.2,78.8,2,Low,2.27,2.61,0.14,0.2,0.1,0.0,1.42,1.86
2024-02-07,14:00,14,7,2,2,0,16.2,68.6,1,Low,1.86,2.37,0.0,0.21,0.09,0.0,1.37,1.67
2024-02-07,15:00,15,7,2,2,0,15.2,73.7,1,Low,1.67,1.93,0.06,0.22,0.09,0.0,1.01,1.38
2024-02-07,16:00,16,7,2,2,0,14.4,80.8,1,High,1.38,1.64,0.22,0.2,0.09,0.0,1.82,2.33
2024-02-07,17:00,17,7,2,2,0,12.4,78.8,4,Low,2.33,1.79,0.28,0.2,0.11,0.0,3.95,4.54
2024-02-07,18:00,18,7,2,2,0,10.2,82.9,4,High,4.54,2.75,0.81,0.21,0.35,0.0,6.82,8.19
2024-02-07,19:00,19,7,2,2,0,11.6,78.9,3,Medium,8.19,5.02,0.46,0.2,0.28,0.0,6.08,7.02
2024-02-07,20:00,20,7,2,2,0,10.0,83.5,1,High,7.02,6.58,0.84,0.2,0.15,0.85,5.79,7.83
2024-02-07,21:00,21,7,2,2,0,10.0,88.5,4,Medium,7.83,7.68,0.62,0.2,0.35,0.0,5.92,7.09
2024-02-07,22:00,22,7,2,2,0,10.0,82.7,2,High,7.09,7.31,0.84,0.21,0.22,0.0,4.11,5.38
2024-02-07,23:00,23,7,2,2,0,10.0,85.4,2,Low,5.38,6.77,0.46,0.2,0.22,0.0,2.36,3.24
2024-02-08,00:00,0,8,2,3,0,10.0,83.1,5,Low,3.24,5.24,0.46,0.19,0.12,0.0,2.04,2.81
2024-02-08,01:00,1,8,2,3,0,10.0,81.6,3,Low,2.81,3.81,0.46,0.19,0.1,0.0,1.17,1.92
2024-02-08,02:00,2,8,2,3,0,10.0,83.6,1,Low,1.92,2.66,0.46,0.22,0.09,0.0,0.58,1.35
2024-02-08,03:00,3,8,2,3,0,10.0,80.5,5,Low,1.35,2.03,0.46,0.19,0.12,0.0,1.37,2.14
2024-02-08,04:00,4,8,2,3,0,10.0,84.2,3,Low,2.14,1.8,0.46,0.21,0.1,0.0,1.3,2.07
2024-02-08,05:00,5,8,2,3,0,10.0,83.8,2,Low,2.07,1.85,0.46,0.2,0.1,0.0,0.92,1.68
2024-02-08,06:00,6,8,2,3,0,10.0,80.9,4,Low,1.68,1.96,0.46,0.2,0.11,0.0,2.36,3.13
2024-02-08,07:00,7,8,2,3,0,10.0,80.7,2,Medium,3.13,2.29,0.62,0.22,0.1,0.0,3.01,3.95
2024-02-08,08:00,8,8,2,3,0,10.0,85.6,3,High,3.95,2.92,0.84,0.2,0.1,0.0,4.44,5.58
2024-02-08,09:00,9,8,2,3,0,10.7,82.6,1,Low,5.58,4.22,0.41,0.21,0.09,0.0,2.01,2.72
2024-02-08,10:00,10,8,2,3,0,12.5,84.7,1,High,2.72,4.08,0.49,0.2,0.09,0.85,1.21,2.84
2024-02-08,11:00,11,8,2,3,0,12.7,82.8,2,Medium,2.84,3.71,0.34,0.19,0.1,0.0,1.94,2.57
2024-02-08,12:00,12,8,2,3,0,15.2,71.1,2,Low,2.57,2.71,0.06,0.21,0.1,0.0,1.72,2.09
2024-02-08,13:00,13,8,2,3,0,16.6,72.6,1,Low,2.09,2.5,0.0,0.2,0.09,0.0,1.18,1.47
2024-02-08,14:00,14,8,2,3,0,16.9,71.7,1,Low,1.47,2.04,0.0,0.19,0.09,0.0,1.15,1.43
2024-02-08,15:00,15,8,2,3,0,16.4,81.4,1,Low,1.43,1.66,0.0,0.19,0.09,0.0,1.14,1.42
2024-02-08,16:00,16,8,2,3,0,14.6,84.0,1,Low,1.42,1.44,0.11,0.21,0.09,0.0,1.16,1.57
2024-02-08,17:00,17,8,2,3,0,11.3,81.8,1,Low,1.57,1.47,0.36,0.21,0.09,0.0,3.01,3.67
2024-02-08,18:00,18,8,2,3,0,11.8,79.3,4,Medium,3.67,2.22,0.43,0.21,0.35,0.0,4.68,5.67
2024-02-08,19:00,19,8,2,3,0,11.0,81.3,3,Medium,5.67,3.64,0.52,0.21,0.28,0.0,5.17,6.18
2024-02-08,20:00,20,8,2,3,0,10.0,77.5,5,High,6.18,5.17,0.84,0.2,0.42,0.85,6.42,8.73
2024-02-08,21:00,21,8,2,3,0,10.0,82.1,5,High,8.73,6.86,0.84,0.22,0.42,0.0,7.97,9.45
2024-02-08,22:00,22,8,2,3,0,10.0,76.9,1,Medium,9.45,8.12,0.62,0.2,0.15,0.0,3.75,4.72
2024-02-08,23:00,23,8,2,3,0,10.0,80.0,2,Medium,4.72,7.63,0.62,0.2,0.22,0.0,2.71,3.75
2024-02-09,00:00,0,9,2,4,0,10.0,83.1,2,Low,3.75,5.97,0.46,0.21,0.1,0.0,1.68,2.45
2024-02-09,01:00,1,9,2,4,0,10.0,84.8,3,Low,2.45,3.64,0.46,0.22,0.1,0.0,1.51,2.29
2024-02-09,02:00,2,9,2,4,0,10.0,81.6,3,Low,2.29,2.83,0.46,0.2,0.1,0.0,1.56,2.32
2024-02-09,03:00,3,9,2,4,0,10.0,81.0,3,Low,2.32,2.35,0.46,0.21,0.1,0.0,1.39,2.16
2024-02-09,04:00,4,9,2,4,0,10.0,88.3,3,Low,2.16,2.26,0.46,0.21,0.1,0.0,1.18,1.95
2024-02-09,05:00,5,9,2,4,0,10.0,87.2,3,Low,1.95,2.14,0.46,0.2,0.1,0.0,1.17,1.93
2024-02-09,06:00,6,9,2,4,0,10.0,82.9,4,Low,1.93,2.01,0.46,0.21,0.11,0.0,2.89,3.67
2024-02-09,07:00,7,9,2,4,0,10.0,84.1,1,Medium,3.67,2.52,0.62,0.2,0.09,0.0,2.99,3.9
2024-02-09,08:00,8,9,2,4,0,10.0,75.2,3,Low,3.9,3.17,0.46,0.21,0.1,0.0,2.92,3.69
2024-02-09,09:00,9,9,2,4,0,10.0,89.6,1,High,3.69,3.75,0.84,0.2,0.09,0.0,2.5,3.63
2024-02-09,10:00,10,9,2,4,0,14.0,84.4,1,Low,3.63,3.74,0.15,0.19,0.09,0.0,1.65,2.08
2024-02-09,11:00,11,9,2,4,0,14.5,82.1,2,Low,2.08,3.13,0.11,0.22,0.1,0.0,1.04,1.47
2024-02-09,12:00,12,9,2,4,0,14.9,79.0,1,Low,1.47,2.39,0.08,0.2,0.09,0.0,1.15,1.52
2024-02-09,13:00,13,9,2,4,0,15.0,78.7,1,Low,1.52,1.69,0.08,0.22,0.09,0.0,1.09,1.48
2024-02-09,14:00,14,9,2,4,0,16.4,82.4,3,Low,1.48,1.49,0.0,0.2,0.1,0.0,1.34,1.64
2024-02-09,15:00,15,9,2,4,0,16.6,74.4,1,High,1.64,1.55,0.0,0.2,0.09,0.0,1.86,2.15
2024-02-09,16:00,16,9,2,4,0,13.7,80.5,1,Medium,2.15,1.76,0.24,0.19,0.09,0.0,1.87,2.39
2024-02-09,17:00,17,9,2,4,0,15.2,73.8,3,Medium,2.39,2.06,0.08,0.2,0.1,0.0,4.82,5.2
2024-02-09,18:00,18,9,2,4,0,15.1,72.8,4,Medium,5.2,3.25,0.09,0.21,0.35,0.0,5.26,5.91
2024-02-09,19:00,19,9,2,4,0,11.8,69.5,2,High,5.91,4.5,0.59,0.2,0.22,0.85,6.03,7.89
2024-02-09,20:00,20,9,2,4,0,11.3,85.2,4,Low,7.89,6.33,0.36,0.2,0.35,0.0,4.5,5.41
2024-02-09,21:00,21,9,2,4,0,10.0,87.0,3,High,5.41,6.4,0.84,0.2,0.28,0.0,6.72,8.04
2024-02-09,22:00,22,9,2,4,0,10.0,77.1,2,Medium,8.04,7.11,0.62,0.22,0.22,0.0,3.51,4.57
2024-02-09,23:00,23,9,2,4,0,10.0,76.1,3,Medium,4.57,6.01,0.62,0.2,0.28,0.0,3.19,4.29
2024-02-10,00:00,0,10,2,5,1,10.0,83.1,4,Low,4.29,5.63,0.46,0.22,0.11,0.0,1.95,2.74
2024-02-10,01:00,1,10,2,5,1,10.0,82.4,2,Low,2.74,3.87,0.46,0.19,0.1,0.0,1.31,2.06
2024-02-10,02:00,2,10,2,5,1,10.0,77.0,3,Low,2.06,3.03,0.46,0.2,0.1,0.0,0.98,1.74
2024-02-10,03:00,3,10,2,5,1,10.0,78.3,4,Low,1.74,2.18,0.46,0.21,0.11,0.0,1.27,2.05
2024-02-10,04:00,4,10,2,5,1,10.0,80.0,5,Low,2.05,1.95,0.46,0.19,0.12,0.0,1.5,2.27
2024-02-10,05:00,5,10,2,5,1,10.0,80.6,3,Low,2.27,2.02,0.46,0.2,0.1,0.0,1.24,2.0
2024-02-10,06:00,6,10,2,5,1,10.0,84.2,4,Medium,2.0,2.11,0.62,0.19,0.11,0.0,3.07,3.99
2024-02-10,07:00,7,10,2,5,1,10.0,86.4,2,High,3.99,2.75,0.84,0.22,0.1,0.0,4.47,5.63
2024-02-10,08:00,8,10,2,5,1,10.1,81.8,3,Medium,5.63,3.87,0.61,0.2,0.1,0.0,3.78,4.69
2024-02-10,09:00,9,10,2,5,1,10.7,80.4,3,Medium,4.69,4.77,0.55,0.22,0.1,0.0,3.09,3.96
2024-02-10,10:00,10,10,2,5,1,12.4,80.3,3,High,3.96,4.76,0.5,0.21,0.1,0.85,3.18,4.84
2024-02-10,11:00,11,10,2,5,1,13.4,76.4,2,Medium,4.84,4.5,0.27,0.21,0.1,0.0,3.15,3.73
2024-02-10,12:00,12,10,2,5,1,12.7,81.2,5,Medium,3.73,4.18,0.34,0.22,0.12,0.0,3.26,3.94
2024-02-10,13:00,13,10,2,5,1,15.4,76.3,3,Medium,3.94,4.17,0.06,0.2,0.1,0.0,2.92,3.28
2024-02-10,14:00,14,10,2,5,1,16.3,74.1,1,High,3.28,3.65,0.0,0.19,0.09,0.0,3.45,3.73
2024-02-10,15:00,15,10,2,5,1,14.6,77.6,3,Low,3.73,3.65,0.11,0.22,0.1,0.0,2.51,2.94
2024-02-10,16:00,16,10,2,5,1,14.9,75.8,3,High,2.94,3.32,0.15,0.21,0.1,0.0,3.46,3.92
2024-02-10,17:00,17,10,2,5,1,17.3,77.0,2,Medium,3.92,3.53,0.0,0.22,0.1,0.0,4.64,4.96
2024-02-10,18:00,18,10,2,5,1,12.6,82.7,3,Medium,4.96,3.94,0.35,0.21,0.28,0.0,5.25,6.09
2024-02-10,19:00,19,10,2,5,1,10.0,82.4,4,High,6.09,4.99,0.84,0.2,0.35,0.85,6.39,8.63
2024-02-10,20:00,20,10,2,5,1,10.0,73.0,4,High,8.63,6.56,0.84,0.21,0.35,0.85,6.9,9.15
2024-02-10,21:00,21,10,2,5,1,10.0,85.0,5,High,9.15,7.96,0.84,0.22,0.42,0.0,7.97,9.45
2024-02-10,22:00,22,10,2,5,1,10.0,90.3,3,High,9.45,9.08,0.84,0.21,0.28,0.0,4.93,6.26
2024-02-10,23:00,23,10,2,5,1,10.0,87.4,2,Medium,6.26,8.29,0.62,0.19,0.22,0.0,3.48,4.51
2024-02-11,00:00,0,11,2,6,1,10.0,85.7,4,Low,4.51,6.74,0.46,0.22,0.11,0.0,1.71,2.5
2024-02-11,01:00,1,11,2,6,1,10.0,90.3,3,Low,2.5,4.42,0.46,0.22,0.1,0.0,1.39,2.17
2024-02-11,02:00,2,11,2,6,1,10.0,76.3,4,Low,2.17,3.06,0.46,0.2,0.11,0.0,1.4,2.17
2024-02-11,03:00,3,11,2,6,1,10.0,84.3,3,Low,2.17,2.28,0.46,0.21,0.1,0.0,1.33,2.1
2024-02-11,04:00,4,11,2,6,1,10.0,88.8,3,Low,2.1,2.15,0.46,0.2,0.1,0.0,1.27,2.03
2024-02-11,05:00,5,11,2,6,1,10.0,76.5,4,Low,2.03,2.1,0.46,0.21,0.11,0.0,1.27,2.05
2024-02-11,06:00,6,11,2,6,1,10.0,80.7,2,Medium,2.05,2.06,0.62,0.2,0.1,0.0,2.81,3.73
2024-02-11,07:00,7,11,2,6,1,10.0,74.1,2,Medium,3.73,2.6,0.62,0.21,0.1,0.0,3.29,4.22
2024-02-11,08:00,8,11,2,6,1,10.0,75.8,2,Medium,4.22,3.33,0.62,0.2,0.1,0.0,3.48,4.4
2024-02-11,09:00,9,11,2,6,1,11.4,78.7,4,Low,4.4,4.12,0.35,0.21,0.11,0.0,2.68,3.35
2024-02-11,10:00,10,11,2,6,1,14.1,74.2,4,Low,3.35,3.99,0.15,0.2,0.11,0.0,2.52,2.98
2024-02-11,11:00,11,11,2,6,1,12.6,82.6,5,High,2.98,3.58,0.47,0.2,0.12,0.85,3.21,4.85
2024-02-11,12:00,12,11,2,6,1,13.9,75.0,3,Low,4.85,3.73,0.16,0.2,0.1,0.0,2.48,2.94
2024-02-11,13:00,13,11,2,6,1,13.7,80.4,4,Low,2.94,3.59,0.18,0.19,0.11,0.0,2.59,3.07
2024-02-11,14:00,14,11,2,6,1,15.7,80.5,3,Medium,3.07,3.62,0.03,0.19,0.1,0.0,2.58,2.9
2024-02-11,15:00,15,11,2,6,1,14.6,76.8,3,Medium,2.9,2.97,0.14,0.22,0.1,0.0,2.34,2.8
2024-02-11,16:00,16,11,2,6,1,16.3,77.1,2,Low,2.8,2.92,0.0,0.19,0.1,0.0,2.26,2.55
2024-02-11,17:00,17,11,2,6,1,14.1,80.7,3,Medium,2.55,2.75,0.2,0.19,0.1,0.0,4.5,4.99
2024-02-11,18:00,18,11,2,6,1,13.4,79.2,3,Medium,4.99,3.45,0.27,0.21,0.28,0.0,5.16,5.92
2024-02-11,19:00,19,11,2,6,1,10.1,79.0,4,Low,5.92,4.49,0.45,0.21,0.35,0.0,4.16,5.17
2024-02-11,20:00,20,11,2,6,1,11.6,82.8,3,High,5.17,5.36,0.61,0.2,0.28,0.85,6.21,8.15
2024-02-11,21:00,21,11,2,6,1,10.0,83.0,4,High,8.15,6.41,0.84,0.2,0.35,0.0,7.37,8.76
2024-02-11,22:00,22,11,2,6,1,10.0,77.0,2,Low,8.76,7.36,0.46,0.21,0.22,0.0,3.42,4.31
2024-02-11,23:00,23,11,2,6,1,10.0,82.5,4,Medium,4.31,7.07,0.62,0.2,0.35,0.0,3.14,4.31
2024-02-12,00:00,0,12,2,0,0,10.0,77.5,3,Low,4.31,5.79,0.46,0.19,0.1,0.0,1.93,2.68
2024-02-12,01:00,1,12,2,0,0,10.0,83.0,4,Low,2.68,3.77,0.46,0.19,0.11,0.0,1.85,2.61
2024-02-12,02:00,2,12,2,0,0,10.0,74.4,2,Low,2.61,3.2,0.46,0.22,0.1,0.0,1.46,2.24
2024-02-12,03:00,3,12,2,0,0,10.0,87.1,3,Low,2.24,2.51,0.46,0.19,0.1,0.0,1.47,2.22
2024-02-12,04:00,4,12,2,0,0,10.0,84.6,3,Low,2.22,2.36,0.46,0.2,0.1,0.0,1.1,1.86
2024-02-12,05:00,5,12,2,0,0,10.0,85.0,4,Low,1.86,2.11,0.46,0.22,0.11,0.0,1.41,2.2
2024-02-12,06:00,6,12,2,0,0,10.0,85.1,3,High,2.2,2.09,0.84,0.21,0.1,0.0,4.06,5.21
2024-02-12,07:00,7,12,2,0,0,10.0,78.5,2,Low,5.21,3.09,0.46,0.2,0.1,0.0,2.93,3.69
2024-02-12,08:00,8,12,2,0,0,10.0,76.7,2,High,3.69,3.7,0.84,0.21,0.1,0.0,4.54,5.69
2024-02-12,09:00,9,12,2,0,0,10.9,83.8,1,Medium,5.69,4.86,0.53,0.2,0.09,0.0,2.32,3.14
2024-02-12,10:00,10,12,2,0,0,12.9,81.1,1,Medium,3.14,4.17,0.32,0.21,0.09,0.0,1.8,2.42
2024-02-12,11:00,11,12,2,0,0,13.5,70.9,1,Low,2.42,3.75,0.19,0.21,0.09,0.0,1.18,1.67
2024-02-12,12:00,12,12,2,0,0,13.1,79.6,1,Medium,1.67,2.41,0.3,0.21,0.09,0.0,1.55,2.15
2024-02-12,13:00,13,12,2,0,0,16.3,79.3,1,Medium,2.15,2.08,0.0,0.21,0.09,0.0,1.79,2.09
2024-02-12,14:00,14,12,2,0,0,15.6,82.4,1,Low,2.09,1.97,0.03,0.2,0.09,0.0,1.36,1.68
2024-02-12,15:00,15,12,2,0,0,15.9,77.3,3,Medium,1.68,1.97,0.01,0.21,0.1,0.0,2.15,2.47
2024-02-12,16:00,16,12,2,0,0,14.9,80.0,2,Medium,2.47,2.08,0.11,0.2,0.1,0.0,2.0,2.41
2024-02-12,17:00,17,12,2,0,0,14.8,80.7,1,High,2.41,2.19,0.17,0.21,0.09,0.0,5.49,5.96
2024-02-12,18:00,18,12,2,0,0,12.8,81.5,3,High,5.96,3.61,0.45,0.2,0.28,0.0,7.01,7.94
2024-02-12,19:00,19,12,2,0,0,12.7,86.0,3,High,7.94,5.44,0.46,0.2,0.28,0.85,6.57,8.36
2024-02-12,20:00,20,12,2,0,0,10.0,76.8,1,High,8.36,7.42,0.84,0.22,0.15,0.85,6.13,8.19
2024-02-12,21:00,21,12,2,0,0,10.0,86.0,1,High,8.19,8.16,0.84,0.19,0.15,0.0,7.02,8.2
2024-02-12,22:00,22,12,2,0,0,10.0,79.5,5,High,8.2,8.25,0.84,0.2,0.42,0.0,5.22,6.68
2024-02-12,23:00,23,12,2,0,0,10.0,80.6,3,Low,6.68,7.69,0.46,0.2,0.28,0.0,2.92,3.86
2024-02-13,00:00,0,13,2,1,0,10.0,79.6,2,Low,3.86,6.25,0.46,0.19,0.1,0.0,1.69,2.44
2024-02-13,01:00,1,13,2,1,0,10.0,80.0,3,Low,2.44,4.33,0.46,0.21,0.1,0.0,1.35,2.12
2024-02-13,02:00,2,13,2,1,0,10.0,81.6,4,Low,2.12,2.81,0.46,0.2,0.11,0.0,1.23,2.0
2024-02-13,03:00,3,13,2,1,0,10.0,86.8,3,Low,2.0,2.19,0.46,0.2,0.1,0.0,1.41,2.17
2024-02-13,04:00,4,13,2,1,0,10.0,80.8,3,Low,2.17,2.1,0.46,0.2,0.1,0.0,1.09,1.85
2024-02-13,05:00,5,13,2,1,0,10.0,83.1,3,Low,1.85,2.01,0.46,0.19,0.1,0.0,1.16,1.91
2024-02-13,06:00,6,13,2,1,0,10.0,85.7,2,High,1.91,1.98,0.84,0.2,0.1,0.0,4.12,5.26
2024-02-13,07:00,7,13,2,1,0,10.7,89.7,4,Low,5.26,3.01,0.41,0.19,0.11,0.0,3.22,3.93
2024-02-13,08:00,8,13,2,1,0,10.0,79.5,1,Low,3.93,3.7,0.46,0.19,0.09,0.0,2.46,3.2
2024-02-13,09:00,9,13,2,1,0,10.7,85.1,1,Low,3.2,4.13,0.41,0.19,0.09,0.0,1.58,2.27
2024-02-13,10:00,10,13,2,1,0,12.4,76.4,1,Medium,2.27,3.13,0.37,0.2,0.09,0.0,1.26,1.92
2024-02-13,11:00,11,13,2,1,0,14.9,83.4,1,High,1.92,2.46,0.15,0.2,0.09,0.85,1.05,2.34
2024-02-13,12:00,12,13,2,1,0,13.7,79.1,1,Medium,2.34,2.18,0.24,0.21,0.09,0.0,2.02,2.56
2024-02-13,13:00,13,13,2,1,0,14.3,81.7,1,Medium,2.56,2.27,0.18,0.2,0.09,0.0,1.62,2.09
2024-02-13,14:00,14,13,2,1,0,16.1,80.3,2,Medium,2.09,2.33,0.0,0.2,0.1,0.0,1.95,2.25
2024-02-13,15:00,15,13,2,1,0,16.2,64.7,1,Low,2.25,2.3,0.0,0.2,0.09,0.0,1.23,1.52
2024-02-13,16:00,16,13,2,1,0,14.1,73.7,1,Low,1.52,1.95,0.15,0.21,0.09,0.0,1.08,1.53
2024-02-13,17:00,17,13,2,1,0,15.0,72.4,2,Low,1.53,1.77,0.08,0.2,0.1,0.0,3.42,3.8
2024-02-13,18:00,18,13,2,1,0,13.8,78.9,2,High,3.8,2.28,0.31,0.2,0.22,0.0,5.81,6.54
2024-02-13,19:00,19,13,2,1,0,10.0,83.0,4,Medium,6.54,3.96,0.62,0.22,0.35,0.0,5.42,6.61
2024-02-13,20:00,20,13,2,1,0,10.0,90.5,2,High,6.61,5.65,0.84,0.21,0.22,0.85,5.82,7.94
2024-02-13,21:00,21,13,2,1,0,10.0,84.2,3,High,7.94,7.03,0.84,0.2,0.28,0.0,7.32,8.64
2024-02-13,22:00,22,13,2,1,0,10.0,83.2,1,Medium,8.64,7.73,0.62,0.21,0.15,0.0,3.98,4.96
2024-02-13,23:00,23,13,2,1,0,10.0,80.6,4,Medium,4.96,7.18,0.62,0.2,0.35,0.0,3.28,4.45
2024-02-14,00:00,0,14,2,2,0,10.0,81.6,3,Low,4.45,6.02,0.46,0.2,0.1,0.0,1.73,2.49
2024-02-14,01:00,1,14,2,2,0,10.0,86.0,2,Low,2.49,3.97,0.46,0.19,0.1,0.0,1.21,1.96
2024-02-14,02:00,2,14,2,2,0,10.0,86.1,5,Low,1.96,2.97,0.46,0.22,0.12,0.0,1.34,2.14
2024-02-14,03:00,3,14,2,2,0,10.0,91.1,4,Low,2.14,2.2,0.46,0.19,0.11,0.0,1.44,2.2
2024-02-14,04:00,4,14,2,2,0,10.0,86.0,2,Low,2.2,2.1,0.46,0.2,0.1,0.0,1.0,1.76
2024-02-14,05:00,5,14,2,2,0,10.0,82.7,4,Low,1.76,2.03,0.46,0.21,0.11,0.0,1.19,1.97
2024-02-14,06:00,6,14,2,2,0,10.0,83.2,5,Medium,1.97,1.98,0.62,0.2,0.12,0.0,3.42,4.36
2024-02-14,07:00,7,14,2,2,0,10.0,78.8,3,High,4.36,2.7,0.84,0.2,0.1,0.0,4.93,6.07
2024-02-14,08:00,8,14,2,2,0,10.2,84.5,3,Medium,6.07,4.13,0.6,0.2,0.1,0.0,4.06,4.96
2024-02-14,09:00,9,14,2,2,0,10.7,81.3,3,Low,4.96,5.13,0.41,0.21,0.1,0.0,1.98,2.7
2024-02-14,10:00,10,14,2,2,0,10.3,86.6,2,Low,2.7,4.58,0.44,0.2,0.1,0.0,1.89,2.63
2024-02-14,11:00,11,14,2,2,0,12.9,83.9,1,Medium,2.63,3.43,0.32,0.22,0.09,0.0,1.81,2.44
2024-02-14,12:00,12,14,2,2,0,16.3,75.4,2,Medium,2.44,2.59,0.0,0.2,0.1,0.0,2.07,2.37
2024-02-14,13:00,13,14,2,2,0,15.0,82.6,1,Medium,2.37,2.48,0.1,0.19,0.09,0.0,1.67,2.05
2024-02-14,14:00,14,14,2,2,0,15.5,76.7,1,High,2.05,2.29,0.07,0.19,0.09,0.0,1.95,2.3
2024-02-14,15:00,15,14,2,2,0,17.6,73.3,4,Medium,2.3,2.24,0.0,0.2,0.11,0.0,2.22,2.53
2024-02-14,16:00,16,14,2,2,0,13.4,76.0,1,Medium,2.53,2.29,0.27,0.2,0.09,0.0,1.68,2.24
2024-02-14,17:00,17,14,2,2,0,13.4,87.5,1,Medium,2.24,2.36,0.27,0.21,0.09,0.0,3.91,4.48
2024-02-14,18:00,18,14,2,2,0,12.0,83.3,3,High,4.48,3.08,0.56,0.19,0.28,0.0,6.16,7.19
2024-02-14,19:00,19,14,2,2,0,11.0,80.8,3,High,7.19,4.64,0.7,0.21,0.28,0.85,6.3,8.34
2024-02-14,20:00,20,14,2,2,0,10.0,87.4,3,High,8.34,6.67,0.84,0.21,0.28,0.85,6.57,8.75
2024-02-14,21:00,21,14,2,2,0,10.0,80.9,4,High,8.75,8.09,0.84,0.2,0.35,0.0,7.77,9.16
2024-02-14,22:00,22,14,2,2,0,10.0,86.0,3,Medium,9.16,8.75,0.62,0.2,0.28,0.0,3.93,5.03
2024-02-14,23:00,23,14,2,2,0,10.0,79.4,2,Medium,5.03,7.65,0.62,0.21,0.22,0.0,3.04,4.09
2024-02-15,00:00,0,15,2,3,0,10.0,79.7,2,Low,4.09,6.09,0.46,0.21,0.1,0.0,1.47,2.24
2024-02-15,01:00,1,15,2,3,0,10.0,84.4,3,Low,2.24,3.79,0.46,0.19,0.1,0.0,1.27,2.02
2024-02-15,02:00,2,15,2,3,0,10.0,82.6,3,Low,2.02,2.78,0.46,0.21,0.1,0.0,1.25,2.02
2024-02-15,03:00,3,15,2,3,0,10.0,85.0,1,Low,2.02,2.09,0.46,0.22,0.09,0.0,0.84,1.61
2024-02-15,04:00,4,15,2,3,0,10.0,79.7,3,Low,1.61,1.88,0.46,0.21,0.1,0.0,0.98,1.75
2024-02-15,05:00,5,15,2,3,0,10.0,77.3,4,Low,1.75,1.79,0.46,0.19,0.11,0.0,0.99,1.75
2024-02-15,06:00,6,15,2,3,0,10.0,72.5,3,Low,1.75,1.7,0.46,0.2,0.1,0.0,2.22,2.98
2024-02-15,07:00,7,15,2,3,0,10.2,84.8,3,Medium,2.98,2.16,0.6,0.2,0.1,0.0,3.52,4.42
2024-02-15,08:00,8,15,2,3,0,10.5,78.8,1,Low,4.42,3.05,0.42,0.22,0.09,0.0,2.59,3.32
2024-02-15,09:00,9,15,2,3,0,10.4,73.5,3,Medium,3.32,3.57,0.58,0.2,0.1,0.0,2.36,3.24
2024-02-15,10:00,10,15,2,3,0,10.8,78.0,2,Low,3.24,3.66,0.4,0.2,0.1,0.0,1.77,2.47
2024-02-15,11:00,11,15,2,3,0,13.7,73.7,1,Low,2.47,3.01,0.18,0.19,0.09,0.0,1.46,1.92
2024-02-15,12:00,12,15,2,3,0,15.4,73.9,1,Medium,1.92,2.54,0.06,0.2,0.09,0.0,2.04,2.39
2024-02-15,13:00,13,15,2,3,0,15.8,80.2,3,Low,2.39,2.26,0.02,0.22,0.1,0.0,1.41,1.75
2024-02-15,14:00,14,15,2,3,0,16.4,67.2,1,Low,1.75,2.02,0.0,0.2,0.09,0.0,0.88,1.17
2024-02-15,15:00,15,15,2,3,0,15.5,78.0,1,Medium,1.17,1.77,0.05,0.21,0.09,0.0,1.57,1.92
2024-02-15,16:00,16,15,2,3,0,13.6,80.2,2,Medium,1.92,1.61,0.25,0.21,0.1,0.0,1.4,1.96
2024-02-15,17:00,17,15,2,3,0,12.7,81.5,3,Medium,1.96,1.68,0.34,0.22,0.1,0.0,4.29,4.95
2024-02-15,18:00,18,15,2,3,0,13.9,77.3,2,High,4.95,2.94,0.29,0.19,0.22,0.0,6.52,7.22
2024-02-15,19:00,19,15,2,3,0,10.3,77.7,3,High,7.22,4.71,0.8,0.19,0.28,0.85,6.6,8.72
2024-02-15,20:00,20,15,2,3,0,10.0,80.2,3,High,8.72,6.96,0.84,0.19,0.28,0.85,6.39,8.55
2024-02-15,21:00,21,15,2,3,0,10.0,81.5,3,High,8.55,8.16,0.84,0.19,0.28,0.0,7.68,8.99
2024-02-15,22:00,22,15,2,3,0,10.0,79.8,5,High,8.99,8.75,0.84,0.22,0.42,0.0,5.36,6.84
2024-02-15,23:00,23,15,2,3,0,10.0,89.2,1,Medium,6.84,8.13,0.62,0.2,0.15,0.0,3.45,4.42
2024-02-16,00:00,0,16,2,4,0,10.0,85.8,1,Low,4.42,6.75,0.46,0.2,0.09,0.0,1.39,2.14
2024-02-16,01:00,1,16,2,4,0,10.0,70.0,2,Low,2.14,4.47,0.46,0.21,0.1,0.0,1.26,2.03
2024-02-16,02:00,2,16,2,4,0,10.0,79.7,4,Low,2.03,2.86,0.46,0.19,0.11,0.0,1.35,2.11
2024-02-16,03:00,3,16,2,4,0,10.0,79.1,3,Low,2.11,2.09,0.46,0.21,0.1,0.0,1.32,2.09
2024-02-16,04:00,4,16,2,4,0,10.0,87.4,4,Low,2.09,2.08,0.46,0.21,0.11,0.0,1.3,2.08
2024-02-16,05:00,5,16,2,4,0,10.0,85.8,3,Low,2.08,2.09,0.46,0.21,0.1,0.0,1.19,1.96
2024-02-16,06:00,6,16,2,4,0,10.0,88.2,2,Medium,1.96,2.04,0.62,0.19,0.1,0.0,3.1,4.01
2024-02-16,07:00,7,16,2,4,0,10.0,91.6,4,Low,4.01,2.68,0.46,0.21,0.11,0.0,2.96,3.74
2024-02-16,08:00,8,16,2,4,0,10.0,79.0,2,Medium,3.74,3.24,0.62,0.19,0.1,0.0,3.47,4.38
2024-02-16,09:00,9,16,2,4,0,10.7,81.1,1,High,4.38,4.04,0.74,0.21,0.09,0.0,2.32,3.36
2024-02-16,10:00,10,16,2,4,0,11.6,82.2,1,Medium,3.36,3.83,0.46,0.2,0.09,0.0,1.97,2.72
2024-02-16,11:00,11,16,2,4,0,15.7,74.1,1,Medium,2.72,3.49,0.03,0.2,0.09,0.0,1.62,1.94
2024-02-16,12:00,12,16,2,4,0,15.9,77.6,1,Medium,1.94,2.67,0.01,0.19,0.09,0.0,1.72,2.01
2024-02-16,13:00,13,16,2,4,0,13.4,75.8,4,Medium,2.01,2.22,0.27,0.21,0.11,0.0,2.21,2.8
2024-02-16,14:00,14,16,2,4,0,14.1,86.9,3,High,2.8,2.25,0.27,0.21,0.1,0.0,2.79,3.37
2024-02-16,15:00,15,16,2,4,0,16.2,69.8,1,Low,3.37,2.73,0.0,0.2,0.09,0.0,1.5,1.79
2024-02-16,16:00,16,16,2,4,0,15.2,76.6,1,Medium,1.79,2.65,0.08,0.19,0.09,0.0,1.77,2.13
2024-02-16,17:00,17,16,2,4,0,14.3,71.6,1,Low,2.13,2.43,0.13,0.2,0.09,0.0,3.22,3.64
2024-02-16,18:00,18,16,2,4,0,11.7,79.4,2,High,3.64,2.52,0.6,0.19,0.22,0.0,6.01,7.02
2024-02-16,19:00,19,16,2,4,0,10.0,78.6,2,Medium,7.02,4.26,0.62,0.2,0.22,0.0,5.8,6.84
2024-02-16,20:00,20,16,2,4,0,10.3,78.9,3,High,6.84,5.83,0.8,0.19,0.28,0.85,6.37,8.49
2024-02-16,21:00,21,16,2,4,0,10.0,80.8,5,Medium,8.49,7.45,0.62,0.2,0.42,0.0,6.62,7.86
2024-02-16,22:00,22,16,2,4,0,10.0,84.2,5,High,7.86,7.73,0.84,0.21,0.42,0.0,4.92,6.39
2024-02-16,23:00,23,16,2,4,0,10.0,80.1,3,Low,6.39,7.58,0.46,0.21,0.28,0.0,2.63,3.58
2024-02-17,00:00,0,17,2,5,1,10.0,80.3,4,Low,3.58,5.94,0.46,0.19,0.11,0.0,1.92,2.68
2024-02-17,01:00,1,17,2,5,1,10.0,76.7,2,Low,2.68,4.22,0.46,0.19,0.1,0.0,1.23,1.98
2024-02-17,02:00,2,17,2,5,1,10.0,82.8,2,Low,1.98,2.75,0.46,0.2,0.1,0.0,1.03,1.79
2024-02-17,03:00,3,17,2,5,1,10.0,80.1,3,Low,1.79,2.15,0.46,0.22,0.1,0.0,0.79,1.57
2024-02-17,04:00,4,17,2,5,1,10.0,80.2,1,Low,1.57,1.78,0.46,0.2,0.09,0.0,0.73,1.48
2024-02-17,05:00,5,17,2,5,1,10.0,88.2,4,Low,1.48,1.61,0.46,0.2,0.11,0.0,1.37,2.14
2024-02-17,06:00,6,17,2,5,1,10.0,82.4,3,Medium,2.14,1.73,0.62,0.19,0.1,0.0,3.43,4.34
2024-02-17,07:00,7,17,2,5,1,10.0,88.8,4,Medium,4.34,2.65,0.62,0.19,0.11,0.0,3.93,4.85
2024-02-17,08:00,8,17,2,5,1,11.3,82.6,3,Medium,4.85,3.78,0.49,0.22,0.1,0.0,3.84,4.65
2024-02-17,09:00,9,17,2,5,1,12.4,87.1,4,Medium,4.65,4.61,0.37,0.21,0.11,0.0,3.67,4.36
2024-02-17,10:00,10,17,2,5,1,12.0,85.4,3,Low,4.36,4.62,0.31,0.2,0.1,0.0,2.65,3.26
2024-02-17,11:00,11,17,2,5,1,13.0,86.1,2,Medium,3.26,4.09,0.31,0.21,0.1,0.0,2.59,3.21
2024-02-17,12:00,12,17,2,5,1,15.8,77.4,3,Medium,3.21,3.61,0.02,0.2,0.1,0.0,2.95,3.27
2024-02-17,13:00,13,17,2,5,1,16.5,68.9,3,Low,3.27,3.25,0.0,0.19,0.1,0.0,2.08,2.37
2024-02-17,14:00,14,17,2,5,1,14.5,79.7,3,Low,2.37,2.95,0.11,0.2,0.1,0.0,2.19,2.6
2024-02-17,15:00,15,17,2,5,1,15.7,68.4,5,Medium,2.6,2.75,0.03,0.21,0.12,0.0,2.78,3.14
2024-02-17,16:00,16,17,2,5,1,15.8,75.3,4,Medium,3.14,2.7,0.02,0.21,0.11,0.0,3.19,3.53
2024-02-17,17:00,17,17,2,5,1,11.3,88.0,5,Low,3.53,3.09,0.36,0.2,0.12,0.0,3.99,4.67
2024-02-17,18:00,18,17,2,5,1,11.3,84.7,4,High,4.67,3.78,0.66,0.22,0.35,0.0,6.71,7.94
2024-02-17,19:00,19,17,2,5,1,10.7,87.0,1,High,7.94,5.38,0.74,0.22,0.15,0.85,6.05,8.01
2024-02-17,20:00,20,17,2,5,1,10.8,77.5,4,Medium,8.01,6.87,0.54,0.21,0.35,0.0,5.71,6.81
2024-02-17,21:00,21,17,2,5,1,10.0,82.2,4,High,6.81,7.59,0.84,0.2,0.35,0.0,7.57,8.96
2024-02-17,22:00,22,17,2,5,1,10.0,79.4,3,Medium,8.96,7.93,0.62,0.2,0.28,0.0,4.09,5.19
2024-02-17,23:00,23,17,2,5,1,10.0,81.5,3,Medium,5.19,6.99,0.62,0.2,0.28,0.0,2.87,3.97
2024-02-18,00:00,0,18,2,6,1,10.0,83.7,2,Low,3.97,6.04,0.46,0.19,0.1,0.0,1.18,1.93
2024-02-18,01:00,1,18,2,6,1,10.0,94.9,4,Low,1.93,3.7,0.46,0.2,0.11,0.0,1.3,2.07
2024-02-18,02:00,2,18,2,6,1,10.0,80.6,5,Low,2.07,2.66,0.46,0.19,0.12,0.0,1.24,2.01
2024-02-18,03:00,3,18,2,6,1,10.0,79.5,4,Low,2.01,2.0,0.46,0.19,0.11,0.0,1.27,2.03
2024-02-18,04:00,4,18,2,6,1,10.0,78.3,3,Low,2.03,2.04,0.46,0.2,0.1,0.0,1.09,1.85
2024-02-18,05:00,5,18,2,6,1,10.0,81.8,4,Low,1.85,1.96,0.46,0.19,0.11,0.0,1.07,1.83
2024-02-18,06:00,6,18,2,6,1,10.0,84.7,5,Medium,1.83,1.9,0.62,0.21,0.12,0.0,3.67,4.62
2024-02-18,07:00,7,18,2,6,1,10.0,78.5,3,Medium,4.62,2.77,0.62,0.21,0.1,0.0,3.69,4.62
2024-02-18,08:00,8,18,2,6,1,10.0,81.8,4,Medium,4.62,3.69,0.62,0.22,0.11,0.0,4.19,5.14
2024-02-18,09:00,9,18,2,6,1,10.9,89.7,5,Medium,5.14,4.79,0.53,0.21,0.12,0.0,3.89,4.75
2024-02-18,10:00,10,18,2,6,1,12.0,75.3,5,Medium,4.75,4.84,0.41,0.2,0.12,0.0,3.65,4.38
2024-02-18,11:00,11,18,2,6,1,12.4,82.3,3,Medium,4.38,4.76,0.37,0.22,0.1,0.0,3.1,3.79
2024-02-18,12:00,12,18,2,6,1,13.9,77.6,2,Medium,3.79,4.31,0.22,0.19,0.1,0.0,2.61,3.12
2024-02-18,13:00,13,18,2,6,1,13.1,83.3,2,Low,3.12,3.76,0.22,0.19,0.1,0.0,2.78,3.29
2024-02-18,14:00,14,18,2,6,1,14.1,79.9,3,Low,3.29,3.4,0.15,0.2,0.1,0.0,2.27,2.72
2024-02-18,15:00,15,18,2,6,1,16.1,75.5,1,Medium,2.72,3.04,0.0,0.22,0.09,0.0,2.13,2.44
2024-02-18,16:00,16,18,2,6,1,15.3,74.8,4,Low,2.44,2.82,0.05,0.2,0.11,0.0,2.18,2.54
2024-02-18,17:00,17,18,2,6,1,13.0,71.0,5,Low,2.54,2.57,0.23,0.2,0.12,0.0,4.1,4.65
2024-02-18,18:00,18,18,2,6,1,11.8,85.5,2,High,4.65,3.21,0.59,0.2,0.22,0.0,6.46,7.47
2024-02-18,19:00,19,18,2,6,1,13.4,85.9,2,High,7.47,4.89,0.36,0.19,0.22,0.85,6.19,7.81
2024-02-18,20:00,20,18,2,6,1,10.1,80.0,3,Medium,7.81,6.64,0.61,0.2,0.28,0.0,5.63,6.72
2024-02-18,21:00,21,18,2,6,1,10.0,79.9,3,High,6.72,7.33,0.84,0.22,0.28,0.0,7.21,8.55
2024-02-18,22:00,22,18,2,6,1,10.0,81.2,1,Medium,8.55,7.69,0.62,0.2,0.15,0.0,3.84,4.81
2024-02-18,23:00,23,18,2,6,1,10.0,88.2,4,Low,4.81,6.69,0.46,0.2,0.35,0.0,2.67,3.68
2024-02-19,00:00,0,19,2,0,0,10.0,85.8,3,Low,3.68,5.68,0.46,0.2,0.1,0.0,1.34,2.1
2024-02-19,01:00,1,19,2,0,0,10.0,89.4,3,Low,2.1,3.53,0.46,0.19,0.1,0.0,1.11,1.86
2024-02-19,02:00,2,19,2,0,0,10.0,83.4,5,Low,1.86,2.55,0.46,0.2,0.12,0.0,1.65,2.43
2024-02-19,03:00,3,19,2,0,0,10.0,83.9,3,Low,2.43,2.13,0.46,0.19,0.1,0.0,1.33,2.08
2024-02-19,04:00,4,19,2,0,0,10.0,86.3,1,Low,2.08,2.12,0.46,0.2,0.09,0.0,0.71,1.46
2024-02-19,05:00,5,19,2,0,0,10.0,83.5,3,Low,1.46,1.99,0.46,0.21,0.1,0.0,0.92,1.69
2024-02-19,06:00,6,19,2,0,0,10.0,87.0,1,Medium,1.69,1.74,0.62,0.2,0.09,0.0,3.03,3.94
2024-02-19,07:00,7,19,2,0,0,10.0,81.9,3,Medium,3.94,2.36,0.62,0.2,0.1,0.0,3.54,4.46
2024-02-19,08:00,8,19,2,0,0,10.0,82.8,4,Medium,4.46,3.36,0.62,0.19,0.11,0.0,3.82,4.74
2024-02-19,09:00,9,19,2,0,0,12.5,83.1,4,Medium,4.74,4.38,0.36,0.19,0.11,0.0,2.77,3.43
2024-02-19,10:00,10,19,2,0,0,13.5,71.7,1,High,3.43,4.21,0.35,0.21,0.09,0.85,1.51,3.01
2024-02-19,11:00,11,19,2,0,0,13.9,84.8,2,Medium,3.01,3.73,0.22,0.22,0.1,0.0,2.23,2.77
2024-02-19,12:00,12,19,2,0,0,15.9,78.8,3,Low,2.77,3.07,0.01,0.21,0.1,0.0,2.09,2.41
2024-02-19,13:00,13,19,2,0,0,12.1,88.7,1,Low,2.41,2.73,0.3,0.21,0.09,0.0,1.0,1.6
2024-02-19,14:00,14,19,2,0,0,16.0,71.3,1,Low,1.6,2.26,0.0,0.2,0.09,0.0,1.08,1.37
2024-02-19,15:00,15,19,2,0,0,15.7,78.2,2,Medium,1.37,1.79,0.03,0.22,0.1,0.0,1.39,1.74
2024-02-19,16:00,16,19,2,0,0,12.9,75.8,1,Low,1.74,1.57,0.24,0.22,0.09,0.0,1.08,1.63
2024-02-19,17:00,17,19,2,0,0,14.4,79.6,1,Medium,1.63,1.58,0.17,0.21,0.09,0.0,3.74,4.21
2024-02-19,18:00,18,19,2,0,0,11.1,77.1,3,High,4.21,2.53,0.68,0.21,0.28,0.0,6.36,7.53
2024-02-19,19:00,19,19,2,0,0,12.0,79.5,3,High,7.53,4.46,0.56,0.21,0.28,0.85,6.41,8.31
2024-02-19,20:00,20,19,2,0,0,10.0,83.5,2,High,8.31,6.68,0.84,0.21,0.22,0.85,6.35,8.47
2024-02-19,21:00,21,19,2,0,0,10.0,87.8,3,Medium,8.47,8.1,0.62,0.21,0.28,0.0,5.82,6.93
2024-02-19,22:00,22,19,2,0,0,10.0,91.2,1,High,6.93,7.9,0.84,0.2,0.15,0.0,3.6,4.79
2024-02-19,23:00,23,19,2,0,0,10.0,81.8,2,Medium,4.79,6.73,0.62,0.22,0.22,0.0,2.44,3.5
2024-02-20,00:00,0,20,2,1,0,10.0,86.5,4,Low,3.5,5.07,0.46,0.2,0.11,0.0,1.45,2.22
2024-02-20,01:00,1,20,2,1,0,10.0,82.7,3,Low,2.22,3.5,0.46,0.2,0.1,0.0,1.73,2.49
2024-02-20,02:00,2,20,2,1,0,10.0,82.5,2,Low,2.49,2.74,0.46,0.2,0.1,0.0,1.17,1.93
2024-02-20,03:00,3,20,2,1,0,10.0,82.8,2,Low,1.93,2.21,0.46,0.2,0.1,0.0,1.21,1.97
2024-02-20,04:00,4,20,2,1,0,10.0,83.7,5,Low,1.97,2.13,0.46,0.2,0.12,0.0,1.71,2.49
2024-02-20,05:00,5,20,2,1,0,10.0,82.3,4,Low,2.49,2.13,0.46,0.22,0.11,0.0,1.66,2.45
2024-02-20,06:00,6,20,2,1,0,10.0,85.7,2,Low,2.45,2.3,0.46,0.19,0.1,0.0,2.31,3.06
2024-02-20,07:00,7,20,2,1,0,10.0,88.4,5,Medium,3.06,2.67,0.62,0.21,0.12,0.0,3.5,4.45
2024-02-20,08:00,8,20,2,1,0,10.0,82.3,3,High,4.45,3.32,0.84,0.2,0.1,0.0,4.7,5.84
2024-02-20,09:00,9,20,2,1,0,10.3,80.5,1,Medium,5.84,4.45,0.59,0.21,0.09,0.0,2.74,3.63
2024-02-20,10:00,10,20,2,1,0,13.0,81.3,1,Medium,3.63,4.64,0.31,0.21,0.09,0.0,2.09,2.7
2024-02-20,11:00,11,20,2,1,0,14.7,73.9,1,Medium,2.7,4.06,0.13,0.21,0.09,0.0,1.83,2.26
2024-02-20,12:00,12,20,2,1,0,13.8,76.8,1,High,2.26,2.86,0.31,0.19,0.09,0.0,1.86,2.45
2024-02-20,13:00,13,20,2,1,0,17.8,81.2,1,High,2.45,2.47,0.0,0.19,0.09,0.0,2.11,2.39
2024-02-20,14:00,14,20,2,1,0,15.4,78.9,1,Medium,2.39,2.37,0.06,0.2,0.09,0.0,1.52,1.87
2024-02-20,15:00,15,20,2,1,0,15.9,77.2,1,Medium,1.87,2.24,0.01,0.21,0.09,0.0,1.45,1.76
2024-02-20,16:00,16,20,2,1,0,12.3,88.7,1,Medium,1.76,2.01,0.38,0.22,0.09,0.0,1.85,2.54
2024-02-20,17:00,17,20,2,1,0,13.3,80.8,1,Medium,2.54,2.06,0.28,0.22,0.09,0.0,4.23,4.82
2024-02-20,18:00,18,20,2,1,0,13.6,75.3,3,Medium,4.82,3.04,0.25,0.2,0.28,0.0,5.44,6.17
2024-02-20,19:00,19,20,2,1,0,11.9,90.2,3,Medium,6.17,4.51,0.42,0.21,0.28,0.0,5.35,6.26
2024-02-20,20:00,20,20,2,1,0,10.0,89.2,3,Medium,6.26,5.75,0.62,0.2,0.28,0.0,5.8,6.9
2024-02-20,21:00,21,20,2,1,0,10.5,82.4,2,Medium,6.9,6.44,0.57,0.21,0.22,0.0,5.24,6.24
2024-02-20,22:00,22,20,2,1,0,10.0,89.8,5,High,6.24,6.47,0.84,0.21,0.42,0.0,4.67,6.14
2024-02-20,23:00,23,20,2,1,0,10.0,82.0,2,Low,6.14,6.43,0.46,0.22,0.22,0.0,2.67,3.57
2024-02-21,00:00,0,21,2,2,0,10.0,80.4,2,Low,3.57,5.32,0.46,0.2,0.1,0.0,1.4,2.16
2024-02-21,01:00,1,21,2,2,0,10.0,79.3,3,Low,2.16,3.96,0.46,0.21,0.1,0.0,1.18,1.95
2024-02-21,02:00,2,21,2,2,0,10.0,90.3,5,Low,1.95,2.56,0.46,0.22,0.12,0.0,1.35,2.15
2024-02-21,03:00,3,21,2,2,0,10.0,83.0,3,Low,2.15,2.09,0.46,0.21,0.1,0.0,1.07,1.84
2024-02-21,04:00,4,21,2,2,0,10.0,80.4,1,Low,1.84,1.98,0.46,0.22,0.09,0.0,0.97,1.74
2024-02-21,05:00,5,21,2,2,0,10.0,86.5,2,Low,1.74,1.91,0.46,0.22,0.1,0.0,1.38,2.16
2024-02-21,06:00,6,21,2,2,0,10.0,82.1,3,Medium,2.16,1.91,0.62,0.2,0.1,0.0,3.52,4.44
2024-02-21,07:00,7,21,2,2,0,10.0,90.9,2,Medium,4.44,2.78,0.62,0.21,0.1,0.0,3.56,4.49
2024-02-21,08:00,8,21,2,2,0,10.6,82.2,3,Medium,4.49,3.7,0.56,0.21,0.1,0.0,3.75,4.62
2024-02-21,09:00,9,21,2,2,0,11.1,78.4,2,Medium,4.62,4.52,0.51,0.2,0.1,0.0,2.21,3.02
2024-02-21,10:00,10,21,2,2,0,12.1,81.8,1,Medium,3.02,4.04,0.4,0.19,0.09,0.0,2.03,2.71
2024-02-21,11:00,11,21,2,2,0,14.4,73.5,1,Low,2.71,3.45,0.12,0.21,0.09,0.0,1.19,1.61
2024-02-21,12:00,12,21,2,2,0,13.5,85.0,2,Low,1.61,2.45,0.19,0.19,0.1,0.0,1.18,1.66
2024-02-21,13:00,13,21,2,2,0,15.4,79.1,2,Low,1.66,1.99,0.05,0.21,0.1,0.0,1.23,1.59
2024-02-21,14:00,14,21,2,2,0,17.0,76.2,1,Low,1.59,1.62,0.0,0.21,0.09,0.0,1.41,1.71
2024-02-21,15:00,15,21,2,2,0,18.1,74.2,3,Low,1.71,1.65,0.0,0.2,0.1,0.0,1.49,1.79
2024-02-21,16:00,16,21,2,2,0,14.8,82.1,2,Low,1.79,1.7,0.09,0.2,0.1,0.0,1.16,1.55
2024-02-21,17:00,17,21,2,2,0,14.5,74.3,2,Low,1.55,1.68,0.11,0.19,0.1,0.0,2.93,3.33
2024-02-21,18:00,18,21,2,2,0,12.0,85.3,3,High,3.33,2.22,0.56,0.2,0.28,0.0,6.26,7.3
2024-02-21,19:00,19,21,2,2,0,12.2,77.3,2,High,7.3,4.06,0.53,0.21,0.22,0.85,6.25,8.06
2024-02-21,20:00,20,21,2,2,0,11.7,79.1,3,Medium,8.06,6.23,0.45,0.21,0.28,0.0,6.23,7.17
2024-02-21,21:00,21,21,2,2,0,10.0,84.9,1,High,7.17,7.51,0.84,0.22,0.15,0.0,6.82,8.03
2024-02-21,22:00,22,21,2,2,0,10.0,84.6,2,Medium,8.03,7.75,0.62,0.19,0.22,0.0,3.77,4.8
2024-02-21,23:00,23,21,2,2,0,10.0,84.8,3,Medium,4.8,6.67,0.62,0.2,0.28,0.0,3.16,4.26
2024-02-22,00:00,0,22,2,3,0,10.0,75.7,3,Low,4.26,5.7,0.46,0.21,0.1,0.0,1.81,2.58
2024-02-22,01:00,1,22,2,3,0,10.0,86.3,3,Low,2.58,3.88,0.46,0.2,0.1,0.0,1.15,1.91
2024-02-22,02:00,2,22,2,3,0,10.0,87.7,3,Low,1.91,2.92,0.46,0.2,0.1,0.0,1.13,1.89
2024-02-22,03:00,3,22,2,3,0,10.0,85.5,5,Low,1.89,2.13,0.46,0.21,0.12,0.0,1.46,2.25
2024-02-22,04:00,4,22,2,3,0,10.0,82.0,3,Low,2.25,2.02,0.46,0.21,0.1,0.0,1.03,1.8
2024-02-22,05:00,5,22,2,3,0,10.0,79.5,3,Low,1.8,1.98,0.46,0.21,0.1,0.0,1.03,1.8
2024-02-22,06:00,6,22,2,3,0,10.0,77.3,2,Medium,1.8,1.95,0.62,0.19,0.1,0.0,2.91,3.82
2024-02-22,07:00,7,22,2,3,0,10.0,76.9,3,Medium,3.82,2.47,0.62,0.21,0.1,0.0,3.74,4.67
2024-02-22,08:00,8,22,2,3,0,10.0,89.0,5,High,4.67,3.43,0.84,0.21,0.12,0.0,5.38,6.55
2024-02-22,09:00,9,22,2,3,0,12.6,78.0,2,Medium,6.55,5.01,0.35,0.2,0.1,0.0,2.97,3.62
2024-02-22,10:00,10,22,2,3,0,11.5,84.2,1,Medium,3.62,4.95,0.47,0.2,0.09,0.0,1.9,2.66
2024-02-22,11:00,11,22,2,3,0,13.4,76.5,4,Medium,2.66,4.28,0.27,0.2,0.11,0.0,2.33,2.91
2024-02-22,12:00,12,22,2,3,0,17.3,70.8,1,Low,2.91,3.06,0.0,0.22,0.09,0.0,1.29,1.6
2024-02-22,13:00,13,22,2,3,0,13.7,73.6,2,Low,1.6,2.39,0.18,0.2,0.1,0.0,1.48,1.96
2024-02-22,14:00,14,22,2,3,0,12.9,80.3,1,Medium,1.96,2.16,0.32,0.19,0.09,0.0,1.49,2.09
2024-02-22,15:00,15,22,2,3,0,16.2,74.2,2,Medium,2.09,1.88,0.0,0.21,0.1,0.0,1.66,1.97
2024-02-22,16:00,16,22,2,3,0,14.5,74.5,1,Low,1.97,2.01,0.11,0.2,0.09,0.0,1.28,1.68
2024-02-22,17:00,17,22,2,3,0,12.6,68.8,4,Low,1.68,1.91,0.26,0.21,0.11,0.0,3.45,4.03
2024-02-22,18:00,18,22,2,3,0,13.5,79.2,3,High,4.03,2.56,0.35,0.19,0.28,0.0,6.12,6.94
2024-02-22,19:00,19,22,2,3,0,12.1,87.5,1,High,6.94,4.22,0.54,0.2,0.15,0.85,6.26,8.0
2024-02-22,20:00,20,22,2,3,0,11.7,80.0,3,Medium,8.0,6.32,0.45,0.21,0.28,0.0,5.97,6.91
2024-02-22,21:00,21,22,2,3,0,10.0,82.7,4,Low,6.91,7.28,0.46,0.22,0.35,0.0,4.4,5.43
2024-02-22,22:00,22,22,2,3,0,10.0,81.4,3,Medium,5.43,6.78,0.62,0.2,0.28,0.0,2.94,4.04
2024-02-22,23:00,23,22,2,3,0,10.0,81.3,2,Low,4.04,5.46,0.46,0.19,0.22,0.0,1.74,2.61
2024-02-23,00:00,0,23,2,4,0,10.0,82.8,2,Low,2.61,4.03,0.46,0.21,0.1,0.0,1.32,2.09
2024-02-23,01:00,1,23,2,4,0,10.0,90.7,3,Low,2.09,2.91,0.46,0.19,0.1,0.0,1.23,1.98
2024-02-23,02:00,2,23,2,4,0,10.0,90.7,3,Low,1.98,2.23,0.46,0.2,0.1,0.0,1.33,2.09
2024-02-23,03:00,3,23,2,4,0,10.0,81.6,2,Low,2.09,2.05,0.46,0.19,0.1,0.0,1.27,2.02
2024-02-23,04:00,4,23,2,4,0,10.0,78.5,4,Low,2.02,2.03,0.46,0.19,0.11,0.0,1.42,2.18
2024-02-23,05:00,5,23,2,4,0,10.0,80.9,3,Low,2.18,2.1,0.46,0.21,0.1,0.0,1.31,2.08
2024-02-23,06:00,6,23,2,4,0,10.0,83.1,4,Low,2.08,2.09,0.46,0.2,0.11,0.0,2.56,3.33
2024-02-23,07:00,7,23,2,4,0,10.0,80.8,1,High,3.33,2.53,0.84,0.19,0.09,0.0,3.71,4.83
2024-02-23,08:00,8,23,2,4,0,11.0,84.5,4,Medium,4.83,3.41,0.52,0.2,0.11,0.0,4.24,5.07
2024-02-23,09:00,9,23,2,4,0,12.4,81.7,2,Low,5.07,4.41,0.28,0.19,0.1,0.0,2.15,2.72
2024-02-23,10:00,10,23,2,4,0,14.3,75.2,1,Low,2.72,4.21,0.13,0.21,0.09,0.0,1.17,1.6
2024-02-23,11:00,11,23,2,4,0,13.4,80.1,1,Low,1.6,3.13,0.2,0.19,0.09,0.0,0.98,1.46
2024-02-23,12:00,12,23,2,4,0,14.4,77.5,1,Medium,1.46,1.93,0.17,0.21,0.09,0.0,1.34,1.81
2024-02-23,13:00,13,23,2,4,0,14.3,78.5,1,Low,1.81,1.62,0.13,0.19,0.09,0.0,1.43,1.84
2024-02-23,14:00,14,23,2,4,0,14.6,74.6,1,Medium,1.84,1.7,0.14,0.21,0.09,0.0,1.61,2.05
2024-02-23,15:00,15,23,2,4,0,14.0,71.8,1,Low,2.05,1.9,0.15,0.21,0.09,0.0,1.27,1.72
2024-02-23,16:00,16,23,2,4,0,16.0,78.6,1,Medium,1.72,1.87,0.0,0.21,0.09,0.0,1.4,1.7
2024-02-23,17:00,17,23,2,4,0,12.5,71.7,1,Low,1.7,1.82,0.27,0.21,0.09,0.0,3.04,3.61
2024-02-23,18:00,18,23,2,4,0,10.4,90.7,2,Medium,3.61,2.34,0.58,0.22,0.22,0.0,4.23,5.25
2024-02-23,19:00,19,23,2,4,0,10.0,89.1,2,High,5.25,3.52,0.84,0.21,0.22,0.85,5.23,7.35
2024-02-23,20:00,20,23,2,4,0,10.0,85.7,4,High,7.35,5.4,0.84,0.21,0.35,0.85,6.21,8.46
2024-02-23,21:00,21,23,2,4,0,10.0,84.3,2,Medium,8.46,7.02,0.62,0.2,0.22,0.0,5.78,6.82
2024-02-23,22:00,22,23,2,4,0,10.0,79.5,2,High,6.82,7.54,0.84,0.21,0.22,0.0,4.39,5.66
2024-02-23,23:00,23,23,2,4,0,10.0,81.0,2,Low,5.66,6.98,0.46,0.21,0.22,0.0,2.61,3.5
2024-02-24,00:00,0,24,2,5,1,10.0,82.4,4,Low,3.5,5.33,0.46,0.19,0.11,0.0,1.91,2.67
2024-02-24,01:00,1,24,2,5,1,10.0,78.5,4,Low,2.67,3.94,0.46,0.2,0.11,0.0,1.67,2.44
2024-02-24,02:00,2,24,2,5,1,10.0,81.8,3,Low,2.44,2.87,0.46,0.2,0.1,0.0,1.17,1.93
2024-02-24,03:00,3,24,2,5,1,10.0,86.0,2,Low,1.93,2.35,0.46,0.22,0.1,0.0,1.02,1.8
2024-02-24,04:00,4,24,2,5,1,10.0,84.3,4,Low,1.8,2.06,0.46,0.2,0.11,0.0,1.16,1.93
2024-02-24,05:00,5,24,2,5,1,10.0,88.4,3,Low,1.93,1.89,0.46,0.22,0.1,0.0,1.08,1.86
2024-02-24,06:00,6,24,2,5,1,10.0,77.3,3,Low,1.86,1.86,0.46,0.21,0.1,0.0,2.37,3.14
2024-02-24,07:00,7,24,2,5,1,10.0,81.4,3,Medium,3.14,2.31,0.62,0.2,0.1,0.0,3.45,4.37
2024-02-24,08:00,8,24,2,5,1,12.9,81.6,5,Medium,4.37,3.12,0.32,0.21,0.12,0.0,4.11,4.76
2024-02-24,09:00,9,24,2,5,1,10.8,87.7,4,Medium,4.76,4.09,0.54,0.21,0.11,0.0,3.6,4.46
2024-02-24,10:00,10,24,2,5,1,13.6,75.8,5,Medium,4.46,4.53,0.25,0.2,0.12,0.0,3.3,3.87
2024-02-24,11:00,11,24,2,5,1,13.1,84.5,4,Low,3.87,4.36,0.22,0.21,0.11,0.0,2.75,3.29
2024-02-24,12:00,12,24,2,5,1,17.9,66.6,4,Medium,3.29,3.87,0.0,0.21,0.11,0.0,3.32,3.64
2024-02-24,13:00,13,24,2,5,1,14.3,82.0,2,Medium,3.64,3.6,0.18,0.2,0.1,0.0,2.67,3.15
2024-02-24,14:00,14,24,2,5,1,15.7,86.6,4,High,3.15,3.36,0.04,0.2,0.11,0.0,4.27,4.62
2024-02-24,15:00,15,24,2,5,1,15.7,76.6,3,Low,4.62,3.8,0.02,0.21,0.1,0.0,2.53,2.86
2024-02-24,16:00,16,24,2,5,1,13.2,77.9,5,Low,2.86,3.54,0.21,0.2,0.12,0.0,2.22,2.75
2024-02-24,17:00,17,24,2,5,1,14.0,75.0,2,Low,2.75,3.41,0.15,0.21,0.1,0.0,3.48,3.94
2024-02-24,18:00,18,24,2,5,1,14.6,69.8,3,High,3.94,3.18,0.2,0.21,0.28,0.0,6.48,7.17
2024-02-24,19:00,19,24,2,5,1,11.5,78.9,4,Low,7.17,4.62,0.34,0.21,0.35,0.0,4.46,5.36
2024-02-24,20:00,20,24,2,5,1,10.0,84.1,4,High,5.36,5.49,0.84,0.21,0.35,0.85,5.91,8.16
2024-02-24,21:00,21,24,2,5,1,10.0,82.2,4,Low,8.16,6.9,0.46,0.19,0.35,0.0,5.01,6.01
2024-02-24,22:00,22,24,2,5,1,10.0,81.9,2,High,6.01,6.51,0.84,0.22,0.22,0.0,3.55,4.83
2024-02-24,23:00,23,24,2,5,1,10.0,89.4,3,Low,4.83,6.33,0.46,0.22,0.28,0.0,2.66,3.62
2024-02-25,00:00,0,25,2,6,1,10.0,81.7,3,Low,3.62,4.82,0.46,0.22,0.1,0.0,1.64,2.42
2024-02-25,01:00,1,25,2,6,1,10.0,77.9,3,Low,2.42,3.62,0.46,0.2,0.1,0.0,1.46,2.22
2024-02-25,02:00,2,25,2,6,1,10.0,85.2,3,Low,2.22,2.75,0.46,0.19,0.1,0.0,1.0,1.75
2024-02-25,03:00,3,25,2,6,1,10.0,88.1,4,Low,1.75,2.13,0.46,0.2,0.11,0.0,1.13,1.9
2024-02-25,04:00,4,25,2,6,1,10.0,90.6,3,Low,1.9,1.96,0.46,0.21,0.1,0.0,1.66,2.43
2024-02-25,05:00,5,25,2,6,1,10.0,84.2,2,Low,2.43,2.03,0.46,0.22,0.1,0.0,1.03,1.81
2024-02-25,06:00,6,25,2,6,1,10.0,82.0,3,Medium,1.81,2.05,0.62,0.21,0.1,0.0,2.87,3.8
2024-02-25,07:00,7,25,2,6,1,10.0,85.3,5,Medium,3.8,2.68,0.62,0.2,0.12,0.0,3.99,4.93
2024-02-25,08:00,8,25,2,6,1,10.0,80.8,3,High,4.93,3.51,0.84,0.2,0.1,0.0,4.91,6.05
2024-02-25,09:00,9,25,2,6,1,11.9,74.8,2,Medium,6.05,4.93,0.42,0.22,0.1,0.0,3.24,3.98
2024-02-25,10:00,10,25,2,6,1,12.7,78.6,4,Medium,3.98,4.99,0.34,0.2,0.11,0.0,3.42,4.07
2024-02-25,11:00,11,25,2,6,1,14.0,76.8,1,Low,4.07,4.7,0.15,0.2,0.09,0.0,2.22,2.66
2024-02-25,12:00,12,25,2,6,1,14.0,80.1,5,High,2.66,3.57,0.28,0.2,0.12,0.0,4.3,4.9
2024-02-25,13:00,13,25,2,6,1,16.3,74.2,4,Low,4.9,3.88,0.0,0.19,0.11,0.0,3.01,3.31
2024-02-25,14:00,14,25,2,6,1,16.0,69.9,4,Medium,3.31,3.62,0.0,0.2,0.11,0.0,3.35,3.66
2024-02-25,15:00,15,25,2,6,1,15.3,67.8,3,Medium,3.66,3.96,0.07,0.2,0.1,0.0,3.51,3.88
2024-02-25,16:00,16,25,2,6,1,13.1,81.1,2,Medium,3.88,3.62,0.3,0.22,0.1,0.0,2.9,3.52
2024-02-25,17:00,17,25,2,6,1,15.8,70.4,5,Low,3.52,3.69,0.02,0.2,0.12,0.0,4.27,4.61
2024-02-25,18:00,18,25,2,6,1,14.2,86.4,4,High,4.61,4.0,0.25,0.2,0.35,0.0,7.02,7.82
2024-02-25,19:00,19,25,2,6,1,12.1,77.4,3,Medium,7.82,5.32,0.4,0.22,0.28,0.0,5.94,6.84
2024-02-25,20:00,20,25,2,6,1,10.0,87.5,4,High,6.84,6.42,0.84,0.2,0.35,0.85,6.5,8.74
2024-02-25,21:00,21,25,2,6,1,10.0,79.0,3,High,8.74,7.8,0.84,0.2,0.28,0.0,7.7,9.02
2024-02-25,22:00,22,25,2,6,1,10.0,90.6,2,Medium,9.02,8.2,0.62,0.21,0.22,0.0,3.75,4.8
2024-02-25,23:00,23,25,2,6,1,10.0,84.3,2,Medium,4.8,7.52,0.62,0.22,0.22,0.0,2.94,4.0
2024-02-26,00:00,0,26,2,0,0,10.0,86.6,5,Low,4.0,5.94,0.46,0.19,0.12,0.0,1.87,2.64
2024-02-26,01:00,1,26,2,0,0,10.0,86.5,3,Low,2.64,3.81,0.46,0.2,0.1,0.0,1.69,2.45
2024-02-26,02:00,2,26,2,0,0,10.0,85.9,3,Low,2.45,3.03,0.46,0.22,0.1,0.0,1.3,2.08
2024-02-26,03:00,3,26,2,0,0,10.0,86.6,2,Low,2.08,2.39,0.46,0.19,0.1,0.0,1.01,1.76
2024-02-26,04:00,4,26,2,0,0,10.0,88.4,2,Low,1.76,2.1,0.46,0.2,0.1,0.0,1.35,2.11
2024-02-26,05:00,5,26,2,0,0,10.0,86.0,2,Low,2.11,1.98,0.46,0.2,0.1,0.0,1.02,1.78
2024-02-26,06:00,6,26,2,0,0,10.0,82.5,3,Low,1.78,1.88,0.46,0.19,0.1,0.0,2.23,2.98
2024-02-26,07:00,7,26,2,0,0,10.0,81.3,3,High,2.98,2.29,0.84,0.2,0.1,0.0,4.73,5.87
2024-02-26,08:00,8,26,2,0,0,10.0,77.4,3,Medium,5.87,3.54,0.62,0.19,0.1,0.0,4.15,5.06
2024-02-26,09:00,9,26,2,0,0,11.2,75.8,1,High,5.06,4.64,0.67,0.22,0.09,0.0,2.92,3.9
2024-02-26,10:00,10,26,2,0,0,13.8,81.6,1,Low,3.9,4.94,0.17,0.2,0.09,0.0,1.58,2.04
2024-02-26,11:00,11,26,2,0,0,12.8,77.9,2,Low,2.04,3.67,0.24,0.21,0.1,0.0,1.26,1.81
2024-02-26,12:00,12,26,2,0,0,15.0,73.0,3,Medium,1.81,2.58,0.1,0.19,0.1,0.0,2.01,2.4
2024-02-26,13:00,13,26,2,0,0,13.1,83.9,4,Low,2.4,2.08,0.22,0.21,0.11,0.0,1.91,2.45
2024-02-26,14:00,14,26,2,0,0,16.7,77.7,1,Low,2.45,2.22,0.0,0.2,0.09,0.0,1.47,1.76
2024-02-26,15:00,15,26,2,0,0,14.9,78.6,2,Low,1.76,2.2,0.08,0.2,0.1,0.0,1.54,1.92
2024-02-26,16:00,16,26,2,0,0,13.1,80.2,1,Low,1.92,2.04,0.22,0.19,0.09,0.0,1.31,1.81
2024-02-26,17:00,17,26,2,0,0,13.7,78.7,3,Low,1.81,1.83,0.18,0.21,0.1,0.0,3.83,4.32
2024-02-26,18:00,18,26,2,0,0,13.1,79.9,4,Low,4.32,2.68,0.22,0.2,0.35,0.0,3.62,4.39
2024-02-26,19:00,19,26,2,0,0,10.1,78.3,5,Low,4.39,3.51,0.45,0.2,0.42,0.0,3.67,4.74
2024-02-26,20:00,20,26,2,0,0,10.9,83.6,3,Medium,4.74,4.48,0.53,0.21,0.28,0.0,5.17,6.19
2024-02-26,21:00,21,26,2,0,0,10.0,79.4,3,Medium,6.19,5.11,0.62,0.19,0.28,0.0,5.41,6.5
2024-02-26,22:00,22,26,2,0,0,10.0,78.3,3,High,6.5,5.81,0.84,0.22,0.28,0.0,4.13,5.47
2024-02-26,23:00,23,26,2,0,0,10.0,86.5,5,Low,5.47,6.05,0.46,0.2,0.42,0.0,2.59,3.67
2024-02-27,00:00,0,27,2,1,0,10.0,90.3,3,Low,3.67,5.21,0.46,0.21,0.1,0.0,1.43,2.2
2024-02-27,01:00,1,27,2,1,0,10.0,81.0,2,Low,2.2,3.78,0.46,0.22,0.1,0.0,0.79,1.57
2024-02-27,02:00,2,27,2,1,0,10.0,89.7,1,Low,1.57,2.48,0.46,0.2,0.09,0.0,0.86,1.61
2024-02-27,03:00,3,27,2,1,0,10.0,75.8,4,Low,1.61,1.79,0.46,0.21,0.11,0.0,1.04,1.82
2024-02-27,04:00,4,27,2,1,0,10.0,80.0,5,Low,1.82,1.67,0.46,0.21,0.12,0.0,1.57,2.36
2024-02-27,05:00,5,27,2,1,0,10.0,93.7,3,Low,2.36,1.93,0.46,0.21,0.1,0.0,1.19,1.96
2024-02-27,06:00,6,27,2,1,0,10.0,82.5,4,Low,1.96,2.05,0.46,0.22,0.11,0.0,2.67,3.46
2024-02-27,07:00,7,27,2,1,0,10.0,81.1,3,Medium,3.46,2.59,0.62,0.22,0.1,0.0,3.72,4.66
2024-02-27,08:00,8,27,2,1,0,10.0,84.2,5,Medium,4.66,3.36,0.62,0.21,0.12,0.0,4.48,5.43
2024-02-27,09:00,9,27,2,1,0,11.2,84.3,1,High,5.43,4.52,0.67,0.2,0.09,0.0,3.05,4.01
2024-02-27,10:00,10,27,2,1,0,12.7,83.8,2,Medium,4.01,4.7,0.34,0.21,0.1,0.0,2.25,2.9
2024-02-27,11:00,11,27,2,1,0,15.9,60.6,1,Low,2.9,4.11,0.01,0.2,0.09,0.0,1.64,1.94
2024-02-27,12:00,12,27,2,1,0,15.5,70.2,2,Low,1.94,2.95,0.04,0.2,0.1,0.0,1.21,1.55
2024-02-27,13:00,13,27,2,1,0,16.3,73.4,1,Medium,1.55,2.13,0.0,0.2,0.09,0.0,1.47,1.76
2024-02-27,14:00,14,27,2,1,0,13.6,82.5,2,Medium,1.76,1.75,0.25,0.19,0.1,0.0,1.65,2.19
2024-02-27,15:00,15,27,2,1,0,15.7,74.4,3,Low,2.19,1.83,0.02,0.21,0.1,0.0,1.94,2.27
2024-02-27,16:00,16,27,2,1,0,12.4,77.8,2,Medium,2.27,2.07,0.37,0.21,0.1,0.0,1.68,2.36
2024-02-27,17:00,17,27,2,1,0,15.7,77.0,2,High,2.36,2.27,0.04,0.22,0.1,0.0,5.86,6.22
2024-02-27,18:00,18,27,2,1,0,12.4,85.5,2,Medium,6.22,3.62,0.37,0.21,0.22,0.0,5.39,6.19
2024-02-27,19:00,19,27,2,1,0,15.2,75.1,3,Medium,6.19,4.92,0.08,0.21,0.28,0.0,5.23,5.8
2024-02-27,20:00,20,27,2,1,0,11.0,82.7,4,Medium,5.8,6.07,0.52,0.19,0.35,0.0,5.17,6.23
2024-02-27,21:00,21,27,2,1,0,10.0,74.1,2,High,6.23,6.07,0.84,0.2,0.22,0.0,6.69,7.95
2024-02-27,22:00,22,27,2,1,0,10.0,87.2,2,Low,7.95,6.66,0.46,0.19,0.22,0.0,3.16,4.03
2024-02-27,23:00,23,27,2,1,0,10.0,92.8,2,Low,4.03,6.07,0.46,0.19,0.22,0.0,2.26,3.13
2024-02-28,00:00,0,28,2,2,0,10.0,87.5,4,Low,3.13,5.04,0.46,0.21,0.11,0.0,1.75,2.53
2024-02-28,01:00,1,28,2,2,0,10.0,80.6,3,Low,2.53,3.23,0.46,0.2,0.1,0.0,1.25,2.01
2024-02-28,02:00,2,28,2,2,0,10.0,91.8,3,Low,2.01,2.56,0.46,0.21,0.1,0.0,1.34,2.11
2024-02-28,03:00,3,28,2,2,0,10.0,86.1,3,Low,2.11,2.22,0.46,0.21,0.1,0.0,1.27,2.04
2024-02-28,04:00,4,28,2,2,0,10.0,83.6,4,Low,2.04,2.05,0.46,0.22,0.11,0.0,1.47,2.26
2024-02-28,05:00,5,28,2,2,0,10.0,83.5,3,Low,2.26,2.14,0.46,0.19,0.1,0.0,1.15,1.9
2024-02-28,06:00,6,28,2,2,0,10.0,93.8,2,Medium,1.9,2.07,0.62,0.2,0.1,0.0,2.99,3.91
2024-02-28,07:00,7,28,2,2,0,10.0,79.7,3,Medium,3.91,2.69,0.62,0.21,0.1,0.0,3.56,4.49
2024-02-28,08:00,8,28,2,2,0,10.0,89.7,2,High,4.49,3.43,0.84,0.2,0.1,0.0,4.68,5.82
2024-02-28,09:00,9,28,2,2,0,11.7,81.6,2,High,5.82,4.74,0.6,0.2,0.1,0.0,3.37,4.27
2024-02-28,10:00,10,28,2,2,0,12.8,79.0,1,High,4.27,4.86,0.45,0.2,0.09,0.85,1.98,3.57
2024-02-28,11:00,11,28,2,2,0,16.9,73.2,2,Medium,3.57,4.55,0.0,0.2,0.1,0.0,2.2,2.5
2024-02-28,12:00,12,28,2,2,0,15.3,79.7,1,Medium,2.5,3.45,0.07,0.2,0.09,0.0,1.42,1.78
2024-02-28,13:00,13,28,2,2,0,15.3,79.3,1,Low,1.78,2.62,0.05,0.22,0.09,0.0,1.17,1.53
2024-02-28,14:00,14,28,2,2,0,16.3,77.0,1,Medium,1.53,1.94,0.0,0.21,0.09,0.0,1.2,1.5
2024-02-28,15:00,15,28,2,2,0,13.5,78.1,1,Low,1.5,1.6,0.19,0.22,0.09,0.0,1.02,1.52
2024-02-28,16:00,16,28,2,2,0,14.9,78.3,2,Medium,1.52,1.52,0.11,0.21,0.1,0.0,2.1,2.52
2024-02-28,17:00,17,28,2,2,0,15.3,74.3,1,High,2.52,1.85,0.1,0.21,0.09,0.0,5.39,5.79
2024-02-28,18:00,18,28,2,2,0,11.6,84.7,3,High,5.79,3.28,0.61,0.21,0.28,0.0,6.91,8.01
2024-02-28,19:00,19,28,2,2,0,11.4,82.3,3,High,8.01,5.44,0.64,0.21,0.28,0.85,6.74,8.72
2024-02-28,20:00,20,28,2,2,0,12.1,73.7,3,Low,8.72,7.51,0.3,0.19,0.28,0.0,5.31,6.08
2024-02-28,21:00,21,28,2,2,0,10.0,80.7,5,Medium,6.08,7.6,0.62,0.2,0.42,0.0,5.74,6.98
2024-02-28,22:00,22,28,2,2,0,10.0,86.8,2,Medium,6.98,7.26,0.62,0.2,0.22,0.0,3.32,4.36
2024-02-28,23:00,23,28,2,2,0,10.0,79.9,4,Low,4.36,5.81,0.46,0.19,0.35,0.0,2.39,3.39
2024-02-29,00:00,0,29,2,3,0,10.0,83.8,5,Low,3.39,4.91,0.46,0.2,0.12,0.0,1.69,2.47
2024-02-29,01:00,1,29,2,3,0,10.0,78.1,5,Low,2.47,3.41,0.46,0.21,0.12,0.0,1.55,2.34
2024-02-29,02:00,2,29,2,3,0,10.0,91.8,3,Low,2.34,2.73,0.46,0.22,0.1,0.0,0.93,1.71
2024-02-29,03:00,3,29,2,3,0,10.0,86.1,2,Low,1.71,2.17,0.46,0.22,0.1,0.0,0.73,1.51
2024-02-29,04:00,4,29,2,3,0,10.0,89.4,3,Low,1.51,1.85,0.46,0.2,0.1,0.0,1.15,1.91
2024-02-29,05:00,5,29,2,3,0,10.0,84.7,3,Low,1.91,1.71,0.46,0.2,0.1,0.0,1.27,2.03
2024-02-29,06:00,6,29,2,3,0,10.0,89.2,2,Low,2.03,1.82,0.46,0.21,0.1,0.0,2.11,2.88
2024-02-29,07:00,7,29,2,3,0,10.0,91.9,4,High,2.88,2.27,0.84,0.19,0.11,0.0,4.47,5.61
2024-02-29,08:00,8,29,2,3,0,11.9,75.4,3,Medium,5.61,3.51,0.42,0.21,0.1,0.0,3.87,4.6
2024-02-29,09:00,9,29,2,3,0,11.8,85.9,1,Medium,4.6,4.36,0.43,0.2,0.09,0.0,2.03,2.75
2024-02-29,10:00,10,29,2,3,0,13.3,83.9,1,Low,2.75,4.32,0.21,0.21,0.09,0.0,1.25,1.76
2024-02-29,11:00,11,29,2,3,0,16.8,69.4,1,Low,1.76,3.04,0.0,0.21,0.09,0.0,1.07,1.37
2024-02-29,12:00,12,29,2,3,0,14.1,80.5,4,Medium,1.37,1.96,0.2,0.19,0.11,0.0,2.22,2.72
2024-02-29,13:00,13,29,2,3,0,16.6,71.4,2,Low,2.72,1.95,0.0,0.19,0.1,0.0,1.77,2.06
2024-02-29,14:00,14,29,2,3,0,15.0,72.9,1,Low,2.06,2.05,0.08,0.22,0.09,0.0,1.14,1.53
2024-02-29,15:00,15,29,2,3,0,14.5,74.1,2,Medium,1.53,2.1,0.16,0.21,0.1,0.0,1.36,1.83
2024-02-29,16:00,16,29,2,3,0,15.6,83.1,3,Medium,1.83,1.81,0.04,0.19,0.1,0.0,1.89,2.22
2024-02-29,17:00,17,29,2,3,0,10.5,82.6,1,High,2.22,1.86,0.77,0.21,0.09,0.0,5.9,6.97
2024-02-29,18:00,18,29,2,3,0,12.1,79.2,3,Medium,6.97,3.67,0.4,0.22,0.28,0.0,5.62,6.52
2024-02-29,19:00,19,29,2,3,0,11.7,79.6,4,High,6.52,5.24,0.6,0.2,0.35,0.85,6.79,8.79
2024-02-29,20:00,20,29,2,3,0,10.7,83.0,5,Low,8.79,7.43,0.41,0.21,0.42,0.0,5.36,6.4
2024-02-29,21:00,21,29,2,3,0,10.0,84.8,4,Medium,6.4,7.24,0.62,0.21,0.35,0.0,5.31,6.49
2024-02-29,22:00,22,29,2,3,0,10.0,84.6,2,High,6.49,7.23,0.84,0.2,0.22,0.0,4.01,5.27
2024-02-29,23:00,23,29,2,3,0,10.0,83.7,3,Low,5.27,6.05,0.46,0.2,0.28,0.0,2.42,3.36
2024-03-01,00:00,0,1,3,4,0,11.0,73.2,2,Low,3.36,5.04,0.38,0.2,0.1,0.0,1.25,1.93
2024-03-01,01:00,1,1,3,4,0,10.0,84.4,3,Low,1.93,3.52,0.46,0.2,0.1,0.0,1.61,2.37
2024-03-01,02:00,2,1,3,4,0,10.0,87.2,3,Low,2.37,2.55,0.46,0.21,0.1,0.0,1.2,1.97
2024-03-01,03:00,3,1,3,4,0,10.0,88.4,3,Low,1.97,2.09,0.46,0.2,0.1,0.0,1.26,2.02
2024-03-01,04:00,4,1,3,4,0,10.0,79.9,4,Low,2.02,2.12,0.46,0.22,0.11,0.0,1.36,2.15
2024-03-01,05:00,5,1,3,4,0,10.0,92.9,2,Low,2.15,2.05,0.46,0.21,0.1,0.0,1.04,1.81
2024-03-01,06:00,6,1,3,4,0,10.1,85.7,4,Medium,1.81,1.99,0.61,0.21,0.11,0.0,3.1,4.03
2024-03-01,07:00,7,1,3,4,0,11.8,75.5,5,Low,4.03,2.66,0.32,0.19,0.12,0.0,3.16,3.79
2024-03-01,08:00,8,1,3,4,0,15.8,80.6,2,Medium,3.79,3.21,0.02,0.22,0.1,0.0,3.31,3.65
2024-03-01,09:00,9,1,3,4,0,15.7,78.2,1,Low,3.65,3.82,0.02,0.22,0.09,0.0,1.49,1.82
2024-03-01,10:00,10,1,3,4,0,18.9,69.2,1,High,1.82,3.09,0.0,0.2,0.09,0.85,0.79,1.93
2024-03-01,11:00,11,1,3,4,0,21.7,69.9,2,Low,1.93,2.47,0.0,0.22,0.1,0.0,1.11,1.43
2024-03-01,12:00,12,1,3,4,0,20.1,66.2,2,Medium,1.43,1.73,0.0,0.21,0.1,0.0,1.55,1.86
2024-03-01,13:00,13,1,3,4,0,21.8,72.0,3,Low,1.86,1.74,0.0,0.2,0.1,0.0,1.77,2.07
2024-03-01,14:00,14,1,3,4,0,20.5,73.6,2,Medium,2.07,1.79,0.0,0.2,0.1,0.0,1.97,2.27
2024-03-01,15:00,15,1,3,4,0,19.7,72.2,1,Medium,2.27,2.07,0.0,0.19,0.09,0.0,1.71,1.99
2024-03-01,16:00,16,1,3,4,0,17.2,77.7,1,High,1.99,2.11,0.0,0.2,0.09,0.0,2.08,2.37
2024-03-01,17:00,17,1,3,4,0,19.2,80.1,4,Low,2.37,2.21,0.0,0.22,0.11,0.0,3.67,4.0
2024-03-01,18:00,18,1,3,4,0,17.6,74.7,3,High,4.0,2.79,0.0,0.21,0.28,0.0,5.86,6.35
2024-03-01,19:00,19,1,3,4,0,14.2,77.5,4,Low,6.35,4.24,0.14,0.19,0.35,0.0,4.21,4.89
2024-03-01,20:00,20,1,3,4,0,15.9,73.6,4,High,4.89,5.08,0.01,0.21,0.35,0.85,6.02,7.44
2024-03-01,21:00,21,1,3,4,0,12.3,87.2,5,High,7.44,6.23,0.52,0.21,0.42,0.0,7.79,8.94
2024-03-01,22:00,22,1,3,4,0,10.9,80.1,3,Medium,8.94,7.09,0.53,0.21,0.28,0.0,4.09,5.11
2024-03-01,23:00,23,1,3,4,0,10.0,85.6,2,Medium,5.11,7.16,0.62,0.19,0.22,0.0,2.97,4.0
2024-03-02,00:00,0,2,3,5,1,10.0,84.3,1,Low,4.0,6.02,0.46,0.21,0.09,0.0,1.34,2.1
2024-03-02,01:00,1,2,3,5,1,10.0,76.1,5,Low,2.1,3.74,0.46,0.19,0.12,0.0,1.56,2.33
2024-03-02,02:00,2,2,3,5,1,10.0,75.5,3,Low,2.33,2.81,0.46,0.22,0.1,0.0,1.28,2.06
2024-03-02,03:00,3,2,3,5,1,10.0,78.7,4,Low,2.06,2.16,0.46,0.2,0.11,0.0,1.08,1.85
2024-03-02,04:00,4,2,3,5,1,10.0,86.5,3,Low,1.85,2.08,0.46,0.2,0.1,0.0,1.13,1.89
2024-03-02,05:00,5,2,3,5,1,10.0,87.6,4,Low,1.89,1.93,0.46,0.22,0.11,0.0,1.1,1.89
2024-03-02,06:00,6,2,3,5,1,11.7,79.5,4,Low,1.89,1.88,0.33,0.21,0.11,0.0,2.54,3.19
2024-03-02,07:00,7,2,3,5,1,12.2,84.2,4,Medium,3.19,2.32,0.39,0.2,0.11,0.0,3.44,4.14
2024-03-02,08:00,8,2,3,5,1,15.2,77.5,5,Medium,4.14,3.07,0.08,0.2,0.12,0.0,4.42,4.82
2024-03-02,09:00,9,2,3,5,1,15.1,82.6,1,High,4.82,4.05,0.13,0.2,0.09,0.0,3.4,3.82
2024-03-02,10:00,10,2,3,5,1,18.4,72.2,4,Low,3.82,4.26,0.0,0.19,0.11,0.0,2.75,3.05
2024-03-02,11:00,11,2,3,5,1,20.5,72.9,4,High,3.05,3.9,0.0,0.22,0.11,0.85,3.14,4.32
2024-03-02,12:00,12,2,3,5,1,20.0,68.2,1,Medium,4.32,3.73,0.0,0.22,0.09,0.0,2.96,3.27
2024-03-02,13:00,13,2,3,5,1,19.3,72.1,3,Medium,3.27,3.55,0.0,0.2,0.1,0.0,2.93,3.23
2024-03-02,14:00,14,2,3,5,1,21.5,74.0,3,Low,3.23,3.61,0.0,0.21,0.1,0.0,2.18,2.49
2024-03-02,15:00,15,2,3,5,1,21.2,66.1,4,Medium,2.49,3.0,0.0,0.21,0.11,0.0,2.98,3.3
2024-03-02,16:00,16,2,3,5,1,19.3,74.6,4,High,3.3,3.01,0.0,0.22,0.11,0.0,4.42,4.75
2024-03-02,17:00,17,2,3,5,1,19.3,72.9,3,Medium,4.75,3.51,0.0,0.19,0.1,0.0,5.14,5.43
2024-03-02,18:00,18,2,3,5,1,17.6,68.9,2,Medium,5.43,4.49,0.0,0.22,0.22,0.0,5.04,5.48
2024-03-02,19:00,19,2,3,5,1,13.1,77.1,4,High,5.48,5.22,0.4,0.22,0.35,0.85,5.88,7.7
2024-03-02,20:00,20,2,3,5,1,13.2,82.0,1,Medium,7.7,6.2,0.29,0.19,0.15,0.0,5.68,6.31
2024-03-02,21:00,21,2,3,5,1,14.0,76.2,3,High,6.31,6.5,0.28,0.2,0.28,0.0,7.09,7.85
2024-03-02,22:00,22,2,3,5,1,10.8,79.4,4,High,7.85,7.29,0.73,0.22,0.35,0.0,5.07,6.37
2024-03-02,23:00,23,2,3,5,1,10.0,81.3,4,Medium,6.37,6.84,0.62,0.21,0.35,0.0,3.23,4.41
2024-03-03,00:00,0,3,3,6,1,10.0,77.5,3,Low,4.41,6.21,0.46,0.2,0.1,0.0,1.48,2.24
2024-03-03,01:00,1,3,3,6,1,10.0,82.7,3,Low,2.24,4.34,0.46,0.21,0.1,0.0,1.25,2.02
2024-03-03,02:00,2,3,3,6,1,10.0,81.5,3,Low,2.02,2.89,0.46,0.22,0.1,0.0,1.49,2.27
2024-03-03,03:00,3,3,3,6,1,10.0,81.8,5,Low,2.27,2.18,0.46,0.2,0.12,0.0,1.67,2.45
2024-03-03,04:00,4,3,3,6,1,10.0,85.1,3,Low,2.45,2.25,0.46,0.21,0.1,0.0,1.08,1.85
2024-03-03,05:00,5,3,3,6,1,12.2,81.6,3,Low,1.85,2.19,0.29,0.2,0.1,0.0,1.28,1.87
2024-03-03,06:00,6,3,3,6,1,10.0,83.6,2,Low,1.87,2.06,0.46,0.21,0.1,0.0,2.41,3.18
2024-03-03,07:00,7,3,3,6,1,12.9,76.0,5,Low,3.18,2.3,0.24,0.2,0.12,0.0,2.85,3.41
2024-03-03,08:00,8,3,3,6,1,13.8,80.2,3,High,3.41,2.82,0.31,0.21,0.1,0.0,4.65,5.27
2024-03-03,09:00,9,3,3,6,1,13.3,74.7,4,Medium,5.27,3.95,0.28,0.2,0.11,0.0,3.66,4.25
2024-03-03,10:00,10,3,3,6,1,15.8,76.5,1,Low,4.25,4.31,0.02,0.19,0.09,0.0,2.36,2.66
2024-03-03,11:00,11,3,3,6,1,17.3,74.3,3,High,2.66,4.06,0.0,0.21,0.1,0.85,2.65,3.81
2024-03-03,12:00,12,3,3,6,1,18.0,82.4,3,High,3.81,3.57,0.0,0.19,0.1,0.0,3.71,4.0
2024-03-03,13:00,13,3,3,6,1,20.3,70.1,3,Low,4.0,3.49,0.0,0.19,0.1,0.0,2.59,2.88
2024-03-03,14:00,14,3,3,6,1,19.8,72.0,5,Medium,2.88,3.56,0.0,0.2,0.12,0.0,2.96,3.28
2024-03-03,15:00,15,3,3,6,1,20.6,69.2,3,Low,3.28,3.39,0.0,0.22,0.1,0.0,2.5,2.82
2024-03-03,16:00,16,3,3,6,1,19.7,70.8,5,Low,2.82,2.99,0.0,0.19,0.12,0.0,2.47,2.78
2024-03-03,17:00,17,3,3,6,1,19.5,74.3,4,Low,2.78,2.96,0.0,0.22,0.11,0.0,3.46,3.79
2024-03-03,18:00,18,3,3,6,1,17.6,79.9,4,Medium,3.79,3.13,0.0,0.21,0.35,0.0,4.72,5.28
2024-03-03,19:00,19,3,3,6,1,14.8,78.5,3,High,5.28,3.95,0.17,0.2,0.28,0.85,5.86,7.36
2024-03-03,20:00,20,3,3,6,1,13.6,84.2,5,High,7.36,5.48,0.33,0.2,0.42,0.85,6.56,8.36
2024-03-03,21:00,21,3,3,6,1,12.2,86.5,4,High,8.36,7.0,0.53,0.2,0.35,0.0,7.62,8.7
2024-03-03,22:00,22,3,3,6,1,11.0,82.2,1,Medium,8.7,8.14,0.52,0.2,0.15,0.0,3.91,4.78
2024-03-03,23:00,23,3,3,6,1,10.4,85.6,3,Medium,4.78,7.28,0.58,0.2,0.28,0.0,3.19,4.25
2024-03-04,00:00,0,4,3,0,0,10.0,86.9,4,Low,4.25,5.91,0.46,0.21,0.11,0.0,1.95,2.73
2024-03-04,01:00,1,4,3,0,0,10.0,79.2,3,Low,2.73,3.92,0.46,0.19,0.1,0.0,1.33,2.08
2024-03-04,02:00,2,4,3,0,0,10.0,80.1,5,Low,2.08,3.02,0.46,0.21,0.12,0.0,1.53,2.32
2024-03-04,03:00,3,4,3,0,0,10.1,88.0,3,Low,2.32,2.38,0.45,0.21,0.1,0.0,1.28,2.04
2024-03-04,04:00,4,4,3,0,0,10.0,82.0,2,Low,2.04,2.15,0.46,0.21,0.1,0.0,1.02,1.79
2024-03-04,05:00,5,4,3,0,0,10.2,75.2,5,Low,1.79,2.05,0.44,0.21,0.12,0.0,2.07,2.84
2024-03-04,06:00,6,4,3,0,0,11.5,73.9,2,Medium,2.84,2.22,0.47,0.22,0.1,0.0,3.09,3.88
2024-03-04,07:00,7,4,3,0,0,12.4,81.8,1,Medium,3.88,2.84,0.37,0.19,0.09,0.0,3.04,3.69
2024-03-04,08:00,8,4,3,0,0,11.9,78.0,5,High,3.69,3.47,0.57,0.2,0.12,0.0,5.23,6.12
2024-03-04,09:00,9,4,3,0,0,14.7,77.0,1,Medium,6.12,4.56,0.13,0.22,0.09,0.0,2.56,3.0
2024-03-04,10:00,10,4,3,0,0,15.9,78.2,2,Medium,3.0,4.27,0.01,0.2,0.1,0.0,2.07,2.38
2024-03-04,11:00,11,4,3,0,0,19.6,79.7,1,Medium,2.38,3.83,0.0,0.2,0.09,0.0,1.92,2.21
2024-03-04,12:00,12,4,3,0,0,19.1,78.5,3,Low,2.21,2.53,0.0,0.21,0.1,0.0,1.59,1.9
2024-03-04,13:00,13,4,3,0,0,21.5,68.7,1,High,1.9,2.16,0.0,0.22,0.09,0.0,1.86,2.17
2024-03-04,14:00,14,4,3,0,0,18.6,77.8,1,Medium,2.17,2.09,0.0,0.2,0.09,0.0,1.51,1.8
2024-03-04,15:00,15,4,3,0,0,18.6,73.1,3,Low,1.8,1.96,0.0,0.21,0.1,0.0,1.36,1.67
2024-03-04,16:00,16,4,3,0,0,18.0,72.0,2,High,1.67,1.88,0.0,0.21,0.1,0.0,2.23,2.54
2024-03-04,17:00,17,4,3,0,0,17.4,81.5,4,Low,2.54,2.0,0.0,0.19,0.11,0.0,3.82,4.12
2024-03-04,18:00,18,4,3,0,0,18.3,71.7,5,High,4.12,2.78,0.0,0.19,0.42,0.0,7.02,7.63
2024-03-04,19:00,19,4,3,0,0,16.2,75.2,3,Medium,7.63,4.76,0.0,0.22,0.28,0.0,6.01,6.51
2024-03-04,20:00,20,4,3,0,0,14.7,77.6,2,High,6.51,6.09,0.18,0.21,0.22,0.85,6.11,7.57
2024-03-04,21:00,21,4,3,0,0,14.4,78.7,2,High,7.57,7.24,0.22,0.2,0.22,0.0,7.1,7.74
2024-03-04,22:00,22,4,3,0,0,10.8,86.2,4,Medium,7.74,7.27,0.54,0.21,0.35,0.0,3.7,4.8
2024-03-04,23:00,23,4,3,0,0,10.0,81.3,1,Low,4.8,6.7,0.46,0.19,0.15,0.0,1.93,2.73
2024-03-05,00:00,0,5,3,1,0,10.0,83.9,3,Low,2.73,5.09,0.46,0.22,0.1,0.0,1.3,2.08
2024-03-05,01:00,1,5,3,1,0,10.0,86.6,3,Low,2.08,3.2,0.46,0.19,0.1,0.0,1.46,2.21
2024-03-05,02:00,2,5,3,1,0,10.0,87.3,3,Low,2.21,2.34,0.46,0.22,0.1,0.0,1.0,1.78
2024-03-05,03:00,3,5,3,1,0,10.0,83.3,2,Low,1.78,2.02,0.46,0.21,0.1,0.0,1.22,1.99
2024-03-05,04:00,4,5,3,1,0,10.1,81.4,5,Low,1.99,1.99,0.45,0.2,0.12,0.0,1.72,2.49
2024-03-05,05:00,5,5,3,1,0,10.0,86.2,2,Low,2.49,2.09,0.46,0.22,0.1,0.0,1.09,1.87
2024-03-05,06:00,6,5,3,1,0,10.8,81.8,5,Low,1.87,2.12,0.4,0.19,0.12,0.0,2.63,3.34
2024-03-05,07:00,7,5,3,1,0,12.3,79.9,2,Medium,3.34,2.57,0.38,0.22,0.1,0.0,3.58,4.28
2024-03-05,08:00,8,5,3,1,0,14.7,78.7,2,Medium,4.28,3.16,0.13,0.2,0.1,0.0,3.47,3.9
2024-03-05,09:00,9,5,3,1,0,18.3,79.7,1,Low,3.9,3.84,0.0,0.2,0.09,0.0,1.59,1.88
2024-03-05,10:00,10,5,3,1,0,18.3,65.7,1,Low,1.88,3.35,0.0,0.22,0.09,0.0,1.25,1.56
2024-03-05,11:00,11,5,3,1,0,18.4,67.1,3,High,1.56,2.45,0.0,0.21,0.1,0.85,1.45,2.61
2024-03-05,12:00,12,5,3,1,0,18.5,77.6,1,Medium,2.61,2.02,0.0,0.22,0.09,0.0,1.61,1.92
2024-03-05,13:00,13,5,3,1,0,19.1,75.8,1,Low,1.92,2.03,0.0,0.2,0.09,0.0,0.9,1.19
2024-03-05,14:00,14,5,3,1,0,17.9,73.6,3,Medium,1.19,1.91,0.0,0.21,0.1,0.0,1.59,1.9
2024-03-05,15:00,15,5,3,1,0,21.2,71.7,2,High,1.9,1.67,0.0,0.2,0.1,0.0,1.96,2.26
2024-03-05,16:00,16,5,3,1,0,20.1,70.6,3,Low,2.26,1.78,0.0,0.2,0.1,0.0,1.39,1.69
2024-03-05,17:00,17,5,3,1,0,18.2,74.7,3,High,1.69,1.95,0.0,0.21,0.1,0.0,5.8,6.11
2024-03-05,18:00,18,5,3,1,0,16.0,82.5,2,Medium,6.11,3.35,0.0,0.2,0.22,0.0,5.05,5.47
2024-03-05,19:00,19,5,3,1,0,16.6,86.2,3,Medium,5.47,4.42,0.0,0.21,0.28,0.0,5.18,5.67
2024-03-05,20:00,20,5,3,1,0,12.9,82.2,2,High,5.67,5.75,0.43,0.21,0.22,0.85,5.87,7.58
2024-03-05,21:00,21,5,3,1,0,14.2,74.0,2,Medium,7.58,6.24,0.19,0.22,0.22,0.0,5.77,6.4
2024-03-05,22:00,22,5,3,1,0,10.5,84.0,1,Low,6.4,6.55,0.42,0.22,0.15,0.0,2.61,3.4
2024-03-05,23:00,23,5,3,1,0,10.0,79.6,3,Medium,3.4,5.79,0.62,0.22,0.28,0.0,2.77,3.89
2024-03-06,00:00,0,6,3,2,0,10.0,86.6,3,Low,3.89,4.56,0.46,0.2,0.1,0.0,1.37,2.13
2024-03-06,01:00,1,6,3,2,0,10.0,77.6,1,Low,2.13,3.14,0.46,0.19,0.09,0.0,1.05,1.79
2024-03-06,02:00,2,6,3,2,0,10.0,80.2,5,Low,1.79,2.6,0.46,0.22,0.12,0.0,1.43,2.23
2024-03-06,03:00,3,6,3,2,0,10.0,78.3,3,Low,2.23,2.05,0.46,0.21,0.1,0.0,1.42,2.19
2024-03-06,04:00,4,6,3,2,0,10.0,84.5,4,Low,2.19,2.07,0.46,0.21,0.11,0.0,1.72,2.5
2024-03-06,05:00,5,6,3,2,0,10.0,82.5,4,Low,2.5,2.31,0.46,0.2,0.11,0.0,1.22,1.99
2024-03-06,06:00,6,6,3,2,0,10.7,78.2,2,Low,1.99,2.23,0.41,0.19,0.1,0.0,2.3,3.0
2024-03-06,07:00,7,6,3,2,0,11.8,79.0,2,Medium,3.0,2.5,0.43,0.2,0.1,0.0,3.14,3.87
2024-03-06,08:00,8,6,3,2,0,13.0,83.7,5,Medium,3.87,2.95,0.31,0.2,0.12,0.0,4.16,4.79
2024-03-06,09:00,9,6,3,2,0,16.2,77.6,1,Low,4.79,3.89,0.0,0.21,0.09,0.0,1.85,2.15
2024-03-06,10:00,10,6,3,2,0,17.0,74.7,1,Low,2.15,3.6,0.0,0.2,0.09,0.0,1.2,1.49
2024-03-06,11:00,11,6,3,2,0,18.4,73.0,3,Medium,1.49,2.81,0.0,0.19,0.1,0.0,1.83,2.12
2024-03-06,12:00,12,6,3,2,0,19.9,69.8,3,Medium,2.12,1.92,0.0,0.2,0.1,0.0,2.01,2.31
2024-03-06,13:00,13,6,3,2,0,18.6,75.3,3,Low,2.31,1.97,0.0,0.22,0.1,0.0,1.7,2.02
2024-03-06,14:00,14,6,3,2,0,19.5,72.8,1,Low,2.02,2.15,0.0,0.21,0.09,0.0,0.9,1.2
2024-03-06,15:00,15,6,3,2,0,18.6,71.4,2,High,1.2,1.84,0.0,0.2,0.1,0.0,2.33,2.63
2024-03-06,16:00,16,6,3,2,0,18.5,74.1,1,Low,2.63,1.95,0.0,0.19,0.09,0.0,1.66,1.94
2024-03-06,17:00,17,6,3,2,0,17.1,74.5,1,Low,1.94,1.92,0.0,0.22,0.09,0.0,2.88,3.19
2024-03-06,18:00,18,6,3,2,0,16.1,77.1,1,High,3.19,2.59,0.0,0.21,0.15,0.0,6.03,6.39
2024-03-06,19:00,19,6,3,2,0,14.7,76.9,3,Low,6.39,3.84,0.1,0.21,0.28,0.0,4.6,5.19
2024-03-06,20:00,20,6,3,2,0,14.8,75.3,4,Medium,5.19,4.92,0.12,0.2,0.35,0.0,5.31,5.98
2024-03-06,21:00,21,6,3,2,0,12.0,83.1,1,Medium,5.98,5.85,0.41,0.2,0.15,0.0,5.4,6.16
2024-03-06,22:00,22,6,3,2,0,10.5,87.8,1,High,6.16,5.78,0.77,0.22,0.15,0.0,3.59,4.73
2024-03-06,23:00,23,6,3,2,0,10.0,78.1,3,Medium,4.73,5.62,0.62,0.19,0.28,0.0,2.85,3.94
2024-03-07,00:00,0,7,3,3,0,10.0,82.0,4,Low,3.94,4.94,0.46,0.21,0.11,0.0,1.87,2.65
2024-03-07,01:00,1,7,3,3,0,10.0,81.1,2,Low,2.65,3.77,0.46,0.2,0.1,0.0,1.34,2.1
2024-03-07,02:00,2,7,3,3,0,10.0,79.7,1,Low,2.1,2.9,0.46,0.19,0.09,0.0,1.19,1.93
2024-03-07,03:00,3,7,3,3,0,10.0,82.4,5,Low,1.93,2.23,0.46,0.2,0.12,0.0,1.67,2.45
2024-03-07,04:00,4,7,3,3,0,10.0,83.3,3,Low,2.45,2.16,0.46,0.21,0.1,0.0,1.15,1.92
2024-03-07,05:00,5,7,3,3,0,10.0,84.5,2,Low,1.92,2.1,0.46,0.19,0.1,0.0,0.99,1.74
2024-03-07,06:00,6,7,3,3,0,11.9,77.8,3,High,1.74,2.04,0.57,0.22,0.1,0.0,4.1,4.99
2024-03-07,07:00,7,7,3,3,0,13.7,78.2,4,High,4.99,2.88,0.32,0.21,0.11,0.0,5.27,5.91
2024-03-07,08:00,8,7,3,3,0,15.7,68.7,4,High,5.91,4.21,0.04,0.2,0.11,0.0,5.17,5.52
2024-03-07,09:00,9,7,3,3,0,18.1,64.8,2,Medium,5.52,5.47,0.0,0.21,0.1,0.0,2.63,2.94
2024-03-07,10:00,10,7,3,3,0,17.7,72.0,1,Low,2.94,4.79,0.0,0.2,0.09,0.0,1.62,1.91
2024-03-07,11:00,11,7,3,3,0,17.7,71.8,1,High,1.91,3.46,0.0,0.19,0.09,0.85,1.2,2.33
2024-03-07,12:00,12,7,3,3,0,18.1,68.4,2,Medium,2.33,2.39,0.0,0.2,0.1,0.0,2.09,2.39
2024-03-07,13:00,13,7,3,3,0,19.8,71.9,4,Medium,2.39,2.21,0.0,0.21,0.11,0.0,2.08,2.4
2024-03-07,14:00,14,7,3,3,0,19.9,74.0,1,High,2.4,2.37,0.0,0.2,0.09,0.0,2.05,2.34
2024-03-07,15:00,15,7,3,3,0,17.4,78.0,1,Medium,2.34,2.38,0.0,0.21,0.09,0.0,1.57,1.87
2024-03-07,16:00,16,7,3,3,0,21.4,74.1,1,Low,1.87,2.2,0.0,0.21,0.09,0.0,1.31,1.61
2024-03-07,17:00,17,7,3,3,0,16.5,79.0,1,Low,1.61,1.94,0.0,0.22,0.09,0.0,3.38,3.69
2024-03-07,18:00,18,7,3,3,0,15.6,78.0,2,High,3.69,2.39,0.06,0.2,0.22,0.0,5.9,6.38
2024-03-07,19:00,19,7,3,3,0,17.6,77.2,4,Medium,6.38,3.89,0.0,0.2,0.35,0.0,5.53,6.08
2024-03-07,20:00,20,7,3,3,0,14.4,75.4,2,High,6.08,5.38,0.22,0.21,0.22,0.85,5.83,7.33
2024-03-07,21:00,21,7,3,3,0,11.5,83.9,2,High,7.33,6.6,0.63,0.22,0.22,0.0,7.11,8.18
2024-03-07,22:00,22,7,3,3,0,11.7,80.1,2,High,8.18,7.2,0.6,0.2,0.22,0.0,4.83,5.85
2024-03-07,23:00,23,7,3,3,0,10.0,80.7,2,Low,5.85,7.12,0.46,0.21,0.22,0.0,2.5,3.39
2024-03-08,00:00,0,8,3,4,0,10.0,83.4,3,Low,3.39,5.81,0.46,0.19,0.1,0.0,1.93,2.68
2024-03-08,01:00,1,8,3,4,0,10.0,81.2,3,Low,2.68,3.97,0.46,0.21,0.1,0.0,1.06,1.83
2024-03-08,02:00,2,8,3,4,0,10.0,86.0,1,Low,1.83,2.63,0.46,0.2,0.09,0.0,0.64,1.39
2024-03-08,03:00,3,8,3,4,0,10.0,86.2,2,Low,1.39,1.97,0.46,0.21,0.1,0.0,1.25,2.02
2024-03-08,04:00,4,8,3,4,0,10.0,85.3,3,Low,2.02,1.75,0.46,0.19,0.1,0.0,1.36,2.11
2024-03-08,05:00,5,8,3,4,0,10.0,82.4,3,Low,2.11,1.84,0.46,0.19,0.1,0.0,1.24,1.99
2024-03-08,06:00,6,8,3,4,0,11.7,79.7,3,Medium,1.99,2.04,0.45,0.21,0.1,0.0,3.33,4.09
2024-03-08,07:00,7,8,3,4,0,13.7,67.4,3,Medium,4.09,2.73,0.24,0.21,0.1,0.0,3.77,4.32
2024-03-08,08:00,8,8,3,4,0,13.4,71.4,4,Low,4.32,3.47,0.2,0.21,0.11,0.0,2.9,3.42
2024-03-08,09:00,9,8,3,4,0,16.9,76.2,1,Low,3.42,3.94,0.0,0.21,0.09,0.0,1.46,1.76
2024-03-08,10:00,10,8,3,4,0,15.5,73.7,2,Medium,1.76,3.17,0.05,0.21,0.1,0.0,1.61,1.97
2024-03-08,11:00,11,8,3,4,0,14.8,76.0,1,Low,1.97,2.38,0.09,0.2,0.09,0.0,1.06,1.44
2024-03-08,12:00,12,8,3,4,0,19.1,78.1,1,Low,1.44,1.72,0.0,0.22,0.09,0.0,1.17,1.48
2024-03-08,13:00,13,8,3,4,0,18.0,72.5,1,High,1.48,1.63,0.0,0.22,0.09,0.0,1.82,2.13
2024-03-08,14:00,14,8,3,4,0,21.3,72.1,2,Medium,2.13,1.68,0.0,0.21,0.1,0.0,1.48,1.79
2024-03-08,15:00,15,8,3,4,0,20.8,75.3,4,Medium,1.79,1.8,0.0,0.19,0.11,0.0,2.16,2.46
2024-03-08,16:00,16,8,3,4,0,18.5,77.9,1,Low,2.46,2.13,0.0,0.2,0.09,0.0,1.13,1.42
2024-03-08,17:00,17,8,3,4,0,19.7,73.9,2,Low,1.42,1.89,0.0,0.22,0.1,0.0,3.36,3.68
2024-03-08,18:00,18,8,3,4,0,16.5,69.7,2,High,3.68,2.52,0.0,0.19,0.22,0.0,6.01,6.42
2024-03-08,19:00,19,8,3,4,0,15.3,69.1,5,High,6.42,3.84,0.1,0.22,0.42,0.85,6.28,7.87
2024-03-08,20:00,20,8,3,4,0,17.0,73.7,1,Medium,7.87,5.99,0.0,0.21,0.15,0.0,5.22,5.58
2024-03-08,21:00,21,8,3,4,0,13.7,77.6,3,High,5.58,6.62,0.32,0.21,0.28,0.0,6.85,7.66
2024-03-08,22:00,22,8,3,4,0,12.9,83.5,3,Medium,7.66,7.04,0.32,0.2,0.28,0.0,3.65,4.45
2024-03-08,23:00,23,8,3,4,0,10.0,84.8,2,Medium,4.45,5.9,0.62,0.21,0.22,0.0,2.74,3.79
2024-03-09,00:00,0,9,3,5,1,10.0,84.0,5,Low,3.79,5.3,0.46,0.22,0.12,0.0,1.93,2.73
2024-03-09,01:00,1,9,3,5,1,10.0,82.5,2,Low,2.73,3.66,0.46,0.21,0.1,0.0,1.26,2.03
2024-03-09,02:00,2,9,3,5,1,10.0,84.6,4,Low,2.03,2.85,0.46,0.2,0.11,0.0,1.57,2.34
2024-03-09,03:00,3,9,3,5,1,10.0,81.4,4,Low,2.34,2.37,0.46,0.2,0.11,0.0,1.48,2.25
2024-03-09,04:00,4,9,3,5,1,10.0,84.6,3,Low,2.25,2.21,0.46,0.21,0.1,0.0,0.97,1.74
2024-03-09,05:00,5,9,3,5,1,10.0,80.9,3,Low,1.74,2.11,0.46,0.2,0.1,0.0,1.2,1.96
2024-03-09,06:00,6,9,3,5,1,10.4,83.1,4,Low,1.96,1.98,0.43,0.22,0.11,0.0,2.28,3.04
2024-03-09,07:00,7,9,3,5,1,11.4,80.8,3,Medium,3.04,2.25,0.48,0.21,0.1,0.0,3.33,4.12
2024-03-09,08:00,8,9,3,5,1,14.2,76.8,3,High,4.12,3.04,0.25,0.2,0.1,0.0,4.74,5.29
2024-03-09,09:00,9,9,3,5,1,18.9,66.6,4,Medium,5.29,4.15,0.0,0.2,0.11,0.0,3.66,3.97
2024-03-09,10:00,10,9,3,5,1,17.5,74.7,4,High,3.97,4.46,0.0,0.19,0.11,0.85,3.67,4.82
2024-03-09,11:00,11,9,3,5,1,16.2,69.4,4,Medium,4.82,4.69,0.0,0.2,0.11,0.0,3.6,3.91
2024-03-09,12:00,12,9,3,5,1,20.2,72.1,3,High,3.91,4.23,0.0,0.2,0.1,0.0,4.24,4.54
2024-03-09,13:00,13,9,3,5,1,20.2,70.6,2,Medium,4.54,4.42,0.0,0.21,0.1,0.0,3.14,3.45
2024-03-09,14:00,14,9,3,5,1,22.8,63.6,3,Medium,3.45,3.97,0.0,0.22,0.1,0.0,2.72,3.04
2024-03-09,15:00,15,9,3,5,1,20.3,62.4,2,Low,3.04,3.68,0.0,0.21,0.1,0.0,2.07,2.38
2024-03-09,16:00,16,9,3,5,1,19.0,73.0,2,Low,2.38,2.96,0.0,0.21,0.1,0.0,2.07,2.38
2024-03-09,17:00,17,9,3,5,1,17.8,70.4,3,Medium,2.38,2.6,0.0,0.2,0.1,0.0,4.57,4.87
2024-03-09,18:00,18,9,3,5,1,17.6,71.3,5,High,4.87,3.21,0.0,0.19,0.42,0.0,6.92,7.53
2024-03-09,19:00,19,9,3,5,1,14.7,86.0,4,High,7.53,4.93,0.18,0.2,0.35,0.85,6.83,8.41
2024-03-09,20:00,20,9,3,5,1,12.7,85.1,3,Medium,8.41,6.94,0.34,0.19,0.28,0.0,5.91,6.72
2024-03-09,21:00,21,9,3,5,1,13.1,76.0,3,Low,6.72,7.55,0.22,0.21,0.28,0.0,4.53,5.24
2024-03-09,22:00,22,9,3,5,1,10.3,85.0,3,Medium,5.24,6.79,0.59,0.22,0.28,0.0,3.37,4.46
2024-03-09,23:00,23,9,3,5,1,10.1,85.0,3,High,4.46,5.47,0.82,0.22,0.28,0.0,3.51,4.83
2024-03-10,00:00,0,10,3,6,1,10.0,81.8,3,Low,4.83,4.84,0.46,0.21,0.1,0.0,1.9,2.67
2024-03-10,01:00,1,10,3,6,1,10.0,78.3,5,Low,2.67,3.99,0.46,0.21,0.12,0.0,1.19,1.98
2024-03-10,02:00,2,10,3,6,1,10.0,89.9,1,Low,1.98,3.16,0.46,0.2,0.09,0.0,0.66,1.41
2024-03-10,03:00,3,10,3,6,1,10.0,81.2,3,Low,1.41,2.02,0.46,0.21,0.1,0.0,1.05,1.82
2024-03-10,04:00,4,10,3,6,1,10.3,86.3,3,Low,1.82,1.74,0.44,0.22,0.1,0.0,1.09,1.85
2024-03-10,05:00,5,10,3,6,1,10.0,80.2,2,Low,1.85,1.69,0.46,0.21,0.1,0.0,0.83,1.6
2024-03-10,06:00,6,10,3,6,1,12.1,82.0,3,Low,1.6,1.76,0.3,0.21,0.1,0.0,2.48,3.09
2024-03-10,07:00,7,10,3,6,1,14.3,82.1,5,Medium,3.09,2.18,0.18,0.2,0.12,0.0,4.11,4.61
2024-03-10,08:00,8,10,3,6,1,14.8,78.4,3,High,4.61,3.1,0.17,0.19,0.1,0.0,4.9,5.36
2024-03-10,09:00,9,10,3,6,1,14.8,70.4,1,Medium,5.36,4.35,0.12,0.19,0.09,0.0,3.28,3.68
2024-03-10,10:00,10,10,3,6,1,17.8,75.8,3,Low,3.68,4.55,0.0,0.21,0.1,0.0,2.54,2.85
2024-03-10,11:00,11,10,3,6,1,18.7,67.5,2,Low,2.85,3.96,0.0,0.2,0.1,0.0,1.73,2.03
2024-03-10,12:00,12,10,3,6,1,21.6,76.4,3,Medium,2.03,2.85,0.0,0.2,0.1,0.0,2.88,3.18
2024-03-10,13:00,13,10,3,6,1,19.3,75.3,5,High,3.18,2.69,0.0,0.19,0.12,0.0,4.41,4.72
2024-03-10,14:00,14,10,3,6,1,18.9,68.5,5,Medium,4.72,3.31,0.0,0.22,0.12,0.0,3.97,4.31
2024-03-10,15:00,15,10,3,6,1,20.7,65.9,3,High,4.31,4.07,0.0,0.21,0.1,0.0,3.94,4.25
2024-03-10,16:00,16,10,3,6,1,18.6,72.6,2,Medium,4.25,4.43,0.0,0.21,0.1,0.0,3.13,3.44
2024-03-10,17:00,17,10,3,6,1,17.2,80.4,3,Medium,3.44,4.0,0.0,0.22,0.1,0.0,4.8,5.12
2024-03-10,18:00,18,10,3,6,1,15.8,69.0,2,Medium,5.12,4.27,0.02,0.2,0.22,0.0,4.97,5.41
2024-03-10,19:00,19,10,3,6,1,16.5,73.7,3,Medium,5.41,4.66,0.0,0.19,0.28,0.0,4.92,5.39
2024-03-10,20:00,20,10,3,6,1,15.7,76.9,3,High,5.39,5.31,0.04,0.2,0.28,0.85,5.77,7.14
2024-03-10,21:00,21,10,3,6,1,14.8,79.2,3,Medium,7.14,5.98,0.12,0.19,0.28,0.0,5.78,6.37
2024-03-10,22:00,22,10,3,6,1,10.3,83.1,3,High,6.37,6.3,0.8,0.2,0.28,0.0,4.32,5.6
2024-03-10,23:00,23,10,3,6,1,10.8,85.7,3,Low,5.6,6.37,0.4,0.22,0.28,0.0,2.74,3.64
2024-03-11,00:00,0,11,3,0,0,10.0,84.8,3,Low,3.64,5.2,0.46,0.21,0.1,0.0,1.86,2.63
2024-03-11,01:00,1,11,3,0,0,10.0,85.4,3,Low,2.63,3.96,0.46,0.22,0.1,0.0,1.47,2.25
2024-03-11,02:00,2,11,3,0,0,10.0,82.7,4,Low,2.25,2.84,0.46,0.2,0.11,0.0,1.49,2.26
2024-03-11,03:00,3,11,3,0,0,10.0,79.3,2,Low,2.26,2.38,0.46,0.21,0.1,0.0,1.0,1.77
2024-03-11,04:00,4,11,3,0,0,10.0,82.1,4,Low,1.77,2.09,0.46,0.22,0.11,0.0,1.1,1.89
2024-03-11,05:00,5,11,3,0,0,10.0,84.1,5,Low,1.89,1.97,0.46,0.21,0.12,0.0,1.55,2.34
2024-03-11,06:00,6,11,3,0,0,10.0,85.5,2,Low,2.34,2.0,0.46,0.2,0.1,0.0,2.23,2.99
2024-03-11,07:00,7,11,3,0,0,11.6,83.0,5,High,2.99,2.41,0.61,0.21,0.12,0.0,4.76,5.7
2024-03-11,08:00,8,11,3,0,0,12.4,79.9,4,Medium,5.7,3.68,0.37,0.2,0.11,0.0,4.17,4.85
2024-03-11,09:00,9,11,3,0,0,16.2,79.5,1,High,4.85,4.51,0.0,0.2,0.09,0.0,2.8,3.09
2024-03-11,10:00,10,11,3,0,0,17.4,70.0,1,Medium,3.09,4.55,0.0,0.22,0.09,0.0,2.19,2.5
2024-03-11,11:00,11,11,3,0,0,19.2,68.1,2,Medium,2.5,3.48,0.0,0.2,0.1,0.0,1.62,1.92
2024-03-11,12:00,12,11,3,0,0,16.2,71.6,1,High,1.92,2.5,0.0,0.22,0.09,0.0,2.34,2.65
2024-03-11,13:00,13,11,3,0,0,19.5,70.0,1,Medium,2.65,2.36,0.0,0.22,0.09,0.0,1.58,1.89
2024-03-11,14:00,14,11,3,0,0,17.5,71.3,1,Low,1.89,2.15,0.0,0.22,0.09,0.0,1.14,1.45
2024-03-11,15:00,15,11,3,0,0,20.4,70.2,2,Medium,1.45,2.0,0.0,0.19,0.1,0.0,1.86,2.15
2024-03-11,16:00,16,11,3,0,0,18.9,72.8,2,Medium,2.15,1.83,0.0,0.21,0.1,0.0,1.74,2.05
2024-03-11,17:00,17,11,3,0,0,15.8,78.8,1,Low,2.05,1.88,0.02,0.19,0.09,0.0,2.83,3.13
2024-03-11,18:00,18,11,3,0,0,17.6,63.0,2,High,3.13,2.44,0.0,0.2,0.22,0.0,6.05,6.47
2024-03-11,19:00,19,11,3,0,0,15.8,72.6,3,Medium,6.47,3.88,0.02,0.2,0.28,0.0,5.44,5.94
2024-03-11,20:00,20,11,3,0,0,15.2,71.6,5,Medium,5.94,5.18,0.08,0.21,0.42,0.0,5.76,6.47
2024-03-11,21:00,21,11,3,0,0,11.9,76.0,3,Medium,6.47,6.29,0.42,0.22,0.28,0.0,5.46,6.38
2024-03-11,22:00,22,11,3,0,0,11.0,78.4,2,Medium,6.38,6.26,0.52,0.2,0.22,0.0,2.88,3.82
2024-03-11,23:00,23,11,3,0,0,10.2,84.8,3,Low,3.82,5.56,0.44,0.22,0.28,0.0,2.36,3.3
2024-03-12,00:00,0,12,3,1,0,10.0,85.0,3,Low,3.3,4.5,0.46,0.21,0.1,0.0,1.32,2.09
2024-03-12,01:00,1,12,3,1,0,10.0,88.0,4,Low,2.09,3.07,0.46,0.19,0.11,0.0,1.54,2.3
2024-03-12,02:00,2,12,3,1,0,10.0,85.2,3,Low,2.3,2.56,0.46,0.21,0.1,0.0,1.0,1.77
2024-03-12,03:00,3,12,3,1,0,10.0,84.0,3,Low,1.77,2.05,0.46,0.19,0.1,0.0,1.38,2.13
2024-03-12,04:00,4,12,3,1,0,10.0,78.7,5,Low,2.13,2.07,0.46,0.2,0.12,0.0,1.56,2.34
2024-03-12,05:00,5,12,3,1,0,12.3,80.0,2,Low,2.34,2.08,0.28,0.22,0.1,0.0,1.13,1.73
2024-03-12,06:00,6,12,3,1,0,10.6,84.5,1,Medium,1.73,2.07,0.56,0.21,0.09,0.0,2.94,3.8
2024-03-12,07:00,7,12,3,1,0,14.7,78.5,3,High,3.8,2.62,0.18,0.19,0.1,0.0,4.72,5.19
2024-03-12,08:00,8,12,3,1,0,14.0,83.0,3,Medium,5.19,3.57,0.21,0.2,0.1,0.0,4.16,4.67
2024-03-12,09:00,9,12,3,1,0,15.6,79.0,1,Medium,4.67,4.55,0.04,0.21,0.09,0.0,2.18,2.52
2024-03-12,10:00,10,12,3,1,0,18.4,75.0,1,Medium,2.52,4.13,0.0,0.21,0.09,0.0,1.89,2.19
2024-03-12,11:00,11,12,3,1,0,16.7,72.3,1,Low,2.19,3.13,0.0,0.21,0.09,0.0,1.25,1.55
2024-03-12,12:00,12,12,3,1,0,18.1,68.9,1,Low,1.55,2.09,0.0,0.22,0.09,0.0,1.05,1.36
2024-03-12,13:00,13,12,3,1,0,18.8,66.4,1,Medium,1.36,1.7,0.0,0.22,0.09,0.0,1.53,1.84
2024-03-12,14:00,14,12,3,1,0,19.4,73.8,1,Low,1.84,1.58,0.0,0.2,0.09,0.0,1.29,1.58
2024-03-12,15:00,15,12,3,1,0,21.5,72.4,2,Low,1.58,1.59,0.0,0.21,0.1,0.0,1.24,1.55
2024-03-12,16:00,16,12,3,1,0,19.8,68.2,1,Medium,1.55,1.66,0.0,0.22,0.09,0.0,1.37,1.68
2024-03-12,17:00,17,12,3,1,0,19.0,70.5,3,Medium,1.68,1.6,0.0,0.19,0.1,0.0,4.47,4.76
2024-03-12,18:00,18,12,3,1,0,17.7,73.1,3,High,4.76,2.66,0.0,0.21,0.28,0.0,6.62,7.11
2024-03-12,19:00,19,12,3,1,0,14.0,75.2,5,High,7.11,4.52,0.28,0.21,0.42,0.85,6.86,8.62
2024-03-12,20:00,20,12,3,1,0,14.4,77.5,3,High,8.62,6.83,0.22,0.19,0.28,0.85,6.82,8.36
2024-03-12,21:00,21,12,3,1,0,14.8,74.9,2,Medium,8.36,8.03,0.12,0.19,0.22,0.0,5.69,6.22
2024-03-12,22:00,22,12,3,1,0,11.1,80.6,3,Medium,6.22,7.73,0.51,0.21,0.28,0.0,3.3,4.3
2024-03-12,23:00,23,12,3,1,0,11.2,89.1,2,Medium,4.3,6.29,0.5,0.21,0.22,0.0,2.55,3.48
2024-03-13,00:00,0,13,3,2,0,10.0,85.9,5,Low,3.48,4.67,0.46,0.2,0.12,0.0,1.87,2.65
2024-03-13,01:00,1,13,3,2,0,10.0,86.5,2,Low,2.65,3.48,0.46,0.22,0.1,0.0,1.05,1.83
2024-03-13,02:00,2,13,3,2,0,10.0,76.3,3,Low,1.83,2.65,0.46,0.2,0.1,0.0,1.19,1.95
2024-03-13,03:00,3,13,3,2,0,10.0,82.0,3,Low,1.95,2.14,0.46,0.21,0.1,0.0,1.22,1.99
2024-03-13,04:00,4,13,3,2,0,10.0,87.3,4,Low,1.99,1.92,0.46,0.2,0.11,0.0,1.2,1.97
2024-03-13,05:00,5,13,3,2,0,10.0,79.0,1,Low,1.97,1.97,0.46,0.22,0.09,0.0,0.98,1.75
2024-03-13,06:00,6,13,3,2,0,10.0,89.5,2,Low,1.75,1.9,0.46,0.2,0.1,0.0,2.14,2.9
2024-03-13,07:00,7,13,3,2,0,12.0,78.0,2,High,2.9,2.21,0.56,0.21,0.1,0.0,3.96,4.83
2024-03-13,08:00,8,13,3,2,0,14.9,76.3,5,Low,4.83,3.16,0.08,0.2,0.12,0.0,3.25,3.65
2024-03-13,09:00,9,13,3,2,0,15.6,79.1,1,Medium,3.65,3.79,0.04,0.2,0.09,0.0,2.43,2.76
2024-03-13,10:00,10,13,3,2,0,16.6,75.6,1,Medium,2.76,3.75,0.0,0.2,0.09,0.0,2.05,2.34
2024-03-13,11:00,11,13,3,2,0,18.9,68.3,2,Medium,2.34,2.92,0.0,0.22,0.1,0.0,1.92,2.24
2024-03-13,12:00,12,13,3,2,0,18.3,72.1,1,Medium,2.24,2.45,0.0,0.21,0.09,0.0,1.88,2.18
2024-03-13,13:00,13,13,3,2,0,20.7,69.5,3,Low,2.18,2.25,0.0,0.21,0.1,0.0,1.52,1.83
2024-03-13,14:00,14,13,3,2,0,18.9,72.7,1,Low,1.83,2.08,0.0,0.21,0.09,0.0,1.19,1.49
2024-03-13,15:00,15,13,3,2,0,18.2,63.2,1,Medium,1.49,1.83,0.0,0.21,0.09,0.0,1.62,1.92
2024-03-13,16:00,16,13,3,2,0,18.6,78.7,1,Medium,1.92,1.75,0.0,0.22,0.09,0.0,1.5,1.81
2024-03-13,17:00,17,13,3,2,0,16.6,73.4,1,Medium,1.81,1.74,0.0,0.22,0.09,0.0,4.26,4.57
2024-03-13,18:00,18,13,3,2,0,17.0,75.3,2,Medium,4.57,2.77,0.0,0.21,0.22,0.0,5.37,5.8
2024-03-13,19:00,19,13,3,2,0,16.1,79.1,3,High,5.8,4.06,0.0,0.22,0.28,0.85,5.96,7.31
2024-03-13,20:00,20,13,3,2,0,12.9,81.5,2,High,7.31,5.89,0.43,0.21,0.22,0.85,5.77,7.48
2024-03-13,21:00,21,13,3,2,0,12.0,78.9,3,High,7.48,6.86,0.56,0.22,0.28,0.0,7.43,8.49
2024-03-13,22:00,22,13,3,2,0,10.0,81.6,3,High,8.49,7.76,0.84,0.19,0.28,0.0,4.94,6.25
2024-03-13,23:00,23,13,3,2,0,10.0,84.9,2,Medium,6.25,7.41,0.62,0.22,0.22,0.0,3.24,4.3
2024-03-14,00:00,0,14,3,3,0,10.0,82.1,2,Low,4.3,6.35,0.46,0.2,0.1,0.0,1.77,2.53
2024-03-14,01:00,1,14,3,3,0,10.0,84.2,3,Low,2.53,4.36,0.46,0.2,0.1,0.0,1.11,1.87
2024-03-14,02:00,2,14,3,3,0,10.0,79.0,2,Low,1.87,2.9,0.46,0.19,0.1,0.0,0.95,1.7
2024-03-14,03:00,3,14,3,3,0,10.0,85.3,2,Low,1.7,2.03,0.46,0.21,0.1,0.0,0.81,1.58
2024-03-14,04:00,4,14,3,3,0,10.0,83.4,1,Low,1.58,1.72,0.46,0.2,0.09,0.0,0.69,1.44
2024-03-14,05:00,5,14,3,3,0,10.0,89.3,2,Low,1.44,1.57,0.46,0.21,0.1,0.0,1.01,1.78
2024-03-14,06:00,6,14,3,3,0,12.3,79.3,4,Low,1.78,1.6,0.28,0.22,0.11,0.0,2.54,3.15
2024-03-14,07:00,7,14,3,3,0,10.6,81.3,2,Medium,3.15,2.12,0.56,0.19,0.1,0.0,3.43,4.28
2024-03-14,08:00,8,14,3,3,0,12.7,77.0,5,High,4.28,3.07,0.46,0.2,0.12,0.0,5.35,6.13
2024-03-14,09:00,9,14,3,3,0,14.5,82.6,2,Medium,6.13,4.52,0.16,0.22,0.1,0.0,2.79,3.27
2024-03-14,10:00,10,14,3,3,0,17.0,77.7,1,Medium,3.27,4.56,0.0,0.19,0.09,0.0,1.87,2.15
2024-03-14,11:00,11,14,3,3,0,21.0,69.4,3,Medium,2.15,3.85,0.0,0.2,0.1,0.0,1.75,2.05
2024-03-14,12:00,12,14,3,3,0,17.3,82.7,2,Low,2.05,2.49,0.0,0.22,0.1,0.0,1.16,1.48
2024-03-14,13:00,13,14,3,3,0,18.4,70.7,1,High,1.48,1.89,0.0,0.21,0.09,0.0,1.7,2.0
2024-03-14,14:00,14,14,3,3,0,19.5,74.9,1,Low,2.0,1.84,0.0,0.21,0.09,0.0,1.18,1.48
2024-03-14,15:00,15,14,3,3,0,19.6,64.2,1,Low,1.48,1.65,0.0,0.21,0.09,0.0,1.39,1.69
2024-03-14,16:00,16,14,3,3,0,18.9,74.1,3,Medium,1.69,1.72,0.0,0.2,0.1,0.0,1.7,2.0
2024-03-14,17:00,17,14,3,3,0,17.2,69.2,1,Medium,2.0,1.72,0.0,0.22,0.09,0.0,3.85,4.16
2024-03-14,18:00,18,14,3,3,0,16.9,80.2,4,Medium,4.16,2.62,0.0,0.21,0.35,0.0,4.9,5.46
2024-03-14,19:00,19,14,3,3,0,18.2,78.3,1,Medium,5.46,3.87,0.0,0.2,0.15,0.0,5.06,5.41
2024-03-14,20:00,20,14,3,3,0,11.8,78.8,3,Medium,5.41,5.01,0.43,0.22,0.28,0.0,5.01,5.94
2024-03-14,21:00,21,14,3,3,0,11.6,76.7,1,Low,5.94,5.6,0.34,0.21,0.15,0.0,4.53,5.23
2024-03-14,22:00,22,14,3,3,0,10.4,73.6,2,Medium,5.23,5.53,0.58,0.22,0.22,0.0,2.92,3.94
2024-03-14,23:00,23,14,3,3,0,10.0,81.9,1,Low,3.94,5.04,0.46,0.2,0.15,0.0,1.94,2.75
2024-03-15,00:00,0,15,3,4,0,10.0,85.0,5,Low,2.75,3.97,0.46,0.22,0.12,0.0,1.74,2.54
2024-03-15,01:00,1,15,3,4,0,10.0,80.7,4,Low,2.54,3.08,0.46,0.2,0.11,0.0,1.67,2.44
2024-03-15,02:00,2,15,3,4,0,10.0,75.6,3,Low,2.44,2.58,0.46,0.22,0.1,0.0,1.49,2.27
2024-03-15,03:00,3,15,3,4,0,10.0,75.0,4,Low,2.27,2.42,0.46,0.21,0.11,0.0,1.21,1.99
2024-03-15,04:00,4,15,3,4,0,10.0,81.9,3,Low,1.99,2.23,0.46,0.21,0.1,0.0,1.1,1.87
2024-03-15,05:00,5,15,3,4,0,10.3,86.2,2,Low,1.87,2.04,0.44,0.21,0.1,0.0,1.02,1.77
2024-03-15,06:00,6,15,3,4,0,12.6,77.0,3,Medium,1.77,1.88,0.35,0.2,0.1,0.0,3.04,3.69
2024-03-15,07:00,7,15,3,4,0,13.2,80.4,2,Medium,3.69,2.44,0.29,0.19,0.1,0.0,3.19,3.77
2024-03-15,08:00,8,15,3,4,0,14.3,75.4,3,High,3.77,3.08,0.24,0.22,0.1,0.0,4.66,5.22
2024-03-15,09:00,9,15,3,4,0,15.3,84.5,1,Medium,5.22,4.23,0.07,0.2,0.09,0.0,2.42,2.78
2024-03-15,10:00,10,15,3,4,0,16.5,68.5,2,Low,2.78,3.92,0.0,0.21,0.1,0.0,1.49,1.8
2024-03-15,11:00,11,15,3,4,0,17.3,76.9,1,Low,1.8,3.27,0.0,0.22,0.09,0.0,0.91,1.22
2024-03-15,12:00,12,15,3,4,0,20.9,70.9,1,Medium,1.22,1.93,0.0,0.22,0.09,0.0,1.04,1.35
2024-03-15,13:00,13,15,3,4,0,22.7,64.3,1,Low,1.35,1.46,0.0,0.22,0.09,0.0,0.85,1.16
2024-03-15,14:00,14,15,3,4,0,21.3,70.2,2,Low,1.16,1.24,0.0,0.2,0.1,0.0,0.84,1.14
2024-03-15,15:00,15,15,3,4,0,18.0,66.8,1,Medium,1.14,1.22,0.0,0.2,0.09,0.0,1.29,1.58
2024-03-15,16:00,16,15,3,4,0,20.5,70.0,1,High,1.58,1.29,0.0,0.21,0.09,0.0,2.04,2.34
2024-03-15,17:00,17,15,3,4,0,20.3,72.7,2,Low,2.34,1.69,0.0,0.2,0.1,0.0,2.97,3.27
2024-03-15,18:00,18,15,3,4,0,17.7,70.9,1,High,3.27,2.4,0.0,0.21,0.15,0.0,5.95,6.31
2024-03-15,19:00,19,15,3,4,0,13.5,73.1,2,High,6.31,3.97,0.35,0.22,0.22,0.85,5.53,7.17
2024-03-15,20:00,20,15,3,4,0,14.1,81.1,3,High,7.17,5.58,0.27,0.21,0.28,0.85,6.4,8.01
2024-03-15,21:00,21,15,3,4,0,12.4,82.7,2,Low,8.01,7.16,0.28,0.2,0.22,0.0,4.52,5.22
2024-03-15,22:00,22,15,3,4,0,10.5,76.5,5,High,5.22,6.8,0.77,0.2,0.42,0.0,4.58,5.97
2024-03-15,23:00,23,15,3,4,0,10.0,80.9,3,Medium,5.97,6.4,0.62,0.19,0.28,0.0,3.2,4.29
2024-03-16,00:00,0,16,3,5,1,10.6,78.3,3,Low,4.29,5.16,0.41,0.2,0.1,0.0,1.94,2.65
2024-03-16,01:00,1,16,3,5,1,10.0,82.9,4,Low,2.65,4.3,0.46,0.2,0.11,0.0,1.29,2.06
2024-03-16,02:00,2,16,3,5,1,10.0,82.4,4,Low,2.06,3.0,0.46,0.2,0.11,0.0,0.95,1.72
2024-03-16,03:00,3,16,3,5,1,10.0,88.0,4,Low,1.72,2.14,0.46,0.2,0.11,0.0,1.49,2.26
2024-03-16,04:00,4,16,3,5,1,10.7,85.9,3,Low,2.26,2.01,0.41,0.21,0.1,0.0,1.38,2.1
2024-03-16,05:00,5,16,3,5,1,12.2,86.3,4,Low,2.1,2.03,0.29,0.21,0.11,0.0,1.49,2.1
2024-03-16,06:00,6,16,3,5,1,10.0,81.8,1,Medium,2.1,2.15,0.62,0.2,0.09,0.0,2.77,3.68
2024-03-16,07:00,7,16,3,5,1,12.7,76.8,4,Medium,3.68,2.63,0.34,0.22,0.11,0.0,3.93,4.6
2024-03-16,08:00,8,16,3,5,1,11.9,78.9,5,High,4.6,3.46,0.57,0.22,0.12,0.0,5.03,5.94
2024-03-16,09:00,9,16,3,5,1,16.7,67.3,5,High,5.94,4.74,0.0,0.21,0.12,0.0,4.97,5.3
2024-03-16,10:00,10,16,3,5,1,16.3,77.5,4,High,5.3,5.28,0.0,0.19,0.11,0.85,3.77,4.92
2024-03-16,11:00,11,16,3,5,1,20.0,68.4,4,Low,4.92,5.39,0.0,0.2,0.11,0.0,2.99,3.3
2024-03-16,12:00,12,16,3,5,1,18.6,71.3,5,Medium,3.3,4.51,0.0,0.19,0.12,0.0,2.79,3.1
2024-03-16,13:00,13,16,3,5,1,19.7,65.1,5,Medium,3.1,3.77,0.0,0.19,0.12,0.0,3.42,3.73
2024-03-16,14:00,14,16,3,5,1,19.6,72.6,2,Low,3.73,3.38,0.0,0.19,0.1,0.0,2.18,2.47
2024-03-16,15:00,15,16,3,5,1,21.0,76.4,3,Low,2.47,3.1,0.0,0.22,0.1,0.0,2.08,2.4
2024-03-16,16:00,16,16,3,5,1,18.5,70.4,3,Low,2.4,2.87,0.0,0.2,0.1,0.0,2.25,2.55
2024-03-16,17:00,17,16,3,5,1,19.3,70.3,4,Medium,2.55,2.47,0.0,0.2,0.11,0.0,4.85,5.16
2024-03-16,18:00,18,16,3,5,1,16.0,78.6,2,Medium,5.16,3.37,0.0,0.21,0.22,0.0,4.87,5.3
2024-03-16,19:00,19,16,3,5,1,14.8,81.2,2,High,5.3,4.34,0.17,0.2,0.22,0.85,5.53,6.97
2024-03-16,20:00,20,16,3,5,1,13.9,84.2,2,High,6.97,5.81,0.29,0.21,0.22,0.85,6.1,7.67
2024-03-16,21:00,21,16,3,5,1,10.9,84.7,5,High,7.67,6.65,0.71,0.21,0.42,0.0,7.85,9.19
2024-03-16,22:00,22,16,3,5,1,11.8,84.8,5,Low,9.19,7.94,0.32,0.2,0.42,0.0,3.51,4.45
2024-03-16,23:00,23,16,3,5,1,10.0,81.1,4,Medium,4.45,7.1,0.62,0.2,0.35,0.0,3.1,4.27
2024-03-17,00:00,0,17,3,6,1,10.4,85.1,5,Low,4.27,5.97,0.43,0.22,0.12,0.0,2.05,2.82
2024-03-17,01:00,1,17,3,6,1,10.0,88.7,2,Low,2.82,3.85,0.46,0.2,0.1,0.0,1.21,1.97
2024-03-17,02:00,2,17,3,6,1,10.0,81.5,4,Low,1.97,3.02,0.46,0.21,0.11,0.0,1.15,1.93
2024-03-17,03:00,3,17,3,6,1,10.0,79.6,3,Low,1.93,2.24,0.46,0.19,0.1,0.0,1.02,1.77
2024-03-17,04:00,4,17,3,6,1,10.0,80.2,5,Low,1.77,1.89,0.46,0.2,0.12,0.0,1.17,1.95
2024-03-17,05:00,5,17,3,6,1,10.4,73.0,2,Low,1.95,1.88,0.43,0.22,0.1,0.0,0.86,1.61
2024-03-17,06:00,6,17,3,6,1,13.0,74.0,5,Medium,1.61,1.78,0.31,0.21,0.12,0.0,3.37,4.01
2024-03-17,07:00,7,17,3,6,1,12.9,76.4,3,Low,4.01,2.52,0.24,0.2,0.1,0.0,2.81,3.35
2024-03-17,08:00,8,17,3,6,1,12.6,80.3,2,Medium,3.35,2.99,0.35,0.22,0.1,0.0,3.24,3.91
2024-03-17,09:00,9,17,3,6,1,14.9,67.2,3,Medium,3.91,3.76,0.11,0.22,0.1,0.0,3.23,3.66
2024-03-17,10:00,10,17,3,6,1,18.1,78.1,4,Low,3.66,3.64,0.0,0.2,0.11,0.0,2.85,3.16
2024-03-17,11:00,11,17,3,6,1,18.0,76.8,3,Low,3.16,3.58,0.0,0.2,0.1,0.0,2.36,2.66
2024-03-17,12:00,12,17,3,6,1,19.6,72.0,3,Medium,2.66,3.16,0.0,0.22,0.1,0.0,2.76,3.08
2024-03-17,13:00,13,17,3,6,1,19.3,74.4,4,Medium,3.08,2.97,0.0,0.22,0.11,0.0,2.93,3.26
2024-03-17,14:00,14,17,3,6,1,22.2,70.3,4,Low,3.26,3.0,0.0,0.21,0.11,0.0,2.41,2.73
2024-03-17,15:00,15,17,3,6,1,19.1,76.4,3,Low,2.73,3.02,0.0,0.19,0.1,0.0,2.28,2.57
2024-03-17,16:00,16,17,3,6,1,18.7,74.7,4,Low,2.57,2.85,0.0,0.21,0.11,0.0,2.29,2.61
2024-03-17,17:00,17,17,3,6,1,19.4,74.2,5,Medium,2.61,2.64,0.0,0.19,0.12,0.0,5.27,5.58
2024-03-17,18:00,18,17,3,6,1,16.3,73.7,4,Medium,5.58,3.59,0.0,0.22,0.35,0.0,5.07,5.64
2024-03-17,19:00,19,17,3,6,1,16.9,70.0,4,High,5.64,4.61,0.0,0.22,0.35,0.85,6.23,7.65
2024-03-17,20:00,20,17,3,6,1,13.4,76.0,2,Medium,7.65,6.29,0.27,0.22,0.22,0.0,5.81,6.52
2024-03-17,21:00,21,17,3,6,1,10.0,82.3,4,Medium,6.52,6.6,0.62,0.21,0.35,0.0,5.5,6.68
2024-03-17,22:00,22,17,3,6,1,11.9,84.4,5,High,6.68,6.95,0.57,0.21,0.42,0.0,4.45,5.65
2024-03-17,23:00,23,17,3,6,1,10.0,84.5,4,Low,5.65,6.28,0.46,0.2,0.35,0.0,2.76,3.77
2024-03-18,00:00,0,18,3,0,0,10.0,79.1,5,Low,3.77,5.37,0.46,0.2,0.12,0.0,1.96,2.74
2024-03-18,01:00,1,18,3,0,0,10.0,86.8,3,Low,2.74,4.05,0.46,0.2,0.1,0.0,1.31,2.07
2024-03-18,02:00,2,18,3,0,0,10.0,80.6,1,Low,2.07,2.86,0.46,0.21,0.09,0.0,0.85,1.61
2024-03-18,03:00,3,18,3,0,0,10.8,81.2,3,Low,1.61,2.14,0.4,0.22,0.1,0.0,1.2,1.92
2024-03-18,04:00,4,18,3,0,0,10.0,80.0,2,Low,1.92,1.87,0.46,0.2,0.1,0.0,0.9,1.66
2024-03-18,05:00,5,18,3,0,0,10.7,83.8,2,Low,1.66,1.73,0.41,0.19,0.1,0.0,0.7,1.4
2024-03-18,06:00,6,18,3,0,0,12.5,78.7,4,Low,1.4,1.66,0.27,0.2,0.11,0.0,2.26,2.84
2024-03-18,07:00,7,18,3,0,0,13.6,74.2,1,Low,2.84,1.97,0.18,0.19,0.09,0.0,2.33,2.79
2024-03-18,08:00,8,18,3,0,0,13.3,74.8,1,Low,2.79,2.34,0.21,0.21,0.09,0.0,2.56,3.07
2024-03-18,09:00,9,18,3,0,0,14.3,80.0,1,High,3.07,2.9,0.24,0.22,0.09,0.0,2.18,2.73
2024-03-18,10:00,10,18,3,0,0,13.5,85.2,2,High,2.73,2.86,0.35,0.2,0.1,0.85,1.82,3.32
2024-03-18,11:00,11,18,3,0,0,17.5,68.8,1,High,3.32,3.04,0.0,0.21,0.09,0.85,1.51,2.66
2024-03-18,12:00,12,18,3,0,0,18.0,74.3,1,Medium,2.66,2.9,0.0,0.2,0.09,0.0,1.6,1.89
2024-03-18,13:00,13,18,3,0,0,19.1,68.7,1,Medium,1.89,2.62,0.0,0.2,0.09,0.0,1.7,1.99
2024-03-18,14:00,14,18,3,0,0,20.5,70.1,2,Medium,1.99,2.18,0.0,0.21,0.1,0.0,1.8,2.11
2024-03-18,15:00,15,18,3,0,0,20.5,66.3,2,Low,2.11,2.0,0.0,0.2,0.1,0.0,1.18,1.48
2024-03-18,16:00,16,18,3,0,0,19.6,76.1,1,Medium,1.48,1.86,0.0,0.19,0.09,0.0,1.22,1.5
2024-03-18,17:00,17,18,3,0,0,16.6,70.4,2,Low,1.5,1.7,0.0,0.21,0.1,0.0,3.39,3.7
2024-03-18,18:00,18,18,3,0,0,16.2,76.9,3,Medium,3.7,2.23,0.0,0.2,0.28,0.0,4.52,5.0
2024-03-18,19:00,19,18,3,0,0,13.2,75.0,2,Low,5.0,3.4,0.21,0.21,0.22,0.0,4.09,4.73
2024-03-18,20:00,20,18,3,0,0,15.6,72.4,3,High,4.73,4.48,0.06,0.2,0.28,0.85,5.97,7.36
2024-03-18,21:00,21,18,3,0,0,13.9,77.9,3,High,7.36,5.7,0.29,0.2,0.28,0.0,7.21,7.98
2024-03-18,22:00,22,18,3,0,0,11.8,82.9,4,High,7.98,6.69,0.59,0.19,0.35,0.0,4.88,6.01
2024-03-18,23:00,23,18,3,0,0,10.0,69.5,2,High,6.01,7.12,0.84,0.2,0.22,0.0,3.78,5.04
2024-03-19,00:00,0,19,3,1,0,10.0,85.2,5,Low,5.04,6.34,0.46,0.19,0.12,0.0,2.41,3.18
2024-03-19,01:00,1,19,3,1,0,10.0,81.4,2,Low,3.18,4.74,0.46,0.2,0.1,0.0,1.28,2.04
2024-03-19,02:00,2,19,3,1,0,10.0,90.1,3,Low,2.04,3.42,0.46,0.2,0.1,0.0,1.37,2.13
2024-03-19,03:00,3,19,3,1,0,10.0,82.9,4,Low,2.13,2.45,0.46,0.19,0.11,0.0,1.24,2.0
2024-03-19,04:00,4,19,3,1,0,10.0,80.6,4,Low,2.0,2.06,0.46,0.21,0.11,0.0,1.51,2.29
2024-03-19,05:00,5,19,3,1,0,10.0,85.0,3,Low,2.29,2.14,0.46,0.22,0.1,0.0,1.33,2.11
2024-03-19,06:00,6,19,3,1,0,11.8,79.3,3,Low,2.11,2.13,0.32,0.2,0.1,0.0,2.34,2.96
2024-03-19,07:00,7,19,3,1,0,11.7,84.4,3,Medium,2.96,2.45,0.45,0.19,0.1,0.0,2.92,3.66
2024-03-19,08:00,8,19,3,1,0,14.4,75.4,2,High,3.66,2.91,0.22,0.2,0.1,0.0,4.36,4.88
2024-03-19,09:00,9,19,3,1,0,13.4,79.6,3,Medium,4.88,3.83,0.27,0.19,0.1,0.0,2.72,3.28
2024-03-19,10:00,10,19,3,1,0,18.6,72.4,2,High,3.28,3.94,0.0,0.21,0.1,0.85,1.72,2.88
2024-03-19,11:00,11,19,3,1,0,17.3,79.4,2,Low,2.88,3.68,0.0,0.19,0.1,0.0,1.56,1.85
2024-03-19,12:00,12,19,3,1,0,18.8,74.9,1,Medium,1.85,2.67,0.0,0.2,0.09,0.0,1.3,1.59
2024-03-19,13:00,13,19,3,1,0,19.2,71.8,2,Medium,1.59,2.11,0.0,0.21,0.1,0.0,1.4,1.71
2024-03-19,14:00,14,19,3,1,0,21.3,74.4,1,Medium,1.71,1.72,0.0,0.2,0.09,0.0,1.53,1.82
2024-03-19,15:00,15,19,3,1,0,20.4,73.4,2,Low,1.82,1.71,0.0,0.21,0.1,0.0,1.43,1.74
2024-03-19,16:00,16,19,3,1,0,19.7,67.4,1,Low,1.74,1.76,0.0,0.2,0.09,0.0,0.96,1.25
2024-03-19,17:00,17,19,3,1,0,18.7,70.0,1,Low,1.25,1.6,0.0,0.2,0.09,0.0,2.79,3.08
2024-03-19,18:00,18,19,3,1,0,17.9,77.2,2,Low,3.08,2.02,0.0,0.21,0.22,0.0,3.41,3.84
2024-03-19,19:00,19,19,3,1,0,15.3,69.6,2,Medium,3.84,2.72,0.07,0.19,0.22,0.0,4.46,4.94
2024-03-19,20:00,20,19,3,1,0,13.6,76.9,2,High,4.94,3.95,0.33,0.2,0.22,0.85,5.2,6.8
2024-03-19,21:00,21,19,3,1,0,11.9,79.7,2,Medium,6.8,5.19,0.42,0.2,0.22,0.0,5.21,6.05
2024-03-19,22:00,22,19,3,1,0,10.0,77.8,1,Medium,6.05,5.93,0.62,0.22,0.15,0.0,3.15,4.14
2024-03-19,23:00,23,19,3,1,0,10.0,86.6,1,Medium,4.14,5.66,0.62,0.21,0.15,0.0,2.61,3.59
2024-03-20,00:00,0,20,3,2,0,10.0,85.8,4,Low,3.59,4.59,0.46,0.2,0.11,0.0,1.82,2.59
2024-03-20,01:00,1,20,3,2,0,10.0,76.3,2,Low,2.59,3.44,0.46,0.22,0.1,0.0,1.29,2.07
2024-03-20,02:00,2,20,3,2,0,10.0,87.4,3,Low,2.07,2.75,0.46,0.21,0.1,0.0,1.23,2.0
2024-03-20,03:00,3,20,3,2,0,10.0,86.2,1,Low,2.0,2.22,0.46,0.19,0.09,0.0,0.9,1.64
2024-03-20,04:00,4,20,3,2,0,10.0,80.9,1,Low,1.64,1.9,0.46,0.19,0.09,0.0,0.72,1.46
2024-03-20,05:00,5,20,3,2,0,10.0,87.9,3,Low,1.46,1.7,0.46,0.21,0.1,0.0,1.12,1.89
2024-03-20,06:00,6,20,3,2,0,10.0,85.2,3,Medium,1.89,1.66,0.62,0.2,0.1,0.0,3.21,4.13
2024-03-20,07:00,7,20,3,2,0,12.6,80.1,3,Low,4.13,2.49,0.26,0.21,0.1,0.0,3.03,3.6
2024-03-20,08:00,8,20,3,2,0,13.0,79.8,5,High,3.6,3.21,0.42,0.2,0.12,0.0,5.4,6.14
2024-03-20,09:00,9,20,3,2,0,14.5,72.4,1,Medium,6.14,4.62,0.16,0.21,0.09,0.0,2.79,3.25
2024-03-20,10:00,10,20,3,2,0,15.7,69.4,3,Medium,3.25,4.33,0.03,0.22,0.1,0.0,2.24,2.59
2024-03-20,11:00,11,20,3,2,0,16.7,69.2,1,Low,2.59,3.99,0.0,0.21,0.09,0.0,1.08,1.38
2024-03-20,12:00,12,20,3,2,0,19.9,70.0,1,Low,1.38,2.41,0.0,0.21,0.09,0.0,0.98,1.28
2024-03-20,13:00,13,20,3,2,0,21.0,66.5,1,Medium,1.28,1.75,0.0,0.2,0.09,0.0,1.23,1.52
2024-03-20,14:00,14,20,3,2,0,19.8,68.4,1,Medium,1.52,1.39,0.0,0.21,0.09,0.0,1.56,1.86
2024-03-20,15:00,15,20,3,2,0,19.3,68.8,2,Medium,1.86,1.55,0.0,0.2,0.1,0.0,1.99,2.29
2024-03-20,16:00,16,20,3,2,0,19.7,72.4,1,Medium,2.29,1.89,0.0,0.2,0.09,0.0,1.79,2.08
2024-03-20,17:00,17,20,3,2,0,18.1,74.0,3,Medium,2.08,2.08,0.0,0.2,0.1,0.0,4.68,4.98
2024-03-20,18:00,18,20,3,2,0,15.6,74.8,3,High,4.98,3.12,0.06,0.22,0.28,0.0,6.88,7.44
2024-03-20,19:00,19,20,3,2,0,15.2,75.7,3,Medium,7.44,4.83,0.08,0.2,0.28,0.0,5.8,6.36
2024-03-20,20:00,20,20,3,2,0,13.8,83.5,3,High,6.36,6.26,0.31,0.19,0.28,0.85,6.41,8.04
2024-03-20,21:00,21,20,3,2,0,12.4,74.6,4,Medium,8.04,7.28,0.37,0.21,0.35,0.0,6.13,7.06
2024-03-20,22:00,22,20,3,2,0,10.3,79.2,3,Medium,7.06,7.15,0.59,0.21,0.28,0.0,3.8,4.88
2024-03-20,23:00,23,20,3,2,0,12.1,77.5,4,High,4.88,6.66,0.54,0.2,0.35,0.0,3.97,5.06
2024-03-21,00:00,0,21,3,3,0,12.7,79.2,3,Low,5.06,5.67,0.25,0.2,0.1,0.0,1.91,2.46
2024-03-21,01:00,1,21,3,3,0,10.0,82.2,2,Low,2.46,4.13,0.46,0.22,0.1,0.0,1.36,2.14
2024-03-21,02:00,2,21,3,3,0,10.0,88.7,2,Low,2.14,3.22,0.46,0.2,0.1,0.0,1.28,2.04
2024-03-21,03:00,3,21,3,3,0,10.0,78.4,2,Low,2.04,2.21,0.46,0.19,0.1,0.0,1.06,1.81
2024-03-21,04:00,4,21,3,3,0,10.0,78.6,4,Low,1.81,2.0,0.46,0.21,0.11,0.0,1.13,1.91
2024-03-21,05:00,5,21,3,3,0,10.0,79.9,4,Low,1.91,1.92,0.46,0.22,0.11,0.0,1.81,2.6
2024-03-21,06:00,6,21,3,3,0,10.4,79.9,1,Low,2.6,2.11,0.43,0.21,0.09,0.0,2.31,3.04
2024-03-21,07:00,7,21,3,3,0,13.1,86.7,3,High,3.04,2.52,0.4,0.21,0.1,0.0,4.49,5.2
2024-03-21,08:00,8,21,3,3,0,15.2,77.1,2,Medium,5.2,3.61,0.08,0.2,0.1,0.0,3.95,4.33
2024-03-21,09:00,9,21,3,3,0,15.5,79.8,1,Medium,4.33,4.19,0.05,0.2,0.09,0.0,2.08,2.42
2024-03-21,10:00,10,21,3,3,0,16.0,77.1,3,Medium,2.42,3.98,0.0,0.2,0.1,0.0,2.22,2.52
2024-03-21,11:00,11,21,3,3,0,20.2,68.2,2,Medium,2.52,3.09,0.0,0.21,0.1,0.0,1.59,1.9
2024-03-21,12:00,12,21,3,3,0,19.9,76.6,2,Low,1.9,2.28,0.0,0.21,0.1,0.0,1.53,1.84
2024-03-21,13:00,13,21,3,3,0,20.3,71.5,1,Medium,1.84,2.09,0.0,0.22,0.09,0.0,1.22,1.53
2024-03-21,14:00,14,21,3,3,0,21.4,73.9,1,High,1.53,1.76,0.0,0.21,0.09,0.0,1.78,2.08
2024-03-21,15:00,15,21,3,3,0,21.1,70.2,1,Medium,2.08,1.82,0.0,0.2,0.09,0.0,1.37,1.66
2024-03-21,16:00,16,21,3,3,0,20.5,70.4,1,Medium,1.66,1.76,0.0,0.22,0.09,0.0,1.34,1.65
2024-03-21,17:00,17,21,3,3,0,20.0,69.3,2,Low,1.65,1.8,0.0,0.2,0.1,0.0,3.18,3.48
2024-03-21,18:00,18,21,3,3,0,18.5,69.9,5,Medium,3.48,2.26,0.0,0.21,0.42,0.0,5.13,5.76
2024-03-21,19:00,19,21,3,3,0,14.9,74.7,2,Medium,5.76,3.63,0.11,0.21,0.22,0.0,4.98,5.52
2024-03-21,20:00,20,21,3,3,0,16.8,80.0,5,High,5.52,4.92,0.0,0.19,0.42,0.85,6.06,7.52
2024-03-21,21:00,21,21,3,3,0,12.2,78.0,3,Medium,7.52,6.27,0.39,0.19,0.28,0.0,5.75,6.61
2024-03-21,22:00,22,21,3,3,0,10.3,78.3,3,Low,6.61,6.55,0.44,0.22,0.28,0.0,2.89,3.83
2024-03-21,23:00,23,21,3,3,0,10.0,85.7,5,High,3.83,5.99,0.84,0.19,0.42,0.0,4.49,5.94
2024-03-22,00:00,0,22,3,4,0,10.0,79.3,3,Low,5.94,5.46,0.46,0.22,0.1,0.0,2.08,2.86
2024-03-22,01:00,1,22,3,4,0,10.0,88.1,3,Low,2.86,4.21,0.46,0.2,0.1,0.0,1.47,2.23
2024-03-22,02:00,2,22,3,4,0,10.6,75.0,2,Low,2.23,3.68,0.41,0.21,0.1,0.0,0.95,1.67
2024-03-22,03:00,3,22,3,4,0,10.0,73.5,4,Low,1.67,2.25,0.46,0.21,0.11,0.0,1.51,2.29
2024-03-22,04:00,4,22,3,4,0,10.0,83.7,1,Low,2.29,2.06,0.46,0.2,0.09,0.0,0.91,1.66
2024-03-22,05:00,5,22,3,4,0,10.5,82.1,3,Low,1.66,1.87,0.42,0.21,0.1,0.0,1.3,2.03
2024-03-22,06:00,6,22,3,4,0,12.4,79.9,4,High,2.03,1.99,0.5,0.21,0.11,0.0,4.24,5.06
2024-03-22,07:00,7,22,3,4,0,15.0,78.1,1,High,5.06,2.92,0.14,0.2,0.09,0.0,4.7,5.13
2024-03-22,08:00,8,22,3,4,0,15.8,80.4,2,High,5.13,4.07,0.03,0.21,0.1,0.0,4.62,4.96
2024-03-22,09:00,9,22,3,4,0,14.1,78.5,1,High,4.96,5.05,0.27,0.22,0.09,0.0,2.6,3.18
2024-03-22,10:00,10,22,3,4,0,16.9,68.0,1,Low,3.18,4.42,0.0,0.2,0.09,0.0,1.16,1.45
2024-03-22,11:00,11,22,3,4,0,15.9,76.0,1,Low,1.45,3.2,0.01,0.2,0.09,0.0,0.99,1.29
2024-03-22,12:00,12,22,3,4,0,18.0,72.3,1,Medium,1.29,1.97,0.0,0.21,0.09,0.0,1.32,1.62
2024-03-22,13:00,13,22,3,4,0,21.4,68.1,2,Medium,1.62,1.45,0.0,0.21,0.1,0.0,1.88,2.19
2024-03-22,14:00,14,22,3,4,0,19.4,67.7,1,Low,2.19,1.7,0.0,0.21,0.09,0.0,1.47,1.77
2024-03-22,15:00,15,22,3,4,0,20.2,64.1,2,Medium,1.77,1.86,0.0,0.2,0.1,0.0,1.98,2.28
2024-03-22,16:00,16,22,3,4,0,20.5,70.0,1,Medium,2.28,2.08,0.0,0.21,0.09,0.0,1.52,1.82
2024-03-22,17:00,17,22,3,4,0,19.2,73.4,2,Low,1.82,1.96,0.0,0.2,0.1,0.0,3.08,3.38
2024-03-22,18:00,18,22,3,4,0,16.7,70.9,2,Medium,3.38,2.49,0.0,0.21,0.22,0.0,4.71,5.14
2024-03-22,19:00,19,22,3,4,0,16.4,73.3,3,High,5.14,3.45,0.0,0.22,0.28,0.85,5.9,7.25
2024-03-22,20:00,20,22,3,4,0,13.1,78.8,5,High,7.25,5.26,0.4,0.21,0.42,0.85,6.63,8.51
2024-03-22,21:00,21,22,3,4,0,12.4,75.2,1,Medium,8.51,6.97,0.37,0.19,0.15,0.0,5.73,6.44
2024-03-22,22:00,22,22,3,4,0,12.0,83.0,3,High,6.44,7.4,0.56,0.21,0.28,0.0,4.17,5.22
2024-03-22,23:00,23,22,3,4,0,10.0,85.6,3,Low,5.22,6.72,0.46,0.2,0.28,0.0,2.78,3.72
2024-03-23,00:00,0,23,3,5,1,10.0,89.9,4,Low,3.72,5.13,0.46,0.21,0.11,0.0,1.77,2.55
2024-03-23,01:00,1,23,3,5,1,10.0,83.7,3,Low,2.55,3.83,0.46,0.2,0.1,0.0,1.3,2.06
2024-03-23,02:00,2,23,3,5,1,10.0,78.7,4,Low,2.06,2.78,0.46,0.2,0.11,0.0,1.45,2.22
2024-03-23,03:00,3,23,3,5,1,10.0,82.6,3,Low,2.22,2.28,0.46,0.2,0.1,0.0,1.53,2.29
2024-03-23,04:00,4,23,3,5,1,10.0,80.6,3,Low,2.29,2.19,0.46,0.21,0.1,0.0,1.04,1.81
2024-03-23,05:00,5,23,3,5,1,10.0,86.8,4,Low,1.81,2.11,0.46,0.22,0.11,0.0,0.96,1.75
2024-03-23,06:00,6,23,3,5,1,10.0,89.0,3,Medium,1.75,1.95,0.62,0.21,0.1,0.0,3.07,4.0
2024-03-23,07:00,7,23,3,5,1,11.4,73.9,3,Medium,4.0,2.52,0.48,0.2,0.1,0.0,3.54,4.32
2024-03-23,08:00,8,23,3,5,1,13.4,77.1,1,Medium,4.32,3.36,0.27,0.21,0.09,0.0,3.44,4.01
2024-03-23,09:00,9,23,3,5,1,14.4,74.5,5,Medium,4.01,4.11,0.17,0.2,0.12,0.0,3.35,3.84
2024-03-23,10:00,10,23,3,5,1,17.8,76.5,4,High,3.84,4.06,0.0,0.2,0.11,0.85,3.15,4.31
2024-03-23,11:00,11,23,3,5,1,18.8,75.3,2,Low,4.31,4.05,0.0,0.2,0.1,0.0,2.66,2.96
2024-03-23,12:00,12,23,3,5,1,21.2,69.6,4,Low,2.96,3.7,0.0,0.21,0.11,0.0,2.26,2.58
2024-03-23,13:00,13,23,3,5,1,18.8,66.7,2,Low,2.58,3.28,0.0,0.2,0.1,0.0,2.01,2.31
2024-03-23,14:00,14,23,3,5,1,22.3,68.7,2,Medium,2.31,2.62,0.0,0.22,0.1,0.0,2.44,2.76
2024-03-23,15:00,15,23,3,5,1,20.0,75.1,3,Low,2.76,2.55,0.0,0.22,0.1,0.0,1.95,2.27
2024-03-23,16:00,16,23,3,5,1,20.7,71.9,3,Medium,2.27,2.45,0.0,0.19,0.1,0.0,2.92,3.21
2024-03-23,17:00,17,23,3,5,1,15.3,78.3,4,Medium,3.21,2.75,0.07,0.2,0.11,0.0,4.88,5.26
2024-03-23,18:00,18,23,3,5,1,16.9,65.8,5,High,5.26,3.58,0.0,0.21,0.42,0.0,7.11,7.74
2024-03-23,19:00,19,23,3,5,1,16.7,76.6,3,Medium,7.74,5.4,0.0,0.19,0.28,0.0,5.66,6.13
2024-03-23,20:00,20,23,3,5,1,13.8,77.2,2,High,6.13,6.38,0.31,0.22,0.22,0.85,5.63,7.23
2024-03-23,21:00,21,23,3,5,1,12.8,78.3,5,High,7.23,7.03,0.45,0.2,0.42,0.0,7.64,8.71
2024-03-23,22:00,22,23,3,5,1,10.8,79.2,4,High,8.71,7.36,0.73,0.19,0.35,0.0,4.94,6.21
2024-03-23,23:00,23,23,3,5,1,10.0,81.7,4,Low,6.21,7.38,0.46,0.21,0.35,0.0,2.89,3.91
2024-03-24,00:00,0,24,3,6,1,10.0,79.1,4,Low,3.91,6.28,0.46,0.21,0.11,0.0,1.9,2.68
2024-03-24,01:00,1,24,3,6,1,10.0,82.9,2,Low,2.68,4.27,0.46,0.21,0.1,0.0,1.1,1.87
2024-03-24,02:00,2,24,3,6,1,10.0,80.1,4,Low,1.87,2.82,0.46,0.22,0.11,0.0,1.42,2.21
2024-03-24,03:00,3,24,3,6,1,10.0,85.0,5,Low,2.21,2.25,0.46,0.21,0.12,0.0,1.7,2.49
2024-03-24,04:00,4,24,3,6,1,10.0,83.3,3,Low,2.49,2.19,0.46,0.21,0.1,0.0,1.19,1.96
2024-03-24,05:00,5,24,3,6,1,10.0,87.6,3,Low,1.96,2.22,0.46,0.22,0.1,0.0,1.14,1.92
2024-03-24,06:00,6,24,3,6,1,10.5,83.4,1,Low,1.92,2.12,0.42,0.22,0.09,0.0,2.15,2.88
2024-03-24,07:00,7,24,3,6,1,13.5,76.2,4,High,2.88,2.25,0.35,0.21,0.11,0.0,5.0,5.67
2024-03-24,08:00,8,24,3,6,1,14.9,79.0,5,Medium,5.67,3.49,0.11,0.21,0.12,0.0,4.3,4.74
2024-03-24,09:00,9,24,3,6,1,16.5,71.9,3,Medium,4.74,4.43,0.0,0.2,0.1,0.0,3.13,3.43
2024-03-24,10:00,10,24,3,6,1,16.0,73.8,1,Low,3.43,4.61,0.0,0.19,0.09,0.0,1.98,2.26
2024-03-24,11:00,11,24,3,6,1,18.8,69.1,5,Medium,2.26,3.48,0.0,0.2,0.12,0.0,3.32,3.64
2024-03-24,12:00,12,24,3,6,1,18.2,73.3,2,Low,3.64,3.11,0.0,0.21,0.1,0.0,2.21,2.52
2024-03-24,13:00,13,24,3,6,1,19.8,72.8,3,Medium,2.52,2.81,0.0,0.19,0.1,0.0,2.32,2.61
2024-03-24,14:00,14,24,3,6,1,18.8,69.2,3,Low,2.61,2.92,0.0,0.21,0.1,0.0,2.55,2.86
2024-03-24,15:00,15,24,3,6,1,20.6,65.0,3,Medium,2.86,2.66,0.0,0.21,0.1,0.0,2.82,3.13
2024-03-24,16:00,16,24,3,6,1,19.3,75.4,5,Low,3.13,2.87,0.0,0.19,0.12,0.0,2.81,3.12
2024-03-24,17:00,17,24,3,6,1,18.4,70.8,5,High,3.12,3.04,0.0,0.22,0.12,0.0,6.64,6.98
2024-03-24,18:00,18,24,3,6,1,16.5,71.4,4,High,6.98,4.41,0.0,0.2,0.35,0.0,7.48,8.03
2024-03-24,19:00,19,24,3,6,1,15.8,75.6,3,High,8.03,6.04,0.03,0.19,0.28,0.85,6.38,7.73
2024-03-24,20:00,20,24,3,6,1,14.0,78.9,3,High,7.73,7.58,0.28,0.2,0.28,0.85,6.56,8.17
2024-03-24,21:00,21,24,3,6,1,11.8,78.3,1,High,8.17,7.98,0.59,0.21,0.15,0.0,7.11,8.06
2024-03-24,22:00,22,24,3,6,1,11.8,81.7,4,Medium,8.06,7.99,0.43,0.21,0.35,0.0,4.22,5.21
2024-03-24,23:00,23,24,3,6,1,11.2,77.0,4,Low,5.21,7.15,0.37,0.21,0.35,0.0,3.03,3.96
2024-03-25,00:00,0,25,3,0,0,10.0,82.7,1,Low,3.96,5.74,0.46,0.2,0.09,0.0,1.6,2.35
2024-03-25,01:00,1,25,3,0,0,10.0,72.8,3,Low,2.35,3.84,0.46,0.22,0.1,0.0,1.18,1.96
2024-03-25,02:00,2,25,3,0,0,10.0,86.2,3,Low,1.96,2.76,0.46,0.21,0.1,0.0,1.29,2.06
2024-03-25,03:00,3,25,3,0,0,10.0,85.1,3,Low,2.06,2.12,0.46,0.21,0.1,0.0,1.35,2.12
2024-03-25,04:00,4,25,3,0,0,10.0,84.0,3,Low,2.12,2.05,0.46,0.2,0.1,0.0,1.21,1.97
2024-03-25,05:00,5,25,3,0,0,10.1,89.1,1,Low,1.97,2.05,0.45,0.22,0.09,0.0,0.64,1.4
2024-03-25,06:00,6,25,3,0,0,11.4,80.0,1,Low,1.4,1.83,0.35,0.21,0.09,0.0,2.19,2.84
2024-03-25,07:00,7,25,3,0,0,13.0,80.6,3,Low,2.84,2.07,0.23,0.2,0.1,0.0,2.34,2.87
2024-03-25,08:00,8,25,3,0,0,16.0,78.7,3,High,2.87,2.37,0.0,0.19,0.1,0.0,4.39,4.68
2024-03-25,09:00,9,25,3,0,0,13.5,75.6,1,Low,4.68,3.46,0.19,0.22,0.09,0.0,2.13,2.63
2024-03-25,10:00,10,25,3,0,0,18.5,64.7,1,Medium,2.63,3.39,0.0,0.22,0.09,0.0,2.08,2.39
2024-03-25,11:00,11,25,3,0,0,18.0,78.8,1,High,2.39,3.23,0.0,0.2,0.09,0.85,1.15,2.29
2024-03-25,12:00,12,25,3,0,0,19.0,76.6,1,Medium,2.29,2.44,0.0,0.2,0.09,0.0,1.88,2.17
2024-03-25,13:00,13,25,3,0,0,21.0,70.2,2,Medium,2.17,2.28,0.0,0.2,0.1,0.0,1.74,2.04
2024-03-25,14:00,14,25,3,0,0,19.6,74.4,1,Medium,2.04,2.17,0.0,0.2,0.09,0.0,1.35,1.64
2024-03-25,15:00,15,25,3,0,0,20.6,74.1,1,Medium,1.64,1.95,0.0,0.21,0.09,0.0,1.43,1.73
2024-03-25,16:00,16,25,3,0,0,19.0,75.3,1,Medium,1.73,1.8,0.0,0.19,0.09,0.0,1.67,1.95
2024-03-25,17:00,17,25,3,0,0,20.0,69.5,3,Low,1.95,1.77,0.0,0.2,0.1,0.0,3.49,3.79
2024-03-25,18:00,18,25,3,0,0,15.6,71.8,4,High,3.79,2.49,0.06,0.21,0.35,0.0,6.75,7.37
2024-03-25,19:00,19,25,3,0,0,14.2,76.7,3,Medium,7.37,4.37,0.19,0.21,0.28,0.0,5.5,6.18
2024-03-25,20:00,20,25,3,0,0,14.8,73.4,5,High,6.18,5.78,0.17,0.22,0.42,0.85,6.65,8.31
2024-03-25,21:00,21,25,3,0,0,10.7,88.4,3,Low,8.31,7.29,0.41,0.19,0.28,0.0,4.95,5.83
2024-03-25,22:00,22,25,3,0,0,10.9,82.2,3,High,5.83,6.77,0.71,0.2,0.28,0.0,3.98,5.17
2024-03-25,23:00,23,25,3,0,0,10.0,75.1,3,Low,5.17,6.44,0.46,0.21,0.28,0.0,2.34,3.29
2024-03-26,00:00,0,26,3,1,0,10.0,77.4,4,Low,3.29,4.76,0.46,0.2,0.11,0.0,1.75,2.52
2024-03-26,01:00,1,26,3,1,0,10.5,80.5,2,Low,2.52,3.66,0.42,0.21,0.1,0.0,1.36,2.09
2024-03-26,02:00,2,26,3,1,0,10.0,86.2,4,Low,2.09,2.63,0.46,0.21,0.11,0.0,1.23,2.01
2024-03-26,03:00,3,26,3,1,0,10.0,83.8,3,Low,2.01,2.21,0.46,0.2,0.1,0.0,1.13,1.89
2024-03-26,04:00,4,26,3,1,0,10.0,84.9,3,Low,1.89,2.0,0.46,0.22,0.1,0.0,1.29,2.07
2024-03-26,05:00,5,26,3,1,0,10.5,81.5,3,Low,2.07,1.99,0.42,0.2,0.1,0.0,1.1,1.82
2024-03-26,06:00,6,26,3,1,0,10.0,87.9,3,Medium,1.82,1.93,0.62,0.22,0.1,0.0,2.93,3.87
2024-03-26,07:00,7,26,3,1,0,14.2,81.7,4,Medium,3.87,2.59,0.19,0.2,0.11,0.0,3.92,4.42
2024-03-26,08:00,8,26,3,1,0,15.2,73.9,4,High,4.42,3.37,0.11,0.21,0.11,0.0,4.97,5.4
2024-03-26,09:00,9,26,3,1,0,12.9,83.5,1,Low,5.4,4.56,0.24,0.21,0.09,0.0,1.97,2.51
2024-03-26,10:00,10,26,3,1,0,18.9,84.1,1,Medium,2.51,4.11,0.0,0.22,0.09,0.0,1.62,1.93
2024-03-26,11:00,11,26,3,1,0,17.7,77.5,1,Medium,1.93,3.28,0.0,0.2,0.09,0.0,1.29,1.58
2024-03-26,12:00,12,26,3,1,0,20.2,75.5,2,Low,1.58,2.01,0.0,0.2,0.1,0.0,1.23,1.53
2024-03-26,13:00,13,26,3,1,0,21.5,73.6,3,High,1.53,1.68,0.0,0.22,0.1,0.0,2.36,2.68
2024-03-26,14:00,14,26,3,1,0,18.2,73.7,2,Low,2.68,1.93,0.0,0.2,0.1,0.0,1.53,1.83
2024-03-26,15:00,15,26,3,1,0,17.9,72.9,3,Medium,1.83,2.01,0.0,0.2,0.1,0.0,1.72,2.02
2024-03-26,16:00,16,26,3,1,0,19.5,66.8,1,Medium,2.02,2.18,0.0,0.21,0.09,0.0,1.31,1.61
2024-03-26,17:00,17,26,3,1,0,17.7,72.4,1,Low,1.61,1.82,0.0,0.19,0.09,0.0,2.91,3.19
2024-03-26,18:00,18,26,3,1,0,18.4,79.3,4,High,3.19,2.27,0.0,0.22,0.35,0.0,6.25,6.82
2024-03-26,19:00,19,26,3,1,0,15.1,73.8,2,High,6.82,3.87,0.13,0.21,0.22,0.85,6.12,7.53
2024-03-26,20:00,20,26,3,1,0,13.0,76.7,4,High,7.53,5.85,0.42,0.21,0.35,0.85,7.01,8.84
2024-03-26,21:00,21,26,3,1,0,14.5,74.2,4,Medium,8.84,7.73,0.16,0.21,0.35,0.0,5.98,6.7
2024-03-26,22:00,22,26,3,1,0,12.4,79.1,4,High,6.7,7.69,0.5,0.22,0.35,0.0,4.66,5.73
2024-03-26,23:00,23,26,3,1,0,10.0,78.2,5,Medium,5.73,7.09,0.62,0.19,0.42,0.0,3.1,4.33
2024-03-27,00:00,0,27,3,2,0,10.0,83.6,4,Low,4.33,5.59,0.46,0.22,0.11,0.0,1.48,2.27
2024-03-27,01:00,1,27,3,2,0,10.0,79.0,5,Low,2.27,4.11,0.46,0.21,0.12,0.0,1.4,2.19
2024-03-27,02:00,2,27,3,2,0,10.0,81.7,1,Low,2.19,2.93,0.46,0.21,0.09,0.0,0.78,1.54
2024-03-27,03:00,3,27,3,2,0,10.0,80.6,5,Low,1.54,2.0,0.46,0.2,0.12,0.0,1.11,1.89
2024-03-27,04:00,4,27,3,2,0,10.0,81.7,3,Low,1.89,1.87,0.46,0.21,0.1,0.0,1.31,2.08
2024-03-27,05:00,5,27,3,2,0,10.4,82.9,1,Low,2.08,1.84,0.43,0.21,0.09,0.0,0.82,1.55
2024-03-27,06:00,6,27,3,2,0,11.6,79.1,5,Medium,1.55,1.84,0.46,0.2,0.12,0.0,3.61,4.39
2024-03-27,07:00,7,27,3,2,0,12.6,82.8,5,Low,4.39,2.67,0.26,0.22,0.12,0.0,3.39,3.99
2024-03-27,08:00,8,27,3,2,0,14.6,73.7,3,Low,3.99,3.31,0.11,0.21,0.1,0.0,3.09,3.51
2024-03-27,09:00,9,27,3,2,0,15.6,76.0,1,Low,3.51,3.96,0.03,0.19,0.09,0.0,2.01,2.32
2024-03-27,10:00,10,27,3,2,0,16.6,69.5,1,Low,2.32,3.27,0.0,0.22,0.09,0.0,1.11,1.42
2024-03-27,11:00,11,27,3,2,0,18.4,78.3,1,Low,1.42,2.42,0.0,0.19,0.09,0.0,0.93,1.21
2024-03-27,12:00,12,27,3,2,0,21.3,68.8,1,Low,1.21,1.65,0.0,0.2,0.09,0.0,1.03,1.32
2024-03-27,13:00,13,27,3,2,0,17.0,78.0,1,Medium,1.32,1.32,0.0,0.21,0.09,0.0,1.22,1.52
2024-03-27,14:00,14,27,3,2,0,20.3,73.1,1,Medium,1.52,1.35,0.0,0.21,0.09,0.0,1.41,1.71
2024-03-27,15:00,15,27,3,2,0,19.1,68.3,3,Medium,1.71,1.52,0.0,0.2,0.1,0.0,1.62,1.92
2024-03-27,16:00,16,27,3,2,0,18.8,70.0,1,Low,1.92,1.72,0.0,0.21,0.09,0.0,1.25,1.55
2024-03-27,17:00,17,27,3,2,0,16.9,68.3,1,Low,1.55,1.73,0.0,0.22,0.09,0.0,3.03,3.34
2024-03-27,18:00,18,27,3,2,0,17.3,76.9,1,High,3.34,2.27,0.0,0.2,0.15,0.0,5.56,5.91
2024-03-27,19:00,19,27,3,2,0,16.5,71.8,2,Medium,5.91,3.6,0.0,0.22,0.22,0.0,5.53,5.97
2024-03-27,20:00,20,27,3,2,0,13.8,84.1,2,High,5.97,5.07,0.31,0.22,0.22,0.85,5.67,7.27
2024-03-27,21:00,21,27,3,2,0,11.0,74.6,3,High,7.27,6.38,0.7,0.19,0.28,0.0,7.21,8.38
2024-03-27,22:00,22,27,3,2,0,11.3,80.3,4,Medium,8.38,7.21,0.49,0.21,0.35,0.0,4.05,5.1
2024-03-27,23:00,23,27,3,2,0,10.0,88.9,4,High,5.1,6.92,0.84,0.2,0.35,0.0,3.89,5.28
2024-03-28,00:00,0,28,3,3,0,10.0,88.5,1,Low,5.28,6.25,0.46,0.2,0.09,0.0,1.79,2.54
2024-03-28,01:00,1,28,3,3,0,10.0,83.7,2,Low,2.54,4.31,0.46,0.19,0.1,0.0,1.12,1.87
2024-03-28,02:00,2,28,3,3,0,10.0,88.4,5,Low,1.87,3.23,0.46,0.2,0.12,0.0,1.58,2.36
2024-03-28,03:00,3,28,3,3,0,10.0,81.2,3,Low,2.36,2.26,0.46,0.21,0.1,0.0,1.25,2.02
2024-03-28,04:00,4,28,3,3,0,10.0,78.4,2,Low,2.02,2.08,0.46,0.22,0.1,0.0,0.88,1.66
2024-03-28,05:00,5,28,3,3,0,10.0,81.3,3,Low,1.66,2.01,0.46,0.22,0.1,0.0,1.07,1.85
2024-03-28,06:00,6,28,3,3,0,10.0,85.2,3,Low,1.85,1.84,0.46,0.19,0.1,0.0,2.14,2.89
2024-03-28,07:00,7,28,3,3,0,11.0,83.7,3,High,2.89,2.13,0.7,0.19,0.1,0.0,4.81,5.8
2024-03-28,08:00,8,28,3,3,0,14.0,76.1,2,Low,5.8,3.51,0.15,0.2,0.1,0.0,3.31,3.76
2024-03-28,09:00,9,28,3,3,0,14.3,80.8,1,Medium,3.76,4.15,0.18,0.21,0.09,0.0,1.98,2.46
2024-03-28,10:00,10,28,3,3,0,16.2,69.4,2,High,2.46,4.01,0.0,0.2,0.1,0.85,1.51,2.66
2024-03-28,11:00,11,28,3,3,0,17.6,70.4,1,Low,2.66,2.96,0.0,0.19,0.09,0.0,1.25,1.53
2024-03-28,12:00,12,28,3,3,0,18.4,69.9,3,Medium,1.53,2.22,0.0,0.21,0.1,0.0,1.57,1.88
2024-03-28,13:00,13,28,3,3,0,19.1,74.2,3,High,1.88,2.02,0.0,0.2,0.1,0.0,2.66,2.96
2024-03-28,14:00,14,28,3,3,0,20.0,71.0,1,Low,2.96,2.12,0.0,0.19,0.09,0.0,1.57,1.85
2024-03-28,15:00,15,28,3,3,0,19.4,70.1,1,Low,1.85,2.23,0.0,0.22,0.09,0.0,1.12,1.43
2024-03-28,16:00,16,28,3,3,0,17.2,72.5,1,Low,1.43,2.08,0.0,0.21,0.09,0.0,0.76,1.06
2024-03-28,17:00,17,28,3,3,0,18.6,78.9,3,Low,1.06,1.45,0.0,0.2,0.1,0.0,3.17,3.47
2024-03-28,18:00,18,28,3,3,0,17.4,72.6,4,High,3.47,1.99,0.0,0.21,0.35,0.0,6.49,7.05
2024-03-28,19:00,19,28,3,3,0,14.7,70.9,3,Medium,7.05,3.86,0.13,0.2,0.28,0.0,5.73,6.34
2024-03-28,20:00,20,28,3,3,0,15.8,72.9,4,Low,6.34,5.62,0.02,0.22,0.35,0.0,4.74,5.33
2024-03-28,21:00,21,28,3,3,0,12.6,84.9,2,Medium,5.33,6.24,0.35,0.22,0.22,0.0,5.01,5.8
2024-03-28,22:00,22,28,3,3,0,11.3,84.6,3,Medium,5.8,5.82,0.49,0.21,0.28,0.0,3.45,4.43
2024-03-28,23:00,23,28,3,3,0,10.0,76.9,5,Medium,4.43,5.19,0.62,0.19,0.42,0.0,3.5,4.73
2024-03-29,00:00,0,29,3,4,0,10.8,84.3,4,Low,4.73,4.99,0.4,0.22,0.11,0.0,1.92,2.65
2024-03-29,01:00,1,29,3,4,0,10.0,82.4,1,Low,2.65,3.94,0.46,0.2,0.09,0.0,0.77,1.52
2024-03-29,02:00,2,29,3,4,0,10.0,81.7,3,Low,1.52,2.97,0.46,0.22,0.1,0.0,1.09,1.87
2024-03-29,03:00,3,29,3,4,0,10.0,83.0,3,Low,1.87,2.01,0.46,0.2,0.1,0.0,1.24,2.0
2024-03-29,04:00,4,29,3,4,0,10.0,88.5,4,Low,2.0,1.8,0.46,0.2,0.11,0.0,1.44,2.21
2024-03-29,05:00,5,29,3,4,0,10.0,84.7,3,Low,2.21,2.03,0.46,0.21,0.1,0.0,1.17,1.94
2024-03-29,06:00,6,29,3,4,0,12.4,78.3,3,Low,1.94,2.05,0.28,0.21,0.1,0.0,2.3,2.89
2024-03-29,07:00,7,29,3,4,0,13.6,84.7,4,Medium,2.89,2.35,0.25,0.21,0.11,0.0,3.66,4.23
2024-03-29,08:00,8,29,3,4,0,14.6,79.9,3,High,4.23,3.02,0.2,0.19,0.1,0.0,4.76,5.25
2024-03-29,09:00,9,29,3,4,0,15.3,75.2,1,Medium,5.25,4.12,0.07,0.2,0.09,0.0,2.24,2.6
2024-03-29,10:00,10,29,3,4,0,17.6,67.4,4,High,2.6,4.03,0.0,0.19,0.11,0.85,2.08,3.23
2024-03-29,11:00,11,29,3,4,0,17.3,67.9,1,High,3.23,3.69,0.0,0.22,0.09,0.85,1.52,2.68
2024-03-29,12:00,12,29,3,4,0,20.4,71.3,2,High,2.68,2.84,0.0,0.2,0.1,0.0,2.75,3.05
2024-03-29,13:00,13,29,3,4,0,20.8,60.2,1,High,3.05,2.99,0.0,0.19,0.09,0.0,2.26,2.54
2024-03-29,14:00,14,29,3,4,0,19.6,71.6,2,Low,2.54,2.76,0.0,0.2,0.1,0.0,1.42,1.72
2024-03-29,15:00,15,29,3,4,0,18.5,72.1,1,Low,1.72,2.44,0.0,0.21,0.09,0.0,1.21,1.51
2024-03-29,16:00,16,29,3,4,0,18.5,67.5,1,Medium,1.51,1.92,0.0,0.2,0.09,0.0,1.57,1.86
2024-03-29,17:00,17,29,3,4,0,18.0,74.0,3,Low,1.86,1.7,0.0,0.2,0.1,0.0,3.4,3.7
2024-03-29,18:00,18,29,3,4,0,19.3,68.1,5,Medium,3.7,2.36,0.0,0.22,0.42,0.0,5.07,5.71
2024-03-29,19:00,19,29,3,4,0,15.5,72.6,4,High,5.71,3.76,0.07,0.22,0.35,0.85,6.16,7.65
2024-03-29,20:00,20,29,3,4,0,14.1,79.7,3,Medium,7.65,5.69,0.2,0.19,0.28,0.0,5.47,6.14
2024-03-29,21:00,21,29,3,4,0,11.8,77.8,3,High,6.14,6.5,0.59,0.2,0.28,0.0,6.81,7.88
2024-03-29,22:00,22,29,3,4,0,12.4,79.0,3,High,7.88,7.22,0.5,0.21,0.28,0.0,4.48,5.47
2024-03-29,23:00,23,29,3,4,0,10.0,77.3,3,Low,5.47,6.5,0.46,0.22,0.28,0.0,2.95,3.91
2024-03-30,00:00,0,30,3,5,1,10.0,81.4,2,Low,3.91,5.75,0.46,0.21,0.1,0.0,1.6,2.37
2024-03-30,01:00,1,30,3,5,1,10.0,86.2,1,Low,2.37,3.92,0.46,0.21,0.09,0.0,1.32,2.08
2024-03-30,02:00,2,30,3,5,1,10.0,83.8,4,Low,2.08,2.79,0.46,0.21,0.11,0.0,1.57,2.35
2024-03-30,03:00,3,30,3,5,1,10.0,80.1,5,Low,2.35,2.27,0.46,0.19,0.12,0.0,1.72,2.49
2024-03-30,04:00,4,30,3,5,1,10.0,84.3,4,Low,2.49,2.31,0.46,0.2,0.11,0.0,0.96,1.73
2024-03-30,05:00,5,30,3,5,1,10.0,79.4,4,Low,1.73,2.19,0.46,0.21,0.11,0.0,1.33,2.11
2024-03-30,06:00,6,30,3,5,1,10.6,86.1,3,Medium,2.11,2.11,0.56,0.19,0.1,0.0,3.14,3.99
2024-03-30,07:00,7,30,3,5,1,12.8,75.7,4,Medium,3.99,2.61,0.33,0.22,0.11,0.0,4.03,4.69
2024-03-30,08:00,8,30,3,5,1,16.0,74.4,3,Medium,4.69,3.6,0.0,0.2,0.1,0.0,3.88,4.18
2024-03-30,09:00,9,30,3,5,1,13.9,84.7,4,Low,4.18,4.29,0.16,0.2,0.11,0.0,2.53,3.0
2024-03-30,10:00,10,30,3,5,1,16.7,73.7,2,High,3.0,3.96,0.0,0.21,0.1,0.85,2.53,3.69
2024-03-30,11:00,11,30,3,5,1,20.3,71.3,2,Medium,3.69,3.62,0.0,0.21,0.1,0.0,2.99,3.3
2024-03-30,12:00,12,30,3,5,1,17.8,78.7,3,Medium,3.3,3.33,0.0,0.2,0.1,0.0,3.21,3.51
2024-03-30,13:00,13,30,3,5,1,20.5,71.1,2,Medium,3.51,3.5,0.0,0.21,0.1,0.0,2.54,2.85
2024-03-30,14:00,14,30,3,5,1,19.8,76.7,2,Medium,2.85,3.22,0.0,0.19,0.1,0.0,2.6,2.89
2024-03-30,15:00,15,30,3,5,1,19.9,67.1,4,Medium,2.89,3.08,0.0,0.2,0.11,0.0,2.97,3.28
2024-03-30,16:00,16,30,3,5,1,19.5,70.9,3,Medium,3.28,3.01,0.0,0.2,0.1,0.0,2.73,3.03
2024-03-30,17:00,17,30,3,5,1,20.1,75.6,3,Low,3.03,3.07,0.0,0.2,0.1,0.0,3.99,4.29
2024-03-30,18:00,18,30,3,5,1,17.9,74.4,1,Medium,4.29,3.53,0.0,0.21,0.15,0.0,4.13,4.49
2024-03-30,19:00,19,30,3,5,1,15.7,78.3,5,High,4.49,3.94,0.04,0.21,0.42,0.85,5.85,7.37
2024-03-30,20:00,20,30,3,5,1,13.8,79.6,2,Low,7.37,5.38,0.17,0.22,0.22,0.0,4.7,5.31
2024-03-30,21:00,21,30,3,5,1,13.3,80.0,3,Medium,5.31,5.72,0.28,0.2,0.28,0.0,5.22,5.98
2024-03-30,22:00,22,30,3,5,1,12.0,84.0,3,High,5.98,6.22,0.56,0.19,0.28,0.0,4.11,5.14
2024-03-30,23:00,23,30,3,5,1,10.0,83.5,1,High,5.14,5.48,0.84,0.22,0.15,0.0,3.37,4.58
2024-03-31,00:00,0,31,3,6,1,10.0,80.4,3,Low,4.58,5.23,0.46,0.22,0.1,0.0,1.58,2.36
2024-03-31,01:00,1,31,3,6,1,10.0,82.7,3,Low,2.36,4.03,0.46,0.2,0.1,0.0,1.28,2.04
2024-03-31,02:00,2,31,3,6,1,10.0,82.6,4,Low,2.04,2.99,0.46,0.19,0.11,0.0,1.07,1.83
2024-03-31,03:00,3,31,3,6,1,10.0,81.2,3,Low,1.83,2.08,0.46,0.22,0.1,0.0,1.05,1.83
2024-03-31,04:00,4,31,3,6,1,10.0,80.2,3,Low,1.83,1.9,0.46,0.19,0.1,0.0,1.1,1.85
2024-03-31,05:00,5,31,3,6,1,10.2,78.1,1,Low,1.85,1.84,0.44,0.2,0.09,0.0,1.08,1.81
2024-03-31,06:00,6,31,3,6,1,10.0,84.6,3,Medium,1.81,1.83,0.62,0.21,0.1,0.0,3.14,4.07
2024-03-31,07:00,7,31,3,6,1,13.1,73.4,5,High,4.07,2.58,0.4,0.2,0.12,0.0,4.89,5.61
2024-03-31,08:00,8,31,3,6,1,15.1,76.8,3,Medium,5.61,3.83,0.09,0.2,0.1,0.0,4.15,4.54
2024-03-31,09:00,9,31,3,6,1,17.3,74.6,4,Medium,4.54,4.74,0.0,0.2,0.11,0.0,3.57,3.88
2024-03-31,10:00,10,31,3,6,1,18.0,69.5,3,Medium,3.88,4.68,0.0,0.21,0.1,0.0,2.9,3.21
2024-03-31,11:00,11,31,3,6,1,20.8,74.1,4,Low,3.21,3.88,0.0,0.21,0.11,0.0,2.28,2.6
2024-03-31,12:00,12,31,3,6,1,20.5,74.6,4,Low,2.6,3.23,0.0,0.21,0.11,0.0,2.18,2.5
2024-03-31,13:00,13,31,3,6,1,19.2,73.0,5,Medium,2.5,2.77,0.0,0.19,0.12,0.0,3.25,3.56
2024-03-31,14:00,14,31,3,6,1,21.4,72.5,3,Medium,3.56,2.89,0.0,0.21,0.1,0.0,2.97,3.28
2024-03-31,15:00,15,31,3,6,1,20.2,65.6,4,Low,3.28,3.11,0.0,0.21,0.11,0.0,2.46,2.78
2024-03-31,16:00,16,31,3,6,1,18.2,67.3,4,Low,2.78,3.21,0.0,0.21,0.11,0.0,2.2,2.52
2024-03-31,17:00,17,31,3,6,1,16.1,80.6,1,Medium,2.52,2.86,0.0,0.21,0.09,0.0,4.15,4.45
2024-03-31,18:00,18,31,3,6,1,17.0,76.7,5,Medium,4.45,3.25,0.0,0.2,0.42,0.0,5.21,5.83
2024-03-31,19:00,19,31,3,6,1,14.2,77.4,3,Medium,5.83,4.27,0.19,0.22,0.28,0.0,5.15,5.84
2024-03-31,20:00,20,31,3,6,1,15.3,72.6,4,Medium,5.84,5.37,0.07,0.2,0.35,0.0,5.7,6.32
2024-03-31,21:00,21,31,3,6,1,10.4,81.2,5,Medium,6.32,6.0,0.58,0.2,0.42,0.0,5.7,6.9
2024-03-31,22:00,22,31,3,6,1,11.2,85.8,3,High,6.9,6.35,0.67,0.21,0.28,0.0,4.42,5.58
2024-03-31,23:00,23,31,3,6,1,10.3,90.9,3,Medium,5.58,6.27,0.59,0.22,0.28,0.0,3.33,4.42
2024-04-01,00:00,0,1,4,0,0,15.6,81.6,2,Low,4.42,5.63,0.03,0.21,0.1,0.0,1.93,2.27
2024-04-01,01:00,1,1,4,0,0,13.0,85.3,4,Low,2.27,4.09,0.23,0.2,0.11,0.0,1.12,1.66
2024-04-01,02:00,2,1,4,0,0,14.3,84.2,3,Low,1.66,2.78,0.13,0.19,0.1,0.0,0.95,1.37
2024-04-01,03:00,3,1,4,0,0,14.2,73.7,5,Low,1.37,1.77,0.14,0.2,0.12,0.0,1.27,1.73
2024-04-01,04:00,4,1,4,0,0,15.4,85.2,4,Low,1.73,1.59,0.05,0.22,0.11,0.0,1.26,1.64
2024-04-01,05:00,5,1,4,0,0,17.8,73.8,3,Low,1.64,1.58,0.0,0.2,0.1,0.0,1.27,1.57
2024-04-01,06:00,6,1,4,0,0,15.8,73.8,4,Medium,1.57,1.65,0.02,0.21,0.11,0.0,3.6,3.94
2024-04-01,07:00,7,1,4,0,0,18.5,76.9,3,High,3.94,2.38,0.0,0.2,0.1,0.0,4.78,5.08
2024-04-01,08:00,8,1,4,0,0,19.8,69.6,3,High,5.08,3.53,0.0,0.19,0.1,0.0,5.34,5.63
2024-04-01,09:00,9,1,4,0,0,20.6,72.1,2,High,5.63,4.88,0.0,0.21,0.1,0.0,2.98,3.29
2024-04-01,10:00,10,1,4,0,0,23.1,67.4,1,Medium,3.29,4.67,0.0,0.21,0.09,0.0,1.48,1.78
2024-04-01,11:00,11,1,4,0,0,24.6,58.1,1,Low,1.78,3.57,0.0,0.22,0.09,0.0,1.26,1.57
2024-04-01,12:00,12,1,4,0,0,26.7,64.3,1,High,1.57,2.21,0.11,0.21,0.09,0.0,1.83,2.24
2024-04-01,13:00,13,1,4,0,0,29.1,53.5,1,Medium,2.24,1.86,0.81,0.19,0.09,0.0,1.7,2.79
2024-04-01,14:00,14,1,4,0,0,26.4,53.4,2,Low,2.79,2.2,0.04,0.2,0.1,0.0,1.63,1.97
2024-04-01,15:00,15,1,4,0,0,27.1,62.4,1,High,1.97,2.33,0.28,0.2,0.09,0.0,2.24,2.81
2024-04-01,16:00,16,1,4,0,0,24.7,61.9,1,Low,2.81,2.52,0.0,0.19,0.09,0.0,1.91,2.19
2024-04-01,17:00,17,1,4,0,0,24.8,62.8,3,Medium,2.19,2.32,0.0,0.19,0.1,0.0,4.69,4.98
2024-04-01,18:00,18,1,4,0,0,24.0,67.2,4,Medium,4.98,3.33,0.0,0.2,0.35,0.0,5.38,5.93
2024-04-01,19:00,19,1,4,0,0,23.2,61.0,1,Medium,5.93,4.37,0.0,0.21,0.15,0.0,5.26,5.62
2024-04-01,20:00,20,1,4,0,0,18.9,69.1,2,High,5.62,5.51,0.0,0.2,0.22,0.85,6.04,7.31
2024-04-01,21:00,21,1,4,0,0,18.4,70.6,4,High,7.31,6.29,0.0,0.2,0.35,0.0,7.53,8.08
2024-04-01,22:00,22,1,4,0,0,16.3,76.4,4,Low,8.08,7.0,0.0,0.19,0.35,0.0,3.61,4.15
2024-04-01,23:00,23,1,4,0,0,16.4,73.6,4,Low,4.15,6.51,0.0,0.22,0.35,0.0,2.76,3.33
2024-04-02,00:00,0,2,4,1,0,13.8,75.4,2,Low,3.33,5.19,0.17,0.21,0.1,0.0,1.17,1.65
2024-04-02,01:00,1,2,4,1,0,12.4,83.3,4,Low,1.65,3.04,0.28,0.19,0.11,0.0,1.41,1.99
2024-04-02,02:00,2,2,4,1,0,14.2,83.8,3,Low,1.99,2.32,0.14,0.22,0.1,0.0,1.29,1.75
2024-04-02,03:00,3,2,4,1,0,12.6,79.9,3,Low,1.75,1.8,0.26,0.21,0.1,0.0,1.27,1.84
2024-04-02,04:00,4,2,4,1,0,15.9,76.1,4,Low,1.84,1.86,0.01,0.22,0.11,0.0,1.3,1.64
2024-04-02,05:00,5,2,4,1,0,14.0,79.0,2,Low,1.64,1.74,0.15,0.21,0.1,0.0,0.89,1.35
2024-04-02,06:00,6,2,4,1,0,16.9,69.2,3,Medium,1.35,1.61,0.0,0.21,0.1,0.0,3.01,3.32
2024-04-02,07:00,7,2,4,1,0,19.6,71.9,4,Medium,3.32,2.1,0.0,0.2,0.11,0.0,3.48,3.79
2024-04-02,08:00,8,2,4,1,0,20.5,76.5,4,High,3.79,2.82,0.0,0.2,0.11,0.0,5.01,5.32
2024-04-02,09:00,9,2,4,1,0,23.6,69.5,1,Medium,5.32,4.14,0.0,0.2,0.09,0.0,2.42,2.71
2024-04-02,10:00,10,2,4,1,0,23.0,64.2,1,Medium,2.71,3.94,0.0,0.22,0.09,0.0,1.87,2.18
2024-04-02,11:00,11,2,4,1,0,24.6,63.4,4,Medium,2.18,3.4,0.0,0.19,0.11,0.0,2.24,2.54
2024-04-02,12:00,12,2,4,1,0,24.9,64.2,1,High,2.54,2.48,0.0,0.21,0.09,0.0,2.3,2.6
2024-04-02,13:00,13,2,4,1,0,26.4,65.8,2,Low,2.6,2.44,0.04,0.21,0.1,0.0,1.48,1.83
2024-04-02,14:00,14,2,4,1,0,25.7,67.2,1,Low,1.83,2.32,0.0,0.21,0.09,0.0,1.15,1.45
2024-04-02,15:00,15,2,4,1,0,24.9,65.7,1,Low,1.45,1.96,0.0,0.19,0.09,0.0,0.81,1.09
2024-04-02,16:00,16,2,4,1,0,24.7,65.7,1,Medium,1.09,1.46,0.0,0.22,0.09,0.0,1.31,1.62
2024-04-02,17:00,17,2,4,1,0,23.7,63.9,1,Medium,1.62,1.39,0.0,0.22,0.09,0.0,4.08,4.39
2024-04-02,18:00,18,2,4,1,0,23.7,69.5,3,High,4.39,2.37,0.0,0.2,0.28,0.0,6.27,6.75
2024-04-02,19:00,19,2,4,1,0,23.0,68.0,4,High,6.75,4.25,0.0,0.19,0.35,0.85,6.48,7.87
2024-04-02,20:00,20,2,4,1,0,19.3,75.1,3,Medium,7.87,6.34,0.0,0.21,0.28,0.0,5.47,5.96
2024-04-02,21:00,21,2,4,1,0,17.1,72.1,2,High,5.96,6.86,0.0,0.22,0.22,0.0,6.8,7.24
2024-04-02,22:00,22,2,4,1,0,19.8,72.9,1,Medium,7.24,7.02,0.0,0.21,0.15,0.0,3.3,3.66
2024-04-02,23:00,23,2,4,1,0,13.7,80.8,3,Medium,3.66,5.62,0.24,0.21,0.28,0.0,2.99,3.72
2024-04-03,00:00,0,3,4,2,0,13.8,75.4,3,Low,3.72,4.87,0.17,0.19,0.1,0.0,1.81,2.27
2024-04-03,01:00,1,3,4,2,0,15.7,78.5,4,Low,2.27,3.22,0.02,0.19,0.11,0.0,1.38,1.7
2024-04-03,02:00,2,3,4,2,0,11.5,78.3,3,Low,1.7,2.56,0.34,0.22,0.1,0.0,1.0,1.66
2024-04-03,03:00,3,3,4,2,0,14.0,80.0,2,Low,1.66,1.88,0.15,0.2,0.1,0.0,0.97,1.42
2024-04-03,04:00,4,3,4,2,0,12.4,77.8,5,Low,1.42,1.59,0.28,0.21,0.12,0.0,1.16,1.77
2024-04-03,05:00,5,3,4,2,0,16.3,73.3,5,Low,1.77,1.62,0.0,0.2,0.12,0.0,1.72,2.04
2024-04-03,06:00,6,3,4,2,0,15.2,80.7,2,Low,2.04,1.74,0.06,0.2,0.1,0.0,1.96,2.32
2024-04-03,07:00,7,3,4,2,0,18.1,73.5,4,Low,2.32,2.04,0.0,0.2,0.11,0.0,2.82,3.13
2024-04-03,08:00,8,3,4,2,0,19.8,70.6,4,High,3.13,2.5,0.0,0.19,0.11,0.0,4.84,5.14
2024-04-03,09:00,9,3,4,2,0,21.4,70.2,4,Medium,5.14,3.53,0.0,0.2,0.11,0.0,2.96,3.27
2024-04-03,10:00,10,3,4,2,0,24.7,67.6,2,Medium,3.27,3.85,0.0,0.2,0.1,0.0,2.14,2.44
2024-04-03,11:00,11,3,4,2,0,26.6,62.3,1,Medium,2.44,3.62,0.06,0.22,0.09,0.0,1.95,2.32
2024-04-03,12:00,12,3,4,2,0,25.7,60.1,1,High,2.32,2.68,0.0,0.2,0.09,0.0,2.29,2.58
2024-04-03,13:00,13,3,4,2,0,26.5,59.0,3,High,2.58,2.45,0.1,0.2,0.1,0.0,2.54,2.94
2024-04-03,14:00,14,3,4,2,0,24.9,65.5,1,Low,2.94,2.61,0.0,0.19,0.09,0.0,1.67,1.95
2024-04-03,15:00,15,3,4,2,0,27.0,64.9,3,Medium,1.95,2.49,0.19,0.22,0.1,0.0,2.12,2.63
2024-04-03,16:00,16,3,4,2,0,22.8,63.4,3,Medium,2.63,2.51,0.0,0.19,0.1,0.0,2.23,2.52
2024-04-03,17:00,17,3,4,2,0,25.8,61.5,2,Medium,2.52,2.37,0.0,0.2,0.1,0.0,4.42,4.72
2024-04-03,18:00,18,3,4,2,0,22.5,67.9,4,Medium,4.72,3.29,0.0,0.2,0.35,0.0,5.31,5.86
2024-04-03,19:00,19,3,4,2,0,22.9,56.2,2,High,5.86,4.37,0.0,0.21,0.22,0.85,5.91,7.19
2024-04-03,20:00,20,3,4,2,0,20.1,72.2,3,High,7.19,5.92,0.0,0.21,0.28,0.85,6.24,7.58
2024-04-03,21:00,21,3,4,2,0,18.7,75.8,3,Medium,7.58,6.88,0.0,0.19,0.28,0.0,5.81,6.28
2024-04-03,22:00,22,3,4,2,0,16.0,75.9,3,High,6.28,7.02,0.0,0.19,0.28,0.0,4.31,4.78
2024-04-03,23:00,23,3,4,2,0,16.1,76.7,3,High,4.78,6.21,0.0,0.22,0.28,0.0,4.02,4.52
2024-04-04,00:00,0,4,4,3,0,15.7,68.1,3,Low,4.52,5.19,0.02,0.19,0.1,0.0,1.56,1.87
2024-04-04,01:00,1,4,4,3,0,14.7,82.9,5,Low,1.87,3.72,0.1,0.21,0.12,0.0,1.31,1.74
2024-04-04,02:00,2,4,4,3,0,15.7,77.6,4,Low,1.74,2.71,0.02,0.19,0.11,0.0,1.38,1.7
2024-04-04,03:00,3,4,4,3,0,14.2,78.5,2,Low,1.7,1.77,0.14,0.22,0.1,0.0,0.95,1.41
2024-04-04,04:00,4,4,4,3,0,13.8,81.5,2,Low,1.41,1.62,0.17,0.21,0.1,0.0,0.91,1.39
2024-04-04,05:00,5,4,4,3,0,16.1,73.2,4,Low,1.39,1.5,0.0,0.22,0.11,0.0,1.13,1.46
2024-04-04,06:00,6,4,4,3,0,17.9,75.7,4,Medium,1.46,1.42,0.0,0.2,0.11,0.0,3.29,3.6
2024-04-04,07:00,7,4,4,3,0,19.3,70.9,3,Medium,3.6,2.15,0.0,0.21,0.1,0.0,3.48,3.79
2024-04-04,08:00,8,4,4,3,0,20.5,68.4,3,Medium,3.79,2.95,0.0,0.21,0.1,0.0,3.45,3.76
2024-04-04,09:00,9,4,4,3,0,19.5,68.7,2,Medium,3.76,3.72,0.0,0.22,0.1,0.0,2.31,2.63
2024-04-04,10:00,10,4,4,3,0,25.1,67.1,2,Medium,2.63,3.39,0.0,0.21,0.1,0.0,1.92,2.23
2024-04-04,11:00,11,4,4,3,0,24.8,67.0,2,Low,2.23,2.87,0.0,0.19,0.1,0.0,1.58,1.87
2024-04-04,12:00,12,4,4,3,0,21.5,70.8,4,Medium,1.87,2.24,0.0,0.21,0.11,0.0,2.31,2.63
2024-04-04,13:00,13,4,4,3,0,25.2,60.4,1,Medium,2.63,2.24,0.0,0.22,0.09,0.0,1.87,2.18
2024-04-04,14:00,14,4,4,3,0,25.4,67.6,1,Low,2.18,2.23,0.0,0.2,0.09,0.0,1.14,1.43
2024-04-04,15:00,15,4,4,3,0,27.8,64.2,4,Medium,1.43,2.08,0.4,0.2,0.11,0.0,2.12,2.83
2024-04-04,16:00,16,4,4,3,0,24.4,63.1,1,High,2.83,2.15,0.0,0.21,0.09,0.0,2.1,2.4
2024-04-04,17:00,17,4,4,3,0,23.6,64.3,1,Medium,2.4,2.22,0.0,0.21,0.09,0.0,3.84,4.14
2024-04-04,18:00,18,4,4,3,0,23.1,66.7,3,High,4.14,3.12,0.0,0.21,0.28,0.0,6.27,6.76
2024-04-04,19:00,19,4,4,3,0,21.3,57.6,4,High,6.76,4.43,0.0,0.19,0.35,0.85,6.71,8.1
2024-04-04,20:00,20,4,4,3,0,19.2,72.8,3,Medium,8.1,6.33,0.0,0.2,0.28,0.0,5.95,6.43
2024-04-04,21:00,21,4,4,3,0,19.6,71.6,5,High,6.43,7.1,0.0,0.19,0.42,0.0,7.37,7.98
2024-04-04,22:00,22,4,4,3,0,18.6,73.9,3,Low,7.98,7.5,0.0,0.21,0.28,0.0,3.46,3.95
2024-04-04,23:00,23,4,4,3,0,16.6,77.9,2,Medium,3.95,6.12,0.0,0.22,0.22,0.0,2.83,3.27
2024-04-05,00:00,0,5,4,4,0,14.9,73.8,2,Low,3.27,5.07,0.08,0.19,0.1,0.0,1.8,2.17
2024-04-05,01:00,1,5,4,4,0,14.4,80.1,5,Low,2.17,3.13,0.12,0.21,0.12,0.0,1.61,2.06
2024-04-05,02:00,2,5,4,4,0,11.8,77.6,3,Low,2.06,2.5,0.32,0.21,0.1,0.0,1.31,1.94
2024-04-05,03:00,3,5,4,4,0,15.1,82.5,3,Low,1.94,2.06,0.07,0.2,0.1,0.0,1.06,1.43
2024-04-05,04:00,4,5,4,4,0,15.3,69.5,2,Low,1.43,1.81,0.05,0.21,0.1,0.0,1.09,1.45
2024-04-05,05:00,5,5,4,4,0,15.7,70.9,3,Low,1.45,1.61,0.02,0.21,0.1,0.0,0.92,1.25
2024-04-05,06:00,6,5,4,4,0,16.6,73.5,3,Low,1.25,1.38,0.0,0.21,0.1,0.0,2.09,2.4
2024-04-05,07:00,7,5,4,4,0,19.7,66.1,4,Medium,2.4,1.7,0.0,0.21,0.11,0.0,3.58,3.9
2024-04-05,08:00,8,5,4,4,0,20.6,69.0,3,Medium,3.9,2.52,0.0,0.21,0.1,0.0,3.72,4.03
2024-04-05,09:00,9,5,4,4,0,23.0,73.6,1,Low,4.03,3.44,0.0,0.19,0.09,0.0,1.32,1.6
2024-04-05,10:00,10,5,4,4,0,23.6,64.6,1,Low,1.6,3.18,0.0,0.21,0.09,0.0,1.34,1.64
2024-04-05,11:00,11,5,4,4,0,24.8,72.4,1,Medium,1.64,2.42,0.0,0.2,0.09,0.0,1.48,1.77
2024-04-05,12:00,12,5,4,4,0,24.8,65.6,1,Medium,1.77,1.67,0.0,0.2,0.09,0.0,1.65,1.94
2024-04-05,13:00,13,5,4,4,0,25.0,67.8,1,High,1.94,1.78,0.0,0.22,0.09,0.0,2.23,2.54
2024-04-05,14:00,14,5,4,4,0,27.1,66.8,2,Low,2.54,2.08,0.16,0.21,0.1,0.0,1.34,1.81
2024-04-05,15:00,15,5,4,4,0,28.1,57.9,2,Medium,1.81,2.1,0.49,0.19,0.1,0.0,1.77,2.55
2024-04-05,16:00,16,5,4,4,0,24.4,59.8,1,Low,2.55,2.3,0.0,0.2,0.09,0.0,1.51,1.8
2024-04-05,17:00,17,5,4,4,0,26.6,58.4,1,Low,1.8,2.05,0.07,0.21,0.09,0.0,3.16,3.53
2024-04-05,18:00,18,5,4,4,0,24.0,63.9,3,High,3.53,2.63,0.0,0.21,0.28,0.0,6.42,6.91
2024-04-05,19:00,19,5,4,4,0,20.4,70.5,3,High,6.91,4.08,0.0,0.2,0.28,0.85,6.0,7.33
2024-04-05,20:00,20,5,4,4,0,19.2,74.9,4,High,7.33,5.92,0.0,0.22,0.35,0.85,6.5,7.92
2024-04-05,21:00,21,5,4,4,0,20.1,76.9,2,High,7.92,7.39,0.0,0.21,0.22,0.0,6.9,7.33
2024-04-05,22:00,22,5,4,4,0,17.8,78.1,2,High,7.33,7.53,0.0,0.2,0.22,0.0,3.9,4.32
2024-04-05,23:00,23,5,4,4,0,15.5,74.5,1,High,4.32,6.52,0.07,0.2,0.15,0.0,3.12,3.54
2024-04-06,00:00,0,6,4,5,1,17.5,76.4,5,Low,3.54,5.06,0.0,0.19,0.12,0.0,1.84,2.15
2024-04-06,01:00,1,6,4,5,1,14.1,79.6,5,Low,2.15,3.34,0.15,0.19,0.12,0.0,1.5,1.96
2024-04-06,02:00,2,6,4,5,1,14.0,74.8,3,Low,1.96,2.55,0.15,0.21,0.1,0.0,1.3,1.76
2024-04-06,03:00,3,6,4,5,1,14.1,80.6,2,Low,1.76,1.96,0.15,0.19,0.1,0.0,1.03,1.47
2024-04-06,04:00,4,6,4,5,1,14.9,72.5,3,Low,1.47,1.73,0.08,0.2,0.1,0.0,0.89,1.27
2024-04-06,05:00,5,6,4,5,1,15.9,78.6,3,Low,1.27,1.5,0.01,0.2,0.1,0.0,1.01,1.32
2024-04-06,06:00,6,6,4,5,1,16.5,73.0,4,Low,1.32,1.35,0.0,0.19,0.11,0.0,2.15,2.45
2024-04-06,07:00,7,6,4,5,1,20.7,67.4,3,Medium,2.45,1.68,0.0,0.19,0.1,0.0,3.49,3.78
2024-04-06,08:00,8,6,4,5,1,21.0,68.6,4,Low,3.78,2.52,0.0,0.19,0.11,0.0,3.06,3.36
2024-04-06,09:00,9,6,4,5,1,22.3,66.6,3,Medium,3.36,3.2,0.0,0.22,0.1,0.0,3.12,3.44
2024-04-06,10:00,10,6,4,5,1,23.1,60.3,3,Medium,3.44,3.53,0.0,0.19,0.1,0.0,3.1,3.39
2024-04-06,11:00,11,6,4,5,1,24.0,72.5,3,Medium,3.39,3.4,0.0,0.22,0.1,0.0,3.15,3.47
2024-04-06,12:00,12,6,4,5,1,24.9,61.0,2,Medium,3.47,3.43,0.0,0.2,0.1,0.0,2.95,3.25
2024-04-06,13:00,13,6,4,5,1,25.9,72.1,3,Medium,3.25,3.37,0.0,0.21,0.1,0.0,3.19,3.5
2024-04-06,14:00,14,6,4,5,1,26.6,64.2,5,Medium,3.5,3.41,0.1,0.22,0.12,0.0,3.3,3.74
2024-04-06,15:00,15,6,4,5,1,23.0,66.8,3,Medium,3.74,3.5,0.0,0.22,0.1,0.0,3.16,3.48
2024-04-06,16:00,16,6,4,5,1,27.3,60.8,4,Medium,3.48,3.57,0.26,0.19,0.11,0.0,2.85,3.41
2024-04-06,17:00,17,6,4,5,1,25.7,70.1,5,Low,3.41,3.54,0.0,0.19,0.12,0.0,3.96,4.27
2024-04-06,18:00,18,6,4,5,1,23.1,67.5,4,High,4.27,3.72,0.0,0.21,0.35,0.0,6.71,7.27
2024-04-06,19:00,19,6,4,5,1,21.0,72.7,4,High,7.27,4.98,0.0,0.22,0.35,0.85,6.62,8.04
2024-04-06,20:00,20,6,4,5,1,18.9,73.1,3,High,8.04,6.53,0.0,0.2,0.28,0.85,6.54,7.87
2024-04-06,21:00,21,6,4,5,1,20.6,71.5,3,Medium,7.87,7.73,0.0,0.21,0.28,0.0,5.74,6.23
2024-04-06,22:00,22,6,4,5,1,18.7,67.2,3,High,6.23,7.38,0.0,0.21,0.28,0.0,4.22,4.71
2024-04-06,23:00,23,6,4,5,1,15.1,76.5,4,Medium,4.71,6.27,0.09,0.21,0.35,0.0,3.1,3.75
2024-04-07,00:00,0,7,4,6,1,14.8,73.0,1,Low,3.75,4.9,0.09,0.2,0.09,0.0,1.31,1.69
2024-04-07,01:00,1,7,4,6,1,13.2,76.8,3,Low,1.69,3.38,0.21,0.2,0.1,0.0,1.11,1.62
2024-04-07,02:00,2,7,4,6,1,13.0,85.1,3,Low,1.62,2.35,0.23,0.22,0.1,0.0,1.09,1.64
2024-04-07,03:00,3,7,4,6,1,13.7,78.5,3,Low,1.64,1.65,0.18,0.21,0.1,0.0,1.14,1.63
2024-04-07,04:00,4,7,4,6,1,15.9,77.2,4,Low,1.63,1.63,0.01,0.2,0.11,0.0,1.63,1.95
2024-04-07,05:00,5,7,4,6,1,15.1,75.5,2,Low,1.95,1.74,0.07,0.21,0.1,0.0,1.0,1.38
2024-04-07,06:00,6,7,4,6,1,17.2,67.2,3,Low,1.38,1.65,0.0,0.22,0.1,0.0,2.07,2.39
2024-04-07,07:00,7,7,4,6,1,20.0,66.9,4,High,2.39,1.91,0.0,0.21,0.11,0.0,4.43,4.75
2024-04-07,08:00,8,7,4,6,1,16.5,73.1,5,High,4.75,2.84,0.0,0.21,0.12,0.0,5.46,5.79
2024-04-07,09:00,9,7,4,6,1,20.3,81.6,1,High,5.79,4.31,0.0,0.19,0.09,0.0,4.01,4.29
2024-04-07,10:00,10,7,4,6,1,25.1,72.2,4,Low,4.29,4.94,0.0,0.21,0.11,0.0,2.74,3.06
2024-04-07,11:00,11,7,4,6,1,22.1,65.8,4,High,3.06,4.38,0.0,0.22,0.11,0.85,3.25,4.43
2024-04-07,12:00,12,7,4,6,1,26.4,66.3,3,Low,4.43,3.93,0.03,0.21,0.1,0.0,2.52,2.86
2024-04-07,13:00,13,7,4,6,1,25.6,65.3,4,High,2.86,3.45,0.0,0.19,0.11,0.0,3.97,4.27
2024-04-07,14:00,14,7,4,6,1,27.6,59.6,3,High,4.27,3.85,0.46,0.21,0.1,0.0,4.19,4.96
2024-04-07,15:00,15,7,4,6,1,26.3,59.7,3,Low,4.96,4.03,0.03,0.21,0.1,0.0,2.5,2.84
2024-04-07,16:00,16,7,4,6,1,24.8,67.7,2,Medium,2.84,4.02,0.0,0.21,0.1,0.0,2.67,2.98
2024-04-07,17:00,17,7,4,6,1,22.9,77.4,2,Medium,2.98,3.59,0.0,0.2,0.1,0.0,4.5,4.8
2024-04-07,18:00,18,7,4,6,1,22.4,75.8,3,Medium,4.8,3.54,0.0,0.19,0.28,0.0,5.01,5.48
2024-04-07,19:00,19,7,4,6,1,22.7,66.5,4,Medium,5.48,4.42,0.0,0.2,0.35,0.0,5.23,5.78
2024-04-07,20:00,20,7,4,6,1,19.6,68.4,4,High,5.78,5.35,0.0,0.21,0.35,0.85,6.27,7.68
2024-04-07,21:00,21,7,4,6,1,17.2,78.7,2,Medium,7.68,6.31,0.0,0.21,0.22,0.0,5.31,5.74
2024-04-07,22:00,22,7,4,6,1,18.5,71.3,4,High,5.74,6.4,0.0,0.19,0.35,0.0,4.4,4.94
2024-04-07,23:00,23,7,4,6,1,16.4,80.5,2,Medium,4.94,6.12,0.0,0.19,0.22,0.0,2.75,3.16
2024-04-08,00:00,0,8,4,0,0,13.9,74.5,2,Low,3.16,4.61,0.16,0.22,0.1,0.0,1.16,1.64
2024-04-08,01:00,1,8,4,0,0,13.1,69.9,4,Low,1.64,3.25,0.22,0.19,0.11,0.0,1.14,1.66
2024-04-08,02:00,2,8,4,0,0,16.6,71.1,2,Low,1.66,2.15,0.0,0.22,0.1,0.0,0.77,1.09
2024-04-08,03:00,3,8,4,0,0,13.3,73.3,4,Low,1.09,1.46,0.21,0.2,0.11,0.0,1.07,1.59
2024-04-08,04:00,4,8,4,0,0,14.7,76.5,3,Low,1.59,1.45,0.1,0.22,0.1,0.0,1.47,1.89
2024-04-08,05:00,5,8,4,0,0,15.2,79.4,2,Low,1.89,1.52,0.06,0.2,0.1,0.0,0.91,1.27
2024-04-08,06:00,6,8,4,0,0,17.4,71.6,2,Low,1.27,1.58,0.0,0.2,0.1,0.0,1.84,2.14
2024-04-08,07:00,7,8,4,0,0,19.3,71.8,3,Medium,2.14,1.77,0.0,0.2,0.1,0.0,3.15,3.45
2024-04-08,08:00,8,8,4,0,0,20.8,73.7,4,Low,3.45,2.29,0.0,0.2,0.11,0.0,2.88,3.19
2024-04-08,09:00,9,8,4,0,0,19.6,75.5,2,High,3.19,2.93,0.0,0.2,0.1,0.0,2.52,2.82
2024-04-08,10:00,10,8,4,0,0,25.2,66.6,1,Medium,2.82,3.15,0.0,0.19,0.09,0.0,1.68,1.96
2024-04-08,11:00,11,8,4,0,0,23.2,66.2,1,Medium,1.96,2.66,0.0,0.22,0.09,0.0,1.42,1.73
2024-04-08,12:00,12,8,4,0,0,25.8,70.4,1,Low,1.73,2.17,0.0,0.21,0.09,0.0,0.82,1.12
2024-04-08,13:00,13,8,4,0,0,25.0,73.6,1,Medium,1.12,1.6,0.0,0.21,0.09,0.0,1.27,1.57
2024-04-08,14:00,14,8,4,0,0,26.8,65.7,1,Medium,1.57,1.47,0.14,0.21,0.09,0.0,1.25,1.69
2024-04-08,15:00,15,8,4,0,0,26.2,54.0,1,Low,1.69,1.46,0.02,0.19,0.09,0.0,1.2,1.5
2024-04-08,16:00,16,8,4,0,0,26.1,63.5,1,Medium,1.5,1.59,0.01,0.19,0.09,0.0,1.2,1.49
2024-04-08,17:00,17,8,4,0,0,24.1,69.0,1,Low,1.49,1.56,0.0,0.21,0.09,0.0,3.01,3.31
2024-04-08,18:00,18,8,4,0,0,23.7,65.2,1,High,3.31,2.1,0.0,0.21,0.15,0.0,5.54,5.9
2024-04-08,19:00,19,8,4,0,0,23.3,71.3,4,High,5.9,3.57,0.0,0.19,0.35,0.85,6.19,7.58
2024-04-08,20:00,20,8,4,0,0,20.5,72.5,3,High,7.58,5.6,0.0,0.2,0.28,0.85,6.51,7.84
2024-04-08,21:00,21,8,4,0,0,19.5,76.5,3,Medium,7.84,7.11,0.0,0.21,0.28,0.0,6.17,6.66
2024-04-08,22:00,22,8,4,0,0,15.1,74.9,4,High,6.66,7.36,0.13,0.21,0.35,0.0,4.62,5.31
2024-04-08,23:00,23,8,4,0,0,15.4,78.3,1,High,5.31,6.6,0.08,0.19,0.15,0.0,3.45,3.87
2024-04-09,00:00,0,9,4,1,0,12.5,76.3,3,Low,3.87,5.28,0.27,0.2,0.1,0.0,1.6,2.17
2024-04-09,01:00,1,9,4,1,0,15.5,74.1,4,Low,2.17,3.78,0.04,0.2,0.11,0.0,1.41,1.76
2024-04-09,02:00,2,9,4,1,0,12.4,80.8,3,Low,1.76,2.6,0.28,0.21,0.1,0.0,0.91,1.5
2024-04-09,03:00,3,9,4,1,0,14.1,80.4,3,Low,1.5,1.81,0.15,0.22,0.1,0.0,0.9,1.37
2024-04-09,04:00,4,9,4,1,0,15.7,74.6,1,Low,1.37,1.54,0.02,0.21,0.09,0.0,0.85,1.17
2024-04-09,05:00,5,9,4,1,0,17.5,77.7,4,Low,1.17,1.35,0.0,0.2,0.11,0.0,1.33,1.64
2024-04-09,06:00,6,9,4,1,0,19.2,71.0,4,Low,1.64,1.39,0.0,0.2,0.11,0.0,2.48,2.79
2024-04-09,07:00,7,9,4,1,0,19.3,74.0,2,High,2.79,1.87,0.0,0.22,0.1,0.0,4.23,4.55
2024-04-09,08:00,8,9,4,1,0,19.4,71.0,3,Medium,4.55,2.99,0.0,0.22,0.1,0.0,3.81,4.13
2024-04-09,09:00,9,9,4,1,0,21.8,74.9,2,High,4.13,3.82,0.0,0.21,0.1,0.0,2.77,3.08
2024-04-09,10:00,10,9,4,1,0,21.7,72.4,2,High,3.08,3.92,0.0,0.21,0.1,0.85,1.89,3.05
2024-04-09,11:00,11,9,4,1,0,25.3,68.7,1,Low,3.05,3.42,0.0,0.21,0.09,0.0,1.48,1.78
2024-04-09,12:00,12,9,4,1,0,25.6,62.8,2,Medium,1.78,2.64,0.0,0.2,0.1,0.0,1.83,2.13
2024-04-09,13:00,13,9,4,1,0,26.2,58.0,1,High,2.13,2.32,0.03,0.22,0.09,0.0,1.66,2.0
2024-04-09,14:00,14,9,4,1,0,27.8,63.7,1,Medium,2.0,1.97,0.4,0.2,0.09,0.0,1.61,2.3
2024-04-09,15:00,15,9,4,1,0,27.1,63.1,1,Medium,2.3,2.14,0.21,0.22,0.09,0.0,1.53,2.05
2024-04-09,16:00,16,9,4,1,0,25.0,70.1,1,Low,2.05,2.12,0.0,0.2,0.09,0.0,1.02,1.31
2024-04-09,17:00,17,9,4,1,0,24.5,72.3,1,High,1.31,1.89,0.0,0.19,0.09,0.0,5.77,6.05
2024-04-09,18:00,18,9,4,1,0,23.2,64.1,2,Low,6.05,3.14,0.0,0.2,0.22,0.0,4.0,4.42
2024-04-09,19:00,19,9,4,1,0,21.9,64.1,3,Low,4.42,3.93,0.0,0.21,0.28,0.0,3.78,4.27
2024-04-09,20:00,20,9,4,1,0,19.6,70.6,3,High,4.27,4.91,0.0,0.22,0.28,0.85,5.64,6.99
2024-04-09,21:00,21,9,4,1,0,18.7,74.8,3,Medium,6.99,5.23,0.0,0.22,0.28,0.0,5.86,6.36
2024-04-09,22:00,22,9,4,1,0,19.1,71.1,3,Medium,6.36,5.87,0.0,0.21,0.28,0.0,2.97,3.46
2024-04-09,23:00,23,9,4,1,0,15.9,77.2,2,Low,3.46,5.6,0.01,0.2,0.22,0.0,1.93,2.36
2024-04-10,00:00,0,10,4,2,0,14.6,75.4,4,Low,2.36,4.06,0.11,0.21,0.11,0.0,1.68,2.11
2024-04-10,01:00,1,10,4,2,0,15.6,75.7,2,Low,2.11,2.64,0.03,0.2,0.1,0.0,1.22,1.55
2024-04-10,02:00,2,10,4,2,0,15.3,73.9,3,Low,1.55,2.01,0.05,0.21,0.1,0.0,1.17,1.53
2024-04-10,03:00,3,10,4,2,0,14.9,78.4,3,Low,1.53,1.73,0.08,0.2,0.1,0.0,1.06,1.44
2024-04-10,04:00,4,10,4,2,0,15.4,77.4,2,Low,1.44,1.51,0.05,0.21,0.1,0.0,0.73,1.09
2024-04-10,05:00,5,10,4,2,0,14.0,81.4,2,Low,1.09,1.35,0.15,0.2,0.1,0.0,0.73,1.18
2024-04-10,06:00,6,10,4,2,0,16.3,74.1,1,Medium,1.18,1.24,0.0,0.21,0.09,0.0,2.49,2.79
2024-04-10,07:00,7,10,4,2,0,19.3,68.9,3,Medium,2.79,1.69,0.0,0.21,0.1,0.0,3.23,3.54
2024-04-10,08:00,8,10,4,2,0,19.3,79.6,4,Medium,3.54,2.5,0.0,0.21,0.11,0.0,3.9,4.22
2024-04-10,09:00,9,10,4,2,0,19.4,77.5,1,Low,4.22,3.52,0.0,0.21,0.09,0.0,1.78,2.08
2024-04-10,10:00,10,10,4,2,0,21.7,73.8,2,Low,2.08,3.28,0.0,0.21,0.1,0.0,1.18,1.49
2024-04-10,11:00,11,10,4,2,0,26.0,64.8,1,Medium,1.49,2.6,0.0,0.21,0.09,0.0,1.46,1.76
2024-04-10,12:00,12,10,4,2,0,24.4,68.5,1,Medium,1.76,1.78,0.0,0.21,0.09,0.0,1.36,1.66
2024-04-10,13:00,13,10,4,2,0,25.4,61.1,1,Low,1.66,1.64,0.0,0.2,0.09,0.0,1.02,1.31
2024-04-10,14:00,14,10,4,2,0,27.2,57.3,1,Medium,1.31,1.58,0.24,0.19,0.09,0.0,1.27,1.79
2024-04-10,15:00,15,10,4,2,0,25.2,63.0,2,Low,1.79,1.59,0.0,0.2,0.1,0.0,1.65,1.95
2024-04-10,16:00,16,10,4,2,0,24.3,70.0,1,Low,1.95,1.68,0.0,0.21,0.09,0.0,1.18,1.48
2024-04-10,17:00,17,10,4,2,0,25.1,65.6,1,Medium,1.48,1.74,0.0,0.2,0.09,0.0,4.38,4.67
2024-04-10,18:00,18,10,4,2,0,24.5,67.9,3,High,4.67,2.7,0.0,0.21,0.28,0.0,6.48,6.97
2024-04-10,19:00,19,10,4,2,0,21.4,69.1,4,High,6.97,4.37,0.0,0.22,0.35,0.85,6.32,7.74
2024-04-10,20:00,20,10,4,2,0,19.8,71.8,5,High,7.74,6.46,0.0,0.21,0.42,0.85,7.13,8.61
2024-04-10,21:00,21,10,4,2,0,18.3,74.8,3,Medium,8.61,7.77,0.0,0.22,0.28,0.0,5.89,6.39
2024-04-10,22:00,22,10,4,2,0,19.2,68.2,3,High,6.39,7.58,0.0,0.22,0.28,0.0,4.02,4.52
2024-04-10,23:00,23,10,4,2,0,14.1,72.2,5,Medium,4.52,6.51,0.2,0.22,0.42,0.0,3.17,4.01
2024-04-11,00:00,0,11,4,3,0,13.8,80.4,2,Low,4.01,4.97,0.17,0.2,0.1,0.0,1.4,1.87
2024-04-11,01:00,1,11,4,3,0,15.1,80.2,2,Low,1.87,3.47,0.07,0.21,0.1,0.0,0.69,1.07
2024-04-11,02:00,2,11,4,3,0,14.0,84.3,3,Low,1.07,2.32,0.15,0.21,0.1,0.0,1.03,1.49
2024-04-11,03:00,3,11,4,3,0,14.1,76.1,3,Low,1.49,1.48,0.15,0.2,0.1,0.0,0.83,1.28
2024-04-11,04:00,4,11,4,3,0,15.5,79.1,3,Low,1.28,1.28,0.04,0.22,0.1,0.0,1.13,1.49
2024-04-11,05:00,5,11,4,3,0,16.6,71.4,4,Low,1.49,1.42,0.0,0.22,0.11,0.0,1.03,1.36
2024-04-11,06:00,6,11,4,3,0,17.2,72.0,2,Medium,1.36,1.38,0.0,0.19,0.1,0.0,2.55,2.84
2024-04-11,07:00,7,11,4,3,0,20.0,67.2,5,Medium,2.84,1.9,0.0,0.22,0.12,0.0,3.68,4.02
2024-04-11,08:00,8,11,4,3,0,21.6,72.8,3,High,4.02,2.74,0.0,0.21,0.1,0.0,5.01,5.32
2024-04-11,09:00,9,11,4,3,0,22.7,67.9,1,High,5.32,4.06,0.0,0.19,0.09,0.0,2.95,3.23
2024-04-11,10:00,10,11,4,3,0,24.1,69.7,1,High,3.23,4.19,0.0,0.21,0.09,0.85,1.27,2.42
2024-04-11,11:00,11,11,4,3,0,24.1,60.1,2,Low,2.42,3.66,0.0,0.21,0.1,0.0,1.22,1.53
2024-04-11,12:00,12,11,4,3,0,25.2,65.6,1,Low,1.53,2.39,0.0,0.21,0.09,0.0,1.0,1.3
2024-04-11,13:00,13,11,4,3,0,27.0,64.7,3,High,1.3,1.75,0.25,0.22,0.1,0.0,2.4,2.97
2024-04-11,14:00,14,11,4,3,0,26.7,61.0,2,High,2.97,1.93,0.16,0.21,0.1,0.0,2.56,3.03
2024-04-11,15:00,15,11,4,3,0,24.9,63.1,1,Low,3.03,2.43,0.0,0.19,0.09,0.0,1.22,1.5
2024-04-11,16:00,16,11,4,3,0,26.8,56.4,1,Medium,1.5,2.5,0.14,0.19,0.09,0.0,1.58,2.0
2024-04-11,17:00,17,11,4,3,0,23.1,64.7,1,Medium,2.0,2.18,0.0,0.21,0.09,0.0,3.77,4.07
2024-04-11,18:00,18,11,4,3,0,22.4,68.9,4,Medium,4.07,2.52,0.0,0.2,0.35,0.0,4.96,5.51
2024-04-11,19:00,19,11,4,3,0,24.0,67.2,3,Medium,5.51,3.86,0.0,0.21,0.28,0.0,5.19,5.68
2024-04-11,20:00,20,11,4,3,0,18.9,73.0,3,Medium,5.68,5.09,0.0,0.2,0.28,0.0,5.26,5.74
2024-04-11,21:00,21,11,4,3,0,19.9,71.8,3,Medium,5.74,5.64,0.0,0.21,0.28,0.0,5.46,5.95
2024-04-11,22:00,22,11,4,3,0,17.4,76.1,3,High,5.95,5.79,0.0,0.2,0.28,0.0,4.27,4.75
2024-04-11,23:00,23,11,4,3,0,14.9,86.0,3,High,4.75,5.48,0.15,0.19,0.28,0.0,3.84,4.46
2024-04-12,00:00,0,12,4,4,0,13.6,84.6,4,Low,4.46,5.05,0.18,0.21,0.11,0.0,2.18,2.68
2024-04-12,01:00,1,12,4,4,0,14.9,73.7,3,Low,2.68,3.96,0.08,0.2,0.1,0.0,1.38,1.76
2024-04-12,02:00,2,12,4,4,0,13.5,83.3,4,Low,1.76,2.97,0.19,0.19,0.11,0.0,1.16,1.65
2024-04-12,03:00,3,12,4,4,0,12.8,77.8,5,Low,1.65,2.03,0.24,0.22,0.12,0.0,1.02,1.6
2024-04-12,04:00,4,12,4,4,0,14.0,75.9,3,Low,1.6,1.67,0.15,0.21,0.1,0.0,0.73,1.19
2024-04-12,05:00,5,12,4,4,0,15.1,71.9,4,Low,1.19,1.48,0.07,0.21,0.11,0.0,1.13,1.52
2024-04-12,06:00,6,12,4,4,0,19.9,71.0,2,Medium,1.52,1.44,0.0,0.19,0.1,0.0,3.05,3.34
2024-04-12,07:00,7,12,4,4,0,18.2,60.2,3,High,3.34,2.02,0.0,0.21,0.1,0.0,4.91,5.22
2024-04-12,08:00,8,12,4,4,0,20.5,71.2,4,Medium,5.22,3.36,0.0,0.22,0.11,0.0,3.98,4.31
2024-04-12,09:00,9,12,4,4,0,21.1,73.0,2,Medium,4.31,4.29,0.0,0.2,0.1,0.0,2.47,2.77
2024-04-12,10:00,10,12,4,4,0,23.5,64.1,1,Medium,2.77,4.1,0.0,0.2,0.09,0.0,1.54,1.83
2024-04-12,11:00,11,12,4,4,0,24.1,70.8,1,Medium,1.83,2.97,0.0,0.2,0.09,0.0,1.32,1.61
2024-04-12,12:00,12,12,4,4,0,26.3,68.3,2,Low,1.61,2.07,0.02,0.21,0.1,0.0,1.12,1.45
2024-04-12,13:00,13,12,4,4,0,24.2,67.1,1,Low,1.45,1.63,0.0,0.2,0.09,0.0,1.09,1.38
2024-04-12,14:00,14,12,4,4,0,26.7,55.0,1,Medium,1.38,1.48,0.12,0.2,0.09,0.0,1.58,1.99
2024-04-12,15:00,15,12,4,4,0,26.3,63.7,3,Low,1.99,1.61,0.03,0.2,0.1,0.0,1.64,1.97
2024-04-12,16:00,16,12,4,4,0,25.8,69.5,1,High,1.97,1.78,0.0,0.21,0.09,0.0,2.08,2.38
2024-04-12,17:00,17,12,4,4,0,22.6,65.4,4,Medium,2.38,2.11,0.0,0.2,0.11,0.0,4.34,4.65
2024-04-12,18:00,18,12,4,4,0,22.7,69.9,4,High,4.65,3.0,0.0,0.2,0.35,0.0,7.15,7.7
2024-04-12,19:00,19,12,4,4,0,22.6,69.4,4,High,7.7,4.91,0.0,0.2,0.35,0.85,6.75,8.15
2024-04-12,20:00,20,12,4,4,0,20.0,76.1,2,High,8.15,6.83,0.0,0.2,0.22,0.85,6.15,7.42
2024-04-12,21:00,21,12,4,4,0,20.0,73.2,4,High,7.42,7.76,0.0,0.22,0.35,0.0,7.68,8.25
2024-04-12,22:00,22,12,4,4,0,17.8,64.0,2,High,8.25,7.94,0.0,0.22,0.22,0.0,4.4,4.84
2024-04-12,23:00,23,12,4,4,0,16.1,80.3,2,Medium,4.84,6.84,0.0,0.22,0.22,0.0,2.82,3.26
2024-04-13,00:00,0,13,4,5,1,16.0,78.3,2,Low,3.26,5.45,0.0,0.19,0.1,0.0,1.22,1.51
2024-04-13,01:00,1,13,4,5,1,14.5,78.9,2,Low,1.51,3.2,0.11,0.2,0.1,0.0,0.81,1.22
2024-04-13,02:00,2,13,4,5,1,16.2,77.3,4,Low,1.22,2.0,0.0,0.22,0.11,0.0,0.7,1.03
2024-04-13,03:00,3,13,4,5,1,13.2,74.4,4,Low,1.03,1.25,0.21,0.22,0.11,0.0,0.93,1.47
2024-04-13,04:00,4,13,4,5,1,16.3,71.3,1,Low,1.47,1.24,0.0,0.22,0.09,0.0,0.92,1.23
2024-04-13,05:00,5,13,4,5,1,15.1,82.1,4,Low,1.23,1.24,0.07,0.21,0.11,0.0,1.11,1.5
2024-04-13,06:00,6,13,4,5,1,17.3,72.6,3,Low,1.5,1.4,0.0,0.21,0.1,0.0,2.24,2.55
2024-04-13,07:00,7,13,4,5,1,18.2,75.8,3,High,2.55,1.76,0.0,0.2,0.1,0.0,4.38,4.68
2024-04-13,08:00,8,13,4,5,1,19.8,74.2,3,Medium,4.68,2.91,0.0,0.21,0.1,0.0,3.65,3.96
2024-04-13,09:00,9,13,4,5,1,21.0,70.1,3,Low,3.96,3.73,0.0,0.2,0.1,0.0,2.4,2.7
2024-04-13,10:00,10,13,4,5,1,22.1,64.9,4,Medium,2.7,3.78,0.0,0.2,0.11,0.0,2.96,3.27
2024-04-13,11:00,11,13,4,5,1,22.4,69.1,4,Low,3.27,3.31,0.0,0.22,0.11,0.0,2.52,2.85
2024-04-13,12:00,12,13,4,5,1,26.8,64.6,4,Medium,2.85,2.94,0.09,0.21,0.11,0.0,2.92,3.33
2024-04-13,13:00,13,13,4,5,1,26.6,65.1,3,Low,3.33,3.15,0.07,0.21,0.1,0.0,2.42,2.8
2024-04-13,14:00,14,13,4,5,1,26.4,66.5,2,High,2.8,2.99,0.08,0.21,0.1,0.0,3.78,4.17
2024-04-13,15:00,15,13,4,5,1,24.1,66.9,4,High,4.17,3.43,0.0,0.22,0.11,0.0,4.15,4.48
2024-04-13,16:00,16,13,4,5,1,26.7,63.1,3,Medium,4.48,3.82,0.12,0.22,0.1,0.0,3.33,3.77
2024-04-13,17:00,17,13,4,5,1,25.6,63.6,3,Low,3.77,4.14,0.0,0.19,0.1,0.0,3.85,4.14
2024-04-13,18:00,18,13,4,5,1,22.6,67.0,5,Medium,4.14,4.13,0.0,0.21,0.42,0.0,5.24,5.87
2024-04-13,19:00,19,13,4,5,1,22.4,71.5,5,High,5.87,4.59,0.0,0.21,0.42,0.85,6.54,8.02
2024-04-13,20:00,20,13,4,5,1,20.7,68.7,3,High,8.02,6.01,0.0,0.2,0.28,0.85,6.64,7.97
2024-04-13,21:00,21,13,4,5,1,18.3,73.7,4,High,7.97,7.29,0.0,0.21,0.35,0.0,7.78,8.34
2024-04-13,22:00,22,13,4,5,1,16.8,70.4,3,High,8.34,8.11,0.0,0.21,0.28,0.0,4.37,4.86
2024-04-13,23:00,23,13,4,5,1,15.1,73.9,3,Medium,4.86,7.06,0.09,0.2,0.28,0.0,3.12,3.69
2024-04-14,00:00,0,14,4,6,1,14.1,79.1,5,Low,3.69,5.63,0.15,0.19,0.12,0.0,1.83,2.29
2024-04-14,01:00,1,14,4,6,1,13.9,85.3,3,Low,2.29,3.61,0.16,0.21,0.1,0.0,1.03,1.5
2024-04-14,02:00,2,14,4,6,1,15.5,73.1,5,Low,1.5,2.49,0.04,0.2,0.12,0.0,1.29,1.65
2024-04-14,03:00,3,14,4,6,1,11.9,73.3,4,Low,1.65,1.81,0.31,0.21,0.11,0.0,1.32,1.95
2024-04-14,04:00,4,14,4,6,1,14.7,73.3,3,Low,1.95,1.7,0.1,0.19,0.1,0.0,1.18,1.57
2024-04-14,05:00,5,14,4,6,1,16.7,80.1,4,Low,1.57,1.72,0.0,0.2,0.11,0.0,1.19,1.5
2024-04-14,06:00,6,14,4,6,1,19.9,65.8,5,Medium,1.5,1.67,0.0,0.21,0.12,0.0,3.06,3.39
2024-04-14,07:00,7,14,4,6,1,18.3,73.9,3,Low,3.39,2.15,0.0,0.19,0.1,0.0,2.76,3.05
2024-04-14,08:00,8,14,4,6,1,19.1,67.0,4,Medium,3.05,2.65,0.0,0.22,0.11,0.0,3.37,3.7
2024-04-14,09:00,9,14,4,6,1,23.7,74.0,3,High,3.7,3.38,0.0,0.22,0.1,0.0,3.92,4.24
2024-04-14,10:00,10,14,4,6,1,22.9,65.5,4,Low,4.24,3.66,0.0,0.22,0.11,0.0,2.69,3.02
2024-04-14,11:00,11,14,4,6,1,25.0,65.4,4,Medium,3.02,3.65,0.0,0.19,0.11,0.0,3.1,3.4
2024-04-14,12:00,12,14,4,6,1,25.6,66.9,3,High,3.4,3.55,0.0,0.22,0.1,0.0,3.77,4.09
2024-04-14,13:00,13,14,4,6,1,27.2,58.5,4,Low,4.09,3.5,0.17,0.2,0.11,0.0,2.76,3.24
2024-04-14,14:00,14,14,4,6,1,24.3,77.1,3,Low,3.24,3.58,0.0,0.22,0.1,0.0,2.14,2.46
2024-04-14,15:00,15,14,4,6,1,27.4,67.5,3,Low,2.46,3.26,0.21,0.21,0.1,0.0,2.29,2.81
2024-04-14,16:00,16,14,4,6,1,24.8,61.6,4,Medium,2.81,2.84,0.0,0.19,0.11,0.0,3.04,3.34
2024-04-14,17:00,17,14,4,6,1,22.9,66.9,5,Medium,3.34,2.87,0.0,0.19,0.12,0.0,5.31,5.62
2024-04-14,18:00,18,14,4,6,1,22.1,65.1,3,High,5.62,3.92,0.0,0.2,0.28,0.0,6.81,7.29
2024-04-14,19:00,19,14,4,6,1,21.3,73.1,2,Medium,7.29,5.42,0.0,0.21,0.22,0.0,5.74,6.17
2024-04-14,20:00,20,14,4,6,1,19.2,71.2,1,Medium,6.17,6.36,0.0,0.19,0.15,0.0,5.04,5.38
2024-04-14,21:00,21,14,4,6,1,16.7,77.7,3,High,5.38,6.28,0.0,0.21,0.28,0.0,6.74,7.23
2024-04-14,22:00,22,14,4,6,1,17.1,77.4,5,Medium,7.23,6.26,0.0,0.21,0.42,0.0,4.18,4.81
2024-04-14,23:00,23,14,4,6,1,14.8,73.3,2,Medium,4.81,5.81,0.12,0.19,0.22,0.0,3.09,3.62
2024-04-15,00:00,0,15,4,0,0,14.3,72.6,3,Low,3.62,5.22,0.13,0.21,0.1,0.0,1.62,2.06
2024-04-15,01:00,1,15,4,0,0,14.2,78.8,4,Low,2.06,3.5,0.14,0.2,0.11,0.0,1.48,1.93
2024-04-15,02:00,2,15,4,0,0,12.8,78.7,2,Low,1.93,2.54,0.24,0.2,0.1,0.0,0.94,1.48
2024-04-15,03:00,3,15,4,0,0,11.7,83.1,2,Low,1.48,1.82,0.33,0.22,0.1,0.0,0.91,1.56
2024-04-15,04:00,4,15,4,0,0,16.7,75.1,2,Low,1.56,1.66,0.0,0.19,0.1,0.0,0.97,1.26
2024-04-15,05:00,5,15,4,0,0,16.5,75.8,4,Low,1.26,1.43,0.0,0.21,0.11,0.0,1.17,1.49
2024-04-15,06:00,6,15,4,0,0,16.6,73.2,3,Low,1.49,1.44,0.0,0.21,0.1,0.0,2.11,2.42
2024-04-15,07:00,7,15,4,0,0,18.7,65.8,3,Medium,2.42,1.72,0.0,0.19,0.1,0.0,3.48,3.77
2024-04-15,08:00,8,15,4,0,0,20.0,71.6,3,Medium,3.77,2.56,0.0,0.2,0.1,0.0,3.35,3.65
2024-04-15,09:00,9,15,4,0,0,20.0,67.7,1,High,3.65,3.28,0.0,0.19,0.09,0.0,2.32,2.6
2024-04-15,10:00,10,15,4,0,0,23.4,71.6,3,Medium,2.6,3.34,0.0,0.21,0.1,0.0,1.93,2.24
2024-04-15,11:00,11,15,4,0,0,23.3,72.9,1,Medium,2.24,2.83,0.0,0.19,0.09,0.0,1.36,1.64
2024-04-15,12:00,12,15,4,0,0,25.9,71.4,1,Low,1.64,2.16,0.0,0.21,0.09,0.0,1.1,1.4
2024-04-15,13:00,13,15,4,0,0,26.8,61.6,4,Low,1.4,1.76,0.1,0.2,0.11,0.0,1.41,1.82
2024-04-15,14:00,14,15,4,0,0,25.6,62.3,2,Medium,1.82,1.62,0.0,0.21,0.1,0.0,1.74,2.05
2024-04-15,15:00,15,15,4,0,0,25.5,64.2,1,Medium,2.05,1.76,0.0,0.22,0.09,0.0,1.5,1.81
2024-04-15,16:00,16,15,4,0,0,24.9,58.9,1,Low,1.81,1.89,0.0,0.21,0.09,0.0,1.16,1.46
2024-04-15,17:00,17,15,4,0,0,24.0,64.1,3,High,1.46,1.77,0.0,0.21,0.1,0.0,6.07,6.38
2024-04-15,18:00,18,15,4,0,0,23.4,72.1,2,High,6.38,3.22,0.0,0.2,0.22,0.0,6.76,7.18
2024-04-15,19:00,19,15,4,0,0,21.9,66.6,3,Medium,7.18,5.01,0.0,0.2,0.28,0.0,5.49,5.97
2024-04-15,20:00,20,15,4,0,0,21.8,67.2,5,High,5.97,6.51,0.0,0.2,0.42,0.85,6.61,8.08
2024-04-15,21:00,21,15,4,0,0,20.0,66.6,4,Medium,8.08,7.08,0.0,0.19,0.35,0.0,6.06,6.6
2024-04-15,22:00,22,15,4,0,0,16.0,73.8,3,High,6.6,6.88,0.0,0.2,0.28,0.0,4.1,4.58
2024-04-15,23:00,23,15,4,0,0,17.4,77.0,4,Medium,4.58,6.42,0.0,0.19,0.35,0.0,2.77,3.31
2024-04-16,00:00,0,16,4,1,0,17.4,76.6,5,Low,3.31,4.83,0.0,0.21,0.12,0.0,1.83,2.16
2024-04-16,01:00,1,16,4,1,0,14.8,70.5,3,Low,2.16,3.35,0.09,0.2,0.1,0.0,1.07,1.46
2024-04-16,02:00,2,16,4,1,0,13.7,77.5,5,Low,1.46,2.31,0.18,0.2,0.12,0.0,1.57,2.07
2024-04-16,03:00,3,16,4,1,0,15.0,74.8,3,Low,2.07,1.9,0.08,0.21,0.1,0.0,0.95,1.34
2024-04-16,04:00,4,16,4,1,0,14.7,75.2,3,Low,1.34,1.62,0.1,0.21,0.1,0.0,1.32,1.73
2024-04-16,05:00,5,16,4,1,0,17.2,76.9,2,Low,1.73,1.71,0.0,0.21,0.1,0.0,1.18,1.49
2024-04-16,06:00,6,16,4,1,0,17.6,75.7,5,Low,1.49,1.52,0.0,0.22,0.12,0.0,2.23,2.57
2024-04-16,07:00,7,16,4,1,0,19.5,74.8,5,Medium,2.57,1.93,0.0,0.21,0.12,0.0,3.89,4.22
2024-04-16,08:00,8,16,4,1,0,18.9,70.4,4,Medium,4.22,2.76,0.0,0.2,0.11,0.0,3.67,3.98
2024-04-16,09:00,9,16,4,1,0,21.8,70.1,1,High,3.98,3.59,0.0,0.22,0.09,0.0,2.48,2.79
2024-04-16,10:00,10,16,4,1,0,23.7,66.5,1,Low,2.79,3.66,0.0,0.2,0.09,0.0,1.25,1.54
2024-04-16,11:00,11,16,4,1,0,24.3,69.3,2,High,1.54,2.77,0.0,0.21,0.1,0.85,1.35,2.51
2024-04-16,12:00,12,16,4,1,0,24.5,76.3,2,Medium,2.51,2.28,0.0,0.21,0.1,0.0,1.77,2.08
2024-04-16,13:00,13,16,4,1,0,26.5,64.7,2,High,2.08,2.04,0.1,0.19,0.1,0.0,2.08,2.47
2024-04-16,14:00,14,16,4,1,0,25.8,61.1,2,Medium,2.47,2.35,0.0,0.19,0.1,0.0,1.83,2.12
2024-04-16,15:00,15,16,4,1,0,26.6,66.8,1,Low,2.12,2.22,0.07,0.19,0.09,0.0,1.44,1.79
2024-04-16,16:00,16,16,4,1,0,24.3,70.0,1,Medium,1.79,2.13,0.0,0.21,0.09,0.0,1.65,1.95
2024-04-16,17:00,17,16,4,1,0,25.5,66.1,1,Medium,1.95,1.95,0.0,0.19,0.09,0.0,4.39,4.67
2024-04-16,18:00,18,16,4,1,0,23.1,70.9,4,High,4.67,2.8,0.0,0.2,0.35,0.0,6.3,6.85
2024-04-16,19:00,19,16,4,1,0,21.8,69.5,2,High,6.85,4.49,0.0,0.21,0.22,0.85,6.07,7.35
2024-04-16,20:00,20,16,4,1,0,20.8,72.9,3,Medium,7.35,6.29,0.0,0.21,0.28,0.0,6.21,6.7
2024-04-16,21:00,21,16,4,1,0,18.4,70.0,2,Medium,6.7,6.97,0.0,0.2,0.22,0.0,5.55,5.97
2024-04-16,22:00,22,16,4,1,0,16.2,75.9,3,Medium,5.97,6.67,0.0,0.22,0.28,0.0,2.98,3.48
2024-04-16,23:00,23,16,4,1,0,15.0,79.3,5,Medium,3.48,5.38,0.1,0.19,0.42,0.0,2.81,3.52
2024-04-17,00:00,0,17,4,2,0,11.1,79.9,1,Low,3.52,4.32,0.37,0.22,0.09,0.0,1.51,2.19
2024-04-17,01:00,1,17,4,2,0,12.9,78.5,3,Low,2.19,3.06,0.24,0.21,0.1,0.0,1.11,1.66
2024-04-17,02:00,2,17,4,2,0,13.5,78.6,4,Low,1.66,2.46,0.19,0.19,0.11,0.0,1.75,2.24
2024-04-17,03:00,3,17,4,2,0,14.7,74.5,3,Low,2.24,2.03,0.1,0.21,0.1,0.0,1.11,1.52
2024-04-17,04:00,4,17,4,2,0,14.1,74.9,3,Low,1.52,1.81,0.15,0.21,0.1,0.0,0.68,1.14
2024-04-17,05:00,5,17,4,2,0,14.4,77.0,1,Low,1.14,1.63,0.12,0.19,0.09,0.0,0.65,1.05
2024-04-17,06:00,6,17,4,2,0,18.4,70.2,4,Medium,1.05,1.24,0.0,0.2,0.11,0.0,3.26,3.57
2024-04-17,07:00,7,17,4,2,0,18.0,67.1,1,High,3.57,1.92,0.0,0.2,0.09,0.0,3.73,4.02
2024-04-17,08:00,8,17,4,2,0,19.4,70.8,2,Low,4.02,2.88,0.0,0.19,0.1,0.0,2.68,2.97
2024-04-17,09:00,9,17,4,2,0,22.6,64.8,4,Low,2.97,3.52,0.0,0.2,0.11,0.0,1.73,2.04
2024-04-17,10:00,10,17,4,2,0,22.3,72.1,1,Low,2.04,3.01,0.0,0.21,0.09,0.0,1.17,1.47
2024-04-17,11:00,11,17,4,2,0,25.2,63.8,2,Low,1.47,2.16,0.0,0.19,0.1,0.0,1.0,1.29
2024-04-17,12:00,12,17,4,2,0,25.4,65.1,4,Medium,1.29,1.6,0.0,0.21,0.11,0.0,2.29,2.61
2024-04-17,13:00,13,17,4,2,0,26.8,65.5,3,Medium,2.61,1.79,0.14,0.2,0.1,0.0,1.92,2.36
2024-04-17,14:00,14,17,4,2,0,27.1,66.0,2,Low,2.36,2.09,0.16,0.2,0.1,0.0,1.7,2.16
2024-04-17,15:00,15,17,4,2,0,26.1,67.1,1,Medium,2.16,2.38,0.01,0.21,0.09,0.0,1.51,1.82
2024-04-17,16:00,16,17,4,2,0,24.1,63.2,3,Medium,1.82,2.11,0.0,0.2,0.1,0.0,2.0,2.3
2024-04-17,17:00,17,17,4,2,0,22.8,68.9,1,Low,2.3,2.09,0.0,0.2,0.09,0.0,3.27,3.56
2024-04-17,18:00,18,17,4,2,0,23.0,70.5,3,Low,3.56,2.56,0.0,0.19,0.28,0.0,3.42,3.89
2024-04-17,19:00,19,17,4,2,0,19.9,69.9,2,High,3.89,3.25,0.0,0.21,0.22,0.85,5.21,6.49
2024-04-17,20:00,20,17,4,2,0,20.2,67.7,3,High,6.49,4.65,0.0,0.2,0.28,0.85,6.44,7.77
2024-04-17,21:00,21,17,4,2,0,18.1,70.2,2,Medium,7.77,6.05,0.0,0.2,0.22,0.0,5.69,6.11
2024-04-17,22:00,22,17,4,2,0,17.1,81.1,1,High,6.11,6.79,0.0,0.21,0.15,0.0,3.7,4.06
2024-04-17,23:00,23,17,4,2,0,16.8,72.3,2,Low,4.06,5.98,0.0,0.2,0.22,0.0,2.21,2.63
2024-04-18,00:00,0,18,4,3,0,15.9,80.3,2,Low,2.63,4.27,0.01,0.22,0.1,0.0,1.49,1.82
2024-04-18,01:00,1,18,4,3,0,14.7,80.5,3,Low,1.82,2.84,0.1,0.21,0.1,0.0,1.08,1.49
2024-04-18,02:00,2,18,4,3,0,13.9,77.7,4,Low,1.49,1.98,0.16,0.21,0.11,0.0,0.92,1.4
2024-04-18,03:00,3,18,4,3,0,15.1,79.4,3,Low,1.4,1.57,0.07,0.21,0.1,0.0,1.14,1.52
2024-04-18,04:00,4,18,4,3,0,14.1,74.6,2,Low,1.52,1.47,0.15,0.2,0.1,0.0,1.1,1.55
2024-04-18,05:00,5,18,4,3,0,17.3,63.9,3,Low,1.55,1.49,0.0,0.19,0.1,0.0,1.12,1.41
2024-04-18,06:00,6,18,4,3,0,15.3,74.7,2,High,1.41,1.49,0.1,0.22,0.1,0.0,4.1,4.52
2024-04-18,07:00,7,18,4,3,0,18.2,68.8,2,Medium,4.52,2.49,0.0,0.2,0.1,0.0,3.64,3.94
2024-04-18,08:00,8,18,4,3,0,22.3,69.7,3,High,3.94,3.29,0.0,0.19,0.1,0.0,4.8,5.09
2024-04-18,09:00,9,18,4,3,0,21.5,75.9,1,Low,5.09,4.52,0.0,0.22,0.09,0.0,2.18,2.49
2024-04-18,10:00,10,18,4,3,0,23.5,70.1,2,Medium,2.49,3.84,0.0,0.21,0.1,0.0,2.18,2.49
2024-04-18,11:00,11,18,4,3,0,23.5,64.9,2,High,2.49,3.36,0.0,0.21,0.1,0.85,1.67,2.83
2024-04-18,12:00,12,18,4,3,0,22.5,63.6,2,Low,2.83,2.6,0.0,0.2,0.1,0.0,1.84,2.14
2024-04-18,13:00,13,18,4,3,0,25.0,70.4,1,Medium,2.14,2.49,0.0,0.2,0.09,0.0,1.78,2.07
2024-04-18,14:00,14,18,4,3,0,27.3,56.1,4,Medium,2.07,2.35,0.26,0.21,0.11,0.0,2.04,2.62
2024-04-18,15:00,15,18,4,3,0,25.7,61.0,1,Low,2.62,2.28,0.0,0.19,0.09,0.0,1.3,1.58
2024-04-18,16:00,16,18,4,3,0,23.1,68.5,1,Medium,1.58,2.09,0.0,0.19,0.09,0.0,1.32,1.6
2024-04-18,17:00,17,18,4,3,0,24.7,68.2,1,Medium,1.6,1.93,0.0,0.2,0.09,0.0,4.24,4.53
2024-04-18,18:00,18,18,4,3,0,23.0,57.5,3,High,4.53,2.57,0.0,0.2,0.28,0.0,6.3,6.78
2024-04-18,19:00,19,18,4,3,0,19.4,62.5,4,High,6.78,4.3,0.0,0.21,0.35,0.85,6.78,8.19
2024-04-18,20:00,20,18,4,3,0,20.1,72.0,5,Medium,8.19,6.5,0.0,0.2,0.42,0.0,6.26,6.88
2024-04-18,21:00,21,18,4,3,0,18.5,73.2,3,Medium,6.88,7.28,0.0,0.22,0.28,0.0,5.31,5.81
2024-04-18,22:00,22,18,4,3,0,16.6,77.4,2,Medium,5.81,6.96,0.0,0.2,0.22,0.0,3.14,3.56
2024-04-18,23:00,23,18,4,3,0,15.3,77.4,3,Medium,3.56,5.42,0.07,0.21,0.28,0.0,3.02,3.58
2024-04-19,00:00,0,19,4,4,0,15.1,73.8,2,Low,3.58,4.32,0.07,0.2,0.1,0.0,1.8,2.17
2024-04-19,01:00,1,19,4,4,0,15.9,72.3,3,Low,2.17,3.1,0.01,0.19,0.1,0.0,1.29,1.59
2024-04-19,02:00,2,19,4,4,0,15.5,78.1,4,Low,1.59,2.45,0.04,0.22,0.11,0.0,1.14,1.51
2024-04-19,03:00,3,19,4,4,0,15.3,76.5,3,Low,1.51,1.76,0.05,0.21,0.1,0.0,0.91,1.27
2024-04-19,04:00,4,19,4,4,0,14.7,77.5,3,Low,1.27,1.46,0.1,0.21,0.1,0.0,0.94,1.35
2024-04-19,05:00,5,19,4,4,0,16.5,79.5,5,Low,1.35,1.38,0.0,0.21,0.12,0.0,1.18,1.51
2024-04-19,06:00,6,19,4,4,0,14.0,78.0,5,Medium,1.51,1.38,0.21,0.2,0.12,0.0,3.25,3.78
2024-04-19,07:00,7,19,4,4,0,19.5,72.4,4,Medium,3.78,2.21,0.0,0.22,0.11,0.0,3.89,4.22
2024-04-19,08:00,8,19,4,4,0,18.9,70.4,3,Medium,4.22,3.17,0.0,0.22,0.1,0.0,3.97,4.29
2024-04-19,09:00,9,19,4,4,0,22.0,68.2,1,Low,4.29,4.1,0.0,0.2,0.09,0.0,1.77,2.06
2024-04-19,10:00,10,19,4,4,0,21.3,67.1,1,Medium,2.06,3.52,0.0,0.22,0.09,0.0,1.72,2.03
2024-04-19,11:00,11,19,4,4,0,25.3,67.6,1,Medium,2.03,2.79,0.0,0.21,0.09,0.0,1.71,2.01
2024-04-19,12:00,12,19,4,4,0,24.6,66.4,1,Medium,2.01,2.03,0.0,0.2,0.09,0.0,1.5,1.79
2024-04-19,13:00,13,19,4,4,0,25.5,61.5,3,Medium,1.79,1.94,0.0,0.2,0.1,0.0,1.92,2.22
2024-04-19,14:00,14,19,4,4,0,26.8,72.4,4,Medium,2.22,2.01,0.14,0.19,0.11,0.0,2.21,2.65
2024-04-19,15:00,15,19,4,4,0,26.0,61.3,1,Medium,2.65,2.22,0.0,0.21,0.09,0.0,1.75,2.05
2024-04-19,16:00,16,19,4,4,0,24.9,67.3,1,Low,2.05,2.31,0.0,0.21,0.09,0.0,0.87,1.17
2024-04-19,17:00,17,19,4,4,0,23.4,68.2,1,Low,1.17,1.96,0.0,0.2,0.09,0.0,2.98,3.27
2024-04-19,18:00,18,19,4,4,0,21.6,66.5,4,High,3.27,2.16,0.0,0.21,0.35,0.0,6.6,7.16
2024-04-19,19:00,19,19,4,4,0,19.3,72.4,5,Medium,7.16,3.87,0.0,0.22,0.42,0.0,5.83,6.47
2024-04-19,20:00,20,19,4,4,0,21.1,66.4,2,High,6.47,5.63,0.0,0.21,0.22,0.85,6.07,7.35
2024-04-19,21:00,21,19,4,4,0,17.3,70.0,1,High,7.35,6.99,0.0,0.21,0.15,0.0,6.7,7.06
2024-04-19,22:00,22,19,4,4,0,18.6,63.1,2,Medium,7.06,6.96,0.0,0.22,0.22,0.0,3.69,4.13
2024-04-19,23:00,23,19,4,4,0,12.5,86.3,2,High,4.13,6.18,0.49,0.22,0.22,0.0,3.67,4.6
2024-04-20,00:00,0,20,4,5,1,14.9,66.5,3,Low,4.6,5.26,0.08,0.19,0.1,0.0,1.96,2.33
2024-04-20,01:00,1,20,4,5,1,14.6,78.3,3,Low,2.33,3.69,0.11,0.21,0.1,0.0,1.19,1.61
2024-04-20,02:00,2,20,4,5,1,15.2,74.5,3,Low,1.61,2.85,0.06,0.19,0.1,0.0,1.2,1.55
2024-04-20,03:00,3,20,4,5,1,14.6,76.2,3,Low,1.55,1.83,0.11,0.2,0.1,0.0,1.04,1.45
2024-04-20,04:00,4,20,4,5,1,14.3,81.4,3,Low,1.45,1.54,0.13,0.2,0.1,0.0,1.31,1.74
2024-04-20,05:00,5,20,4,5,1,15.3,77.0,4,Low,1.74,1.58,0.05,0.2,0.11,0.0,1.38,1.74
2024-04-20,06:00,6,20,4,5,1,16.9,73.9,3,Low,1.74,1.64,0.0,0.21,0.1,0.0,2.23,2.54
2024-04-20,07:00,7,20,4,5,1,17.2,81.2,5,Low,2.54,2.01,0.0,0.2,0.12,0.0,2.81,3.13
2024-04-20,08:00,8,20,4,5,1,19.5,71.3,2,Medium,3.13,2.47,0.0,0.22,0.1,0.0,3.27,3.59
2024-04-20,09:00,9,20,4,5,1,22.1,62.7,3,Medium,3.59,3.09,0.0,0.21,0.1,0.0,3.14,3.45
2024-04-20,10:00,10,20,4,5,1,20.2,73.3,2,Low,3.45,3.39,0.0,0.19,0.1,0.0,2.26,2.55
2024-04-20,11:00,11,20,4,5,1,23.9,63.3,2,Medium,2.55,3.2,0.0,0.2,0.1,0.0,2.85,3.15
2024-04-20,12:00,12,20,4,5,1,26.0,60.8,4,Low,3.15,3.05,0.0,0.2,0.11,0.0,2.37,2.68
2024-04-20,13:00,13,20,4,5,1,26.8,66.4,1,Medium,2.68,2.79,0.14,0.2,0.09,0.0,2.41,2.84
2024-04-20,14:00,14,20,4,5,1,25.4,62.9,5,Medium,2.84,2.89,0.0,0.21,0.12,0.0,3.55,3.88
2024-04-20,15:00,15,20,4,5,1,26.4,62.8,3,Medium,3.88,3.13,0.06,0.21,0.1,0.0,3.25,3.62
2024-04-20,16:00,16,20,4,5,1,23.8,65.4,3,Medium,3.62,3.45,0.0,0.2,0.1,0.0,2.84,3.14
2024-04-20,17:00,17,20,4,5,1,24.2,64.3,4,Medium,3.14,3.55,0.0,0.21,0.11,0.0,5.28,5.6
2024-04-20,18:00,18,20,4,5,1,23.1,63.9,3,Low,5.6,4.12,0.0,0.21,0.28,0.0,4.47,4.96
2024-04-20,19:00,19,20,4,5,1,21.5,66.7,4,High,4.96,4.57,0.0,0.21,0.35,0.85,6.27,7.68
2024-04-20,20:00,20,20,4,5,1,18.7,68.5,4,Medium,7.68,6.08,0.0,0.2,0.35,0.0,6.03,6.58
2024-04-20,21:00,21,20,4,5,1,19.7,79.0,4,High,6.58,6.41,0.0,0.2,0.35,0.0,7.25,7.8
2024-04-20,22:00,22,20,4,5,1,16.7,72.4,4,High,7.8,7.35,0.0,0.2,0.35,0.0,5.16,5.71
2024-04-20,23:00,23,20,4,5,1,17.1,72.7,3,Medium,5.71,6.7,0.0,0.19,0.28,0.0,3.28,3.75
2024-04-21,00:00,0,21,4,6,1,14.2,81.6,2,Low,3.75,5.75,0.14,0.21,0.1,0.0,1.32,1.77
2024-04-21,01:00,1,21,4,6,1,13.5,82.9,2,Low,1.77,3.74,0.19,0.21,0.1,0.0,0.86,1.36
2024-04-21,02:00,2,21,4,6,1,15.3,83.3,5,Low,1.36,2.29,0.05,0.19,0.12,0.0,1.52,1.88
2024-04-21,03:00,3,21,4,6,1,14.2,72.5,2,Low,1.88,1.67,0.14,0.21,0.1,0.0,1.12,1.57
2024-04-21,04:00,4,21,4,6,1,13.8,74.3,4,Low,1.57,1.6,0.17,0.2,0.11,0.0,1.43,1.91
2024-04-21,05:00,5,21,4,6,1,16.6,73.7,4,Low,1.91,1.79,0.0,0.22,0.11,0.0,0.99,1.32
2024-04-21,06:00,6,21,4,6,1,15.8,74.8,5,Low,1.32,1.6,0.02,0.22,0.12,0.0,2.61,2.97
2024-04-21,07:00,7,21,4,6,1,18.8,66.1,2,Medium,2.97,2.07,0.0,0.19,0.1,0.0,3.21,3.5
2024-04-21,08:00,8,21,4,6,1,20.2,68.6,4,Medium,3.5,2.6,0.0,0.19,0.11,0.0,3.79,4.09
2024-04-21,09:00,9,21,4,6,1,23.2,66.6,3,Low,4.09,3.52,0.0,0.2,0.1,0.0,2.43,2.73
2024-04-21,10:00,10,21,4,6,1,23.8,70.8,4,Low,2.73,3.44,0.0,0.2,0.11,0.0,2.53,2.84
2024-04-21,11:00,11,21,4,6,1,23.7,65.1,4,High,2.84,3.22,0.0,0.22,0.11,0.85,3.41,4.59
2024-04-21,12:00,12,21,4,6,1,26.6,64.9,4,Medium,4.59,3.39,0.06,0.22,0.11,0.0,3.5,3.89
2024-04-21,13:00,13,21,4,6,1,24.9,61.7,4,Medium,3.89,3.77,0.0,0.19,0.11,0.0,3.55,3.85
2024-04-21,14:00,14,21,4,6,1,25.4,67.9,3,Medium,3.85,4.11,0.0,0.2,0.1,0.0,3.22,3.52
2024-04-21,15:00,15,21,4,6,1,27.4,55.8,4,Low,3.52,3.75,0.21,0.2,0.11,0.0,2.58,3.1
2024-04-21,16:00,16,21,4,6,1,24.6,69.5,3,Medium,3.1,3.49,0.0,0.21,0.1,0.0,2.93,3.24
2024-04-21,17:00,17,21,4,6,1,25.0,65.3,3,High,3.24,3.29,0.0,0.19,0.1,0.0,6.39,6.68
2024-04-21,18:00,18,21,4,6,1,21.0,74.3,3,Medium,6.68,4.34,0.0,0.22,0.28,0.0,5.59,6.09
2024-04-21,19:00,19,21,4,6,1,23.0,64.6,3,Medium,6.09,5.34,0.0,0.19,0.28,0.0,5.57,6.04
2024-04-21,20:00,20,21,4,6,1,20.3,69.9,4,Medium,6.04,6.27,0.0,0.22,0.35,0.0,5.42,5.99
2024-04-21,21:00,21,21,4,6,1,16.6,77.7,3,High,5.99,6.04,0.0,0.19,0.28,0.0,7.0,7.47
2024-04-21,22:00,22,21,4,6,1,17.4,81.4,5,Low,7.47,6.5,0.0,0.19,0.42,0.0,3.45,4.06
2024-04-21,23:00,23,21,4,6,1,14.2,84.0,3,Low,4.06,5.84,0.14,0.21,0.28,0.0,2.35,2.98
2024-04-22,00:00,0,22,4,0,0,13.4,75.6,2,Low,2.98,4.84,0.2,0.19,0.1,0.0,1.42,1.91
2024-04-22,01:00,1,22,4,0,0,15.4,76.7,3,Low,1.91,2.98,0.05,0.22,0.1,0.0,1.17,1.54
2024-04-22,02:00,2,22,4,0,0,13.0,75.5,2,Low,1.54,2.14,0.23,0.2,0.1,0.0,1.22,1.75
2024-04-22,03:00,3,22,4,0,0,16.0,80.7,3,Low,1.75,1.73,0.0,0.2,0.1,0.0,1.25,1.55
2024-04-22,04:00,4,22,4,0,0,15.4,76.7,5,Low,1.55,1.61,0.05,0.22,0.12,0.0,1.22,1.61
2024-04-22,05:00,5,22,4,0,0,15.6,68.4,2,Low,1.61,1.64,0.03,0.21,0.1,0.0,1.14,1.48
2024-04-22,06:00,6,22,4,0,0,15.9,70.7,2,Medium,1.48,1.55,0.01,0.21,0.1,0.0,2.8,3.12
2024-04-22,07:00,7,22,4,0,0,19.8,65.0,5,Medium,3.12,2.07,0.0,0.22,0.12,0.0,3.76,4.1
2024-04-22,08:00,8,22,4,0,0,20.5,68.3,5,Medium,4.1,2.9,0.0,0.2,0.12,0.0,3.95,4.27
2024-04-22,09:00,9,22,4,0,0,21.2,68.4,1,Medium,4.27,3.83,0.0,0.22,0.09,0.0,2.35,2.66
2024-04-22,10:00,10,22,4,0,0,24.1,63.9,1,Low,2.66,3.68,0.0,0.2,0.09,0.0,1.6,1.89
2024-04-22,11:00,11,22,4,0,0,22.5,68.6,3,Low,1.89,2.94,0.0,0.19,0.1,0.0,1.63,1.92
2024-04-22,12:00,12,22,4,0,0,26.0,62.1,1,Medium,1.92,2.16,0.0,0.21,0.09,0.0,1.72,2.02
2024-04-22,13:00,13,22,4,0,0,25.5,61.1,3,Medium,2.02,1.94,0.0,0.2,0.1,0.0,2.2,2.5
2024-04-22,14:00,14,22,4,0,0,26.2,66.7,2,Medium,2.5,2.15,0.02,0.21,0.1,0.0,2.0,2.33
2024-04-22,15:00,15,22,4,0,0,27.6,56.9,2,High,2.33,2.28,0.46,0.2,0.1,0.0,2.48,3.24
2024-04-22,16:00,16,22,4,0,0,26.7,61.4,1,Medium,3.24,2.69,0.12,0.19,0.09,0.0,2.09,2.49
2024-04-22,17:00,17,22,4,0,0,27.8,60.9,1,Medium,2.49,2.69,0.4,0.21,0.09,0.0,4.39,5.09
2024-04-22,18:00,18,22,4,0,0,24.0,64.1,2,Low,5.09,3.61,0.0,0.21,0.22,0.0,3.73,4.16
2024-04-22,19:00,19,22,4,0,0,20.4,73.2,1,Medium,4.16,3.91,0.0,0.22,0.15,0.0,4.4,4.77
2024-04-22,20:00,20,22,4,0,0,21.6,73.6,3,High,4.77,4.67,0.0,0.2,0.28,0.85,5.33,6.66
2024-04-22,21:00,21,22,4,0,0,19.5,67.3,3,Low,6.66,5.2,0.0,0.19,0.28,0.0,4.43,4.9
2024-04-22,22:00,22,22,4,0,0,17.6,72.7,3,Medium,4.9,5.44,0.0,0.19,0.28,0.0,3.0,3.47
2024-04-22,23:00,23,22,4,0,0,15.5,81.8,3,Medium,3.47,5.01,0.05,0.2,0.28,0.0,2.62,3.15
2024-04-23,00:00,0,23,4,1,0,14.7,82.0,4,Low,3.15,3.84,0.1,0.21,0.11,0.0,1.83,2.25
2024-04-23,01:00,1,23,4,1,0,13.3,85.3,5,Low,2.25,2.96,0.21,0.19,0.12,0.0,1.68,2.2
2024-04-23,02:00,2,23,4,1,0,12.1,83.5,3,Low,2.2,2.53,0.3,0.2,0.1,0.0,1.23,1.83
2024-04-23,03:00,3,23,4,1,0,13.3,82.7,2,Low,1.83,2.09,0.21,0.2,0.1,0.0,1.22,1.73
2024-04-23,04:00,4,23,4,1,0,15.4,72.4,5,Low,1.73,1.92,0.05,0.2,0.12,0.0,1.15,1.52
2024-04-23,05:00,5,23,4,1,0,17.8,66.2,4,Low,1.52,1.69,0.0,0.21,0.11,0.0,1.2,1.52
2024-04-23,06:00,6,23,4,1,0,16.8,75.5,5,High,1.52,1.59,0.0,0.21,0.12,0.0,4.36,4.69
2024-04-23,07:00,7,23,4,1,0,18.4,67.5,3,Medium,4.69,2.58,0.0,0.2,0.1,0.0,3.77,4.07
2024-04-23,08:00,8,23,4,1,0,19.3,72.6,5,Low,4.07,3.43,0.0,0.19,0.12,0.0,3.35,3.66
2024-04-23,09:00,9,23,4,1,0,22.3,65.0,1,Medium,3.66,4.14,0.0,0.21,0.09,0.0,2.45,2.75
2024-04-23,10:00,10,23,4,1,0,25.0,61.5,1,Low,2.75,3.49,0.0,0.21,0.09,0.0,1.38,1.68
2024-04-23,11:00,11,23,4,1,0,23.5,72.0,2,Low,1.68,2.7,0.0,0.2,0.1,0.0,1.61,1.91
2024-04-23,12:00,12,23,4,1,0,24.2,68.0,1,Medium,1.91,2.11,0.0,0.21,0.09,0.0,1.76,2.06
2024-04-23,13:00,13,23,4,1,0,26.4,70.6,2,Low,2.06,1.88,0.04,0.2,0.1,0.0,1.36,1.7
2024-04-23,14:00,14,23,4,1,0,27.2,61.9,1,Low,1.7,1.89,0.17,0.22,0.09,0.0,1.64,2.12
2024-04-23,15:00,15,23,4,1,0,27.3,70.3,1,Low,2.12,1.96,0.19,0.2,0.09,0.0,1.21,1.69
2024-04-23,16:00,16,23,4,1,0,24.7,68.8,4,Medium,1.69,1.84,0.0,0.21,0.11,0.0,2.13,2.45
2024-04-23,17:00,17,23,4,1,0,23.9,66.4,3,Medium,2.45,2.09,0.0,0.19,0.1,0.0,4.27,4.56
2024-04-23,18:00,18,23,4,1,0,21.6,58.8,3,High,4.56,2.9,0.0,0.19,0.28,0.0,6.38,6.85
2024-04-23,19:00,19,23,4,1,0,23.4,69.2,4,High,6.85,4.62,0.0,0.2,0.35,0.85,6.64,8.04
2024-04-23,20:00,20,23,4,1,0,19.9,71.9,4,Low,8.04,6.48,0.0,0.19,0.35,0.0,4.77,5.31
2024-04-23,21:00,21,23,4,1,0,18.3,74.8,1,Medium,5.31,6.73,0.0,0.21,0.15,0.0,4.81,5.17
2024-04-23,22:00,22,23,4,1,0,18.8,77.5,3,Medium,5.17,6.17,0.0,0.2,0.28,0.0,3.04,3.52
2024-04-23,23:00,23,23,4,1,0,16.1,72.9,4,Medium,3.52,4.67,0.0,0.2,0.35,0.0,2.73,3.28
2024-04-24,00:00,0,24,4,2,0,14.7,81.5,3,Low,3.28,3.99,0.1,0.21,0.1,0.0,1.47,1.88
2024-04-24,01:00,1,24,4,2,0,13.3,82.1,2,Low,1.88,2.89,0.21,0.19,0.1,0.0,0.92,1.42
2024-04-24,02:00,2,24,4,2,0,13.4,78.5,2,Low,1.42,2.19,0.2,0.2,0.1,0.0,1.37,1.87
2024-04-24,03:00,3,24,4,2,0,12.6,84.9,2,Low,1.87,1.72,0.26,0.21,0.1,0.0,1.57,2.14
2024-04-24,04:00,4,24,4,2,0,15.3,76.0,4,Low,2.14,1.81,0.05,0.2,0.11,0.0,1.21,1.57
2024-04-24,05:00,5,24,4,2,0,17.6,77.4,2,Low,1.57,1.86,0.0,0.22,0.1,0.0,0.95,1.27
2024-04-24,06:00,6,24,4,2,0,16.7,81.0,3,High,1.27,1.66,0.0,0.21,0.1,0.0,3.94,4.25
2024-04-24,07:00,7,24,4,2,0,16.5,76.2,2,Medium,4.25,2.36,0.0,0.2,0.1,0.0,3.45,3.75
2024-04-24,08:00,8,24,4,2,0,19.5,75.5,5,Medium,3.75,3.09,0.0,0.2,0.12,0.0,4.08,4.4
2024-04-24,09:00,9,24,4,2,0,22.2,68.4,4,Medium,4.4,4.13,0.0,0.2,0.11,0.0,2.84,3.15
2024-04-24,10:00,10,24,4,2,0,23.5,58.6,1,Low,3.15,3.77,0.0,0.21,0.09,0.0,1.55,1.85
2024-04-24,11:00,11,24,4,2,0,23.9,62.5,1,Medium,1.85,3.13,0.0,0.21,0.09,0.0,1.4,1.7
2024-04-24,12:00,12,24,4,2,0,26.4,59.8,1,Low,1.7,2.23,0.03,0.19,0.09,0.0,0.81,1.12
2024-04-24,13:00,13,24,4,2,0,27.3,68.8,1,Low,1.12,1.56,0.19,0.21,0.09,0.0,0.94,1.43
2024-04-24,14:00,14,24,4,2,0,24.9,66.5,1,Low,1.43,1.42,0.0,0.22,0.09,0.0,1.36,1.67
2024-04-24,15:00,15,24,4,2,0,25.3,66.7,2,Low,1.67,1.41,0.0,0.21,0.1,0.0,1.13,1.44
2024-04-24,16:00,16,24,4,2,0,25.7,62.9,1,Medium,1.44,1.51,0.0,0.21,0.09,0.0,1.6,1.9
2024-04-24,17:00,17,24,4,2,0,23.1,66.6,2,Medium,1.9,1.67,0.0,0.22,0.1,0.0,4.4,4.72
2024-04-24,18:00,18,24,4,2,0,21.4,69.9,5,High,4.72,2.69,0.0,0.21,0.42,0.0,6.96,7.59
2024-04-24,19:00,19,24,4,2,0,23.1,69.0,3,Medium,7.59,4.74,0.0,0.2,0.28,0.0,5.63,6.11
2024-04-24,20:00,20,24,4,2,0,20.0,75.5,3,Medium,6.11,6.14,0.0,0.22,0.28,0.0,5.51,6.01
2024-04-24,21:00,21,24,4,2,0,16.5,75.6,5,High,6.01,6.57,0.0,0.2,0.42,0.0,7.51,8.13
2024-04-24,22:00,22,24,4,2,0,15.5,71.2,4,High,8.13,6.75,0.07,0.22,0.35,0.0,4.76,5.4
2024-04-24,23:00,23,24,4,2,0,16.6,72.8,3,Low,5.4,6.51,0.0,0.21,0.28,0.0,2.66,3.15
2024-04-25,00:00,0,25,4,3,0,14.6,80.3,3,Low,3.15,5.56,0.11,0.2,0.1,0.0,1.54,1.95
2024-04-25,01:00,1,25,4,3,0,15.1,68.5,5,Low,1.95,3.5,0.07,0.19,0.12,0.0,1.2,1.58
2024-04-25,02:00,2,25,4,3,0,14.0,82.6,3,Low,1.58,2.23,0.15,0.19,0.1,0.0,1.12,1.56
2024-04-25,03:00,3,25,4,3,0,13.4,80.9,2,Low,1.56,1.7,0.2,0.2,0.1,0.0,0.89,1.39
2024-04-25,04:00,4,25,4,3,0,16.0,69.9,4,Low,1.39,1.51,0.0,0.21,0.11,0.0,1.13,1.45
2024-04-25,05:00,5,25,4,3,0,16.9,70.8,5,Low,1.45,1.47,0.0,0.2,0.12,0.0,1.44,1.76
2024-04-25,06:00,6,25,4,3,0,17.0,68.5,4,Low,1.76,1.53,0.0,0.22,0.11,0.0,2.6,2.93
2024-04-25,07:00,7,25,4,3,0,19.0,74.7,3,Low,2.93,2.05,0.0,0.22,0.1,0.0,2.82,3.14
2024-04-25,08:00,8,25,4,3,0,22.9,67.2,3,High,3.14,2.61,0.0,0.2,0.1,0.0,4.31,4.61
2024-04-25,09:00,9,25,4,3,0,22.5,66.1,1,Medium,4.61,3.56,0.0,0.21,0.09,0.0,2.17,2.47
2024-04-25,10:00,10,25,4,3,0,24.7,68.8,1,Low,2.47,3.41,0.0,0.21,0.09,0.0,1.5,1.8
2024-04-25,11:00,11,25,4,3,0,24.8,67.4,2,Low,1.8,2.96,0.0,0.2,0.1,0.0,1.49,1.79
2024-04-25,12:00,12,25,4,3,0,24.4,62.0,4,High,1.79,2.02,0.0,0.22,0.11,0.0,2.86,3.19
2024-04-25,13:00,13,25,4,3,0,28.5,62.0,1,Low,3.19,2.26,0.45,0.19,0.09,0.0,1.54,2.27
2024-04-25,14:00,14,25,4,3,0,26.0,66.5,3,Low,2.27,2.42,0.0,0.21,0.1,0.0,1.98,2.29
2024-04-25,15:00,15,25,4,3,0,25.4,65.9,1,Low,2.29,2.58,0.0,0.22,0.09,0.0,1.21,1.52
2024-04-25,16:00,16,25,4,3,0,24.0,62.7,3,Medium,1.52,2.03,0.0,0.19,0.1,0.0,1.89,2.18
2024-04-25,17:00,17,25,4,3,0,24.4,66.5,2,Medium,2.18,2.0,0.0,0.19,0.1,0.0,4.63,4.92
2024-04-25,18:00,18,25,4,3,0,21.6,68.5,4,Medium,4.92,2.87,0.0,0.2,0.35,0.0,5.51,6.06
2024-04-25,19:00,19,25,4,3,0,21.1,70.6,5,Low,6.06,4.39,0.0,0.19,0.42,0.0,4.19,4.8
2024-04-25,20:00,20,25,4,3,0,18.6,79.4,4,Low,4.8,5.26,0.0,0.21,0.35,0.0,4.18,4.74
2024-04-25,21:00,21,25,4,3,0,16.7,80.1,3,Medium,4.74,5.2,0.0,0.21,0.28,0.0,4.89,5.38
2024-04-25,22:00,22,25,4,3,0,18.8,65.5,2,High,5.38,4.97,0.0,0.19,0.22,0.0,3.64,4.05
2024-04-25,23:00,23,25,4,3,0,16.4,72.1,3,Low,4.05,4.72,0.0,0.2,0.28,0.0,2.12,2.6
2024-04-26,00:00,0,26,4,4,0,15.6,83.0,5,Low,2.6,4.01,0.03,0.2,0.12,0.0,1.71,2.06
2024-04-26,01:00,1,26,4,4,0,14.8,77.4,2,Low,2.06,2.9,0.09,0.2,0.1,0.0,0.97,1.36
2024-04-26,02:00,2,26,4,4,0,15.7,84.8,5,Low,1.36,2.01,0.02,0.2,0.12,0.0,1.25,1.59
2024-04-26,03:00,3,26,4,4,0,15.3,69.5,3,Low,1.59,1.67,0.05,0.21,0.1,0.0,1.04,1.4
2024-04-26,04:00,4,26,4,4,0,13.1,84.4,2,Low,1.4,1.45,0.22,0.19,0.1,0.0,0.82,1.33
2024-04-26,05:00,5,26,4,4,0,15.1,76.7,1,Low,1.33,1.44,0.07,0.21,0.09,0.0,0.68,1.05
2024-04-26,06:00,6,26,4,4,0,16.9,72.0,5,Medium,1.05,1.26,0.0,0.19,0.12,0.0,3.32,3.63
2024-04-26,07:00,7,26,4,4,0,19.1,80.2,3,Low,3.63,2.0,0.0,0.2,0.1,0.0,2.73,3.03
2024-04-26,08:00,8,26,4,4,0,22.7,66.4,3,Low,3.03,2.57,0.0,0.19,0.1,0.0,2.54,2.83
2024-04-26,09:00,9,26,4,4,0,21.7,70.1,1,Medium,2.83,3.16,0.0,0.19,0.09,0.0,2.15,2.43
2024-04-26,10:00,10,26,4,4,0,22.3,69.1,1,Low,2.43,2.76,0.0,0.21,0.09,0.0,1.18,1.48
2024-04-26,11:00,11,26,4,4,0,25.3,58.9,1,Medium,1.48,2.25,0.0,0.22,0.09,0.0,1.32,1.63
2024-04-26,12:00,12,26,4,4,0,26.5,60.8,1,Medium,1.63,1.85,0.05,0.21,0.09,0.0,1.45,1.8
2024-04-26,13:00,13,26,4,4,0,25.5,60.9,4,Medium,1.8,1.64,0.0,0.19,0.11,0.0,2.23,2.53
2024-04-26,14:00,14,26,4,4,0,26.3,59.1,2,Medium,2.53,1.99,0.04,0.22,0.1,0.0,2.03,2.39
2024-04-26,15:00,15,26,4,4,0,24.5,70.1,1,Medium,2.39,2.24,0.0,0.21,0.09,0.0,1.84,2.14
2024-04-26,16:00,16,26,4,4,0,24.5,67.2,2,Low,2.14,2.35,0.0,0.21,0.1,0.0,1.45,1.76
2024-04-26,17:00,17,26,4,4,0,23.8,66.9,1,Low,1.76,2.1,0.0,0.21,0.09,0.0,3.16,3.46
2024-04-26,18:00,18,26,4,4,0,23.1,66.5,3,Medium,3.46,2.45,0.0,0.19,0.28,0.0,4.56,5.03
2024-04-26,19:00,19,26,4,4,0,20.2,69.5,2,High,5.03,3.42,0.0,0.2,0.22,0.85,5.56,6.83
2024-04-26,20:00,20,26,4,4,0,23.1,62.8,4,Medium,6.83,5.11,0.0,0.19,0.35,0.0,5.89,6.43
2024-04-26,21:00,21,26,4,4,0,19.6,71.7,4,High,6.43,6.1,0.0,0.19,0.35,0.0,7.17,7.71
2024-04-26,22:00,22,26,4,4,0,18.3,76.9,2,Low,7.71,6.99,0.0,0.21,0.22,0.0,3.33,3.76
2024-04-26,23:00,23,26,4,4,0,16.6,71.5,3,High,3.76,5.97,0.0,0.22,0.28,0.0,3.58,4.08
2024-04-27,00:00,0,27,4,5,1,16.1,72.4,5,Low,4.08,5.18,0.0,0.19,0.12,0.0,1.83,2.14
2024-04-27,01:00,1,27,4,5,1,14.0,74.9,2,Low,2.14,3.33,0.15,0.21,0.1,0.0,1.41,1.87
2024-04-27,02:00,2,27,4,5,1,13.0,82.0,4,Low,1.87,2.7,0.23,0.22,0.11,0.0,1.13,1.69
2024-04-27,03:00,3,27,4,5,1,12.3,80.2,5,Low,1.69,1.9,0.28,0.2,0.12,0.0,1.02,1.62
2024-04-27,04:00,4,27,4,5,1,14.3,76.3,4,Low,1.62,1.73,0.13,0.2,0.11,0.0,1.26,1.7
2024-04-27,05:00,5,27,4,5,1,14.5,76.6,3,Low,1.7,1.67,0.11,0.22,0.1,0.0,0.97,1.4
2024-04-27,06:00,6,27,4,5,1,16.6,71.4,5,High,1.4,1.57,0.0,0.21,0.12,0.0,4.51,4.84
2024-04-27,07:00,7,27,4,5,1,18.8,72.6,3,Low,4.84,2.65,0.0,0.21,0.1,0.0,3.18,3.49
2024-04-27,08:00,8,27,4,5,1,19.8,71.4,3,Medium,3.49,3.24,0.0,0.21,0.1,0.0,3.41,3.72
2024-04-27,09:00,9,27,4,5,1,20.5,74.8,3,High,3.72,4.02,0.0,0.2,0.1,0.0,4.01,4.31
2024-04-27,10:00,10,27,4,5,1,22.7,66.1,5,Low,4.31,3.84,0.0,0.2,0.12,0.0,2.98,3.3
2024-04-27,11:00,11,27,4,5,1,23.6,63.1,3,Medium,3.3,3.78,0.0,0.21,0.1,0.0,2.66,2.97
2024-04-27,12:00,12,27,4,5,1,25.8,66.2,2,Medium,2.97,3.53,0.0,0.22,0.1,0.0,2.7,3.02
2024-04-27,13:00,13,27,4,5,1,27.4,67.7,3,Low,3.02,3.1,0.21,0.2,0.1,0.0,2.39,2.9
2024-04-27,14:00,14,27,4,5,1,25.5,61.2,3,High,2.9,2.96,0.0,0.22,0.1,0.0,3.81,4.13
2024-04-27,15:00,15,27,4,5,1,25.8,67.7,3,Low,4.13,3.35,0.0,0.21,0.1,0.0,2.54,2.85
2024-04-27,16:00,16,27,4,5,1,27.8,61.7,4,Low,2.85,3.29,0.3,0.21,0.11,0.0,2.11,2.73
2024-04-27,17:00,17,27,4,5,1,24.4,74.4,3,Medium,2.73,3.24,0.0,0.22,0.1,0.0,4.96,5.28
2024-04-27,18:00,18,27,4,5,1,23.2,72.0,2,High,5.28,3.62,0.0,0.19,0.22,0.0,6.38,6.79
2024-04-27,19:00,19,27,4,5,1,20.6,67.9,2,High,6.79,4.93,0.0,0.2,0.22,0.85,6.28,7.55
2024-04-27,20:00,20,27,4,5,1,18.4,69.1,3,Medium,7.55,6.54,0.0,0.2,0.28,0.0,5.89,6.37
2024-04-27,21:00,21,27,4,5,1,19.8,76.2,2,Low,6.37,6.9,0.0,0.21,0.22,0.0,4.24,4.67
2024-04-27,22:00,22,27,4,5,1,17.8,70.4,4,High,4.67,6.2,0.0,0.21,0.35,0.0,3.92,4.48
2024-04-27,23:00,23,27,4,5,1,16.0,67.2,4,Low,4.48,5.17,0.0,0.2,0.35,0.0,2.6,3.15
2024-04-28,00:00,0,28,4,6,1,15.2,78.1,4,Low,3.15,4.1,0.06,0.21,0.11,0.0,1.7,2.08
2024-04-28,01:00,1,28,4,6,1,15.1,75.1,3,Low,2.08,3.24,0.07,0.22,0.1,0.0,1.23,1.62
2024-04-28,02:00,2,28,4,6,1,14.5,80.3,5,Low,1.62,2.28,0.11,0.21,0.12,0.0,1.33,1.77
2024-04-28,03:00,3,28,4,6,1,15.0,82.8,3,Low,1.77,1.82,0.08,0.21,0.1,0.0,1.16,1.55
2024-04-28,04:00,4,28,4,6,1,15.4,74.3,3,Low,1.55,1.65,0.05,0.22,0.1,0.0,0.67,1.04
2024-04-28,05:00,5,28,4,6,1,17.4,73.9,3,Low,1.04,1.45,0.0,0.2,0.1,0.0,1.13,1.43
2024-04-28,06:00,6,28,4,6,1,18.7,73.4,3,Low,1.43,1.34,0.0,0.21,0.1,0.0,2.28,2.59
2024-04-28,07:00,7,28,4,6,1,18.0,65.7,5,Low,2.59,1.69,0.0,0.2,0.12,0.0,2.84,3.16
2024-04-28,08:00,8,28,4,6,1,20.4,72.9,2,High,3.16,2.39,0.0,0.21,0.1,0.0,4.46,4.77
2024-04-28,09:00,9,28,4,6,1,23.0,71.1,4,Medium,4.77,3.51,0.0,0.22,0.11,0.0,3.76,4.09
2024-04-28,10:00,10,28,4,6,1,23.0,67.3,4,Medium,4.09,4.01,0.0,0.22,0.11,0.0,3.39,3.72
2024-04-28,11:00,11,28,4,6,1,23.6,68.2,3,Low,3.72,4.19,0.0,0.2,0.1,0.0,2.98,3.28
2024-04-28,12:00,12,28,4,6,1,23.5,65.9,2,Medium,3.28,3.7,0.0,0.19,0.1,0.0,2.81,3.1
2024-04-28,13:00,13,28,4,6,1,26.5,61.2,4,Medium,3.1,3.37,0.08,0.22,0.11,0.0,3.17,3.58
2024-04-28,14:00,14,28,4,6,1,27.1,66.8,3,High,3.58,3.32,0.28,0.19,0.1,0.0,3.86,4.43
2024-04-28,15:00,15,28,4,6,1,26.5,61.1,5,Medium,4.43,3.7,0.08,0.2,0.12,0.0,3.81,4.21
2024-04-28,16:00,16,28,4,6,1,24.7,61.0,4,Medium,4.21,4.07,0.0,0.19,0.11,0.0,3.45,3.75
2024-04-28,17:00,17,28,4,6,1,23.1,71.6,1,Medium,3.75,4.13,0.0,0.19,0.09,0.0,4.64,4.92
2024-04-28,18:00,18,28,4,6,1,22.3,68.5,3,High,4.92,4.29,0.0,0.19,0.28,0.0,6.84,7.31
2024-04-28,19:00,19,28,4,6,1,21.5,72.7,3,High,7.31,5.33,0.0,0.2,0.28,0.85,6.47,7.8
2024-04-28,20:00,20,28,4,6,1,18.1,75.1,3,Medium,7.8,6.68,0.0,0.2,0.28,0.0,5.98,6.46
2024-04-28,21:00,21,28,4,6,1,17.9,70.7,3,Medium,6.46,7.19,0.0,0.21,0.28,0.0,5.57,6.06
2024-04-28,22:00,22,28,4,6,1,15.4,78.5,3,High,6.06,6.77,0.08,0.2,0.28,0.0,4.0,4.56
2024-04-28,23:00,23,28,4,6,1,18.6,69.3,5,Medium,4.56,5.69,0.0,0.21,0.42,0.0,3.25,3.88
2024-04-29,00:00,0,29,4,0,0,16.5,80.3,3,Low,3.88,4.83,0.0,0.21,0.1,0.0,1.54,1.85
2024-04-29,01:00,1,29,4,0,0,14.4,85.7,4,Low,1.85,3.43,0.12,0.22,0.11,0.0,1.41,1.86
2024-04-29,02:00,2,29,4,0,0,13.6,79.4,1,Low,1.86,2.53,0.18,0.2,0.09,0.0,1.1,1.57
2024-04-29,03:00,3,29,4,0,0,14.2,84.3,5,Low,1.57,1.76,0.14,0.22,0.12,0.0,1.21,1.69
2024-04-29,04:00,4,29,4,0,0,14.0,82.3,3,Low,1.69,1.71,0.15,0.19,0.1,0.0,1.11,1.55
2024-04-29,05:00,5,29,4,0,0,15.3,78.3,3,Low,1.55,1.6,0.05,0.2,0.1,0.0,1.01,1.36
2024-04-29,06:00,6,29,4,0,0,17.2,75.0,3,High,1.36,1.53,0.0,0.19,0.1,0.0,4.23,4.52
2024-04-29,07:00,7,29,4,0,0,19.5,70.6,1,Low,4.52,2.48,0.0,0.2,0.09,0.0,2.7,2.99
2024-04-29,08:00,8,29,4,0,0,20.1,72.5,2,Medium,2.99,2.96,0.0,0.21,0.1,0.0,3.12,3.43
2024-04-29,09:00,9,29,4,0,0,21.8,64.1,2,Low,3.43,3.65,0.0,0.19,0.1,0.0,1.83,2.12
2024-04-29,10:00,10,29,4,0,0,22.5,64.1,1,Medium,2.12,2.85,0.0,0.2,0.09,0.0,1.38,1.67
2024-04-29,11:00,11,29,4,0,0,25.0,74.7,2,Medium,1.67,2.41,0.0,0.22,0.1,0.0,1.55,1.87
2024-04-29,12:00,12,29,4,0,0,25.1,61.5,2,Low,1.87,1.89,0.0,0.19,0.1,0.0,1.42,1.71
2024-04-29,13:00,13,29,4,0,0,27.0,60.5,1,High,1.71,1.75,0.25,0.2,0.09,0.0,1.76,2.3
2024-04-29,14:00,14,29,4,0,0,26.1,64.5,1,Low,2.3,1.96,0.01,0.22,0.09,0.0,1.25,1.57
2024-04-29,15:00,15,29,4,0,0,26.4,66.9,1,High,1.57,1.86,0.08,0.2,0.09,0.0,1.84,2.21
2024-04-29,16:00,16,29,4,0,0,26.1,66.9,3,Low,2.21,2.03,0.01,0.2,0.1,0.0,1.62,1.93
2024-04-29,17:00,17,29,4,0,0,24.8,62.6,1,Medium,1.93,1.9,0.0,0.21,0.09,0.0,4.22,4.52
2024-04-29,18:00,18,29,4,0,0,20.6,72.4,2,High,4.52,2.89,0.0,0.22,0.22,0.0,6.67,7.11
2024-04-29,19:00,19,29,4,0,0,21.7,68.8,4,High,7.11,4.52,0.0,0.22,0.35,0.85,6.52,7.94
2024-04-29,20:00,20,29,4,0,0,17.8,82.4,2,High,7.94,6.52,0.0,0.21,0.22,0.85,6.14,7.42
2024-04-29,21:00,21,29,4,0,0,16.6,73.1,2,Medium,7.42,7.49,0.0,0.21,0.22,0.0,5.24,5.67
2024-04-29,22:00,22,29,4,0,0,16.1,78.2,3,Low,5.67,7.01,0.0,0.2,0.28,0.0,2.71,3.19
2024-04-29,23:00,23,29,4,0,0,15.6,67.6,3,High,3.19,5.43,0.06,0.21,0.28,0.0,3.47,4.02
2024-04-30,00:00,0,30,4,1,0,14.6,67.2,3,Low,4.02,4.29,0.11,0.19,0.1,0.0,1.63,2.03
2024-04-30,01:00,1,30,4,1,0,16.4,76.7,3,Low,2.03,3.08,0.0,0.19,0.1,0.0,1.2,1.49
2024-04-30,02:00,2,30,4,1,0,14.8,76.3,5,Low,1.49,2.51,0.09,0.21,0.12,0.0,1.43,1.85
2024-04-30,03:00,3,30,4,1,0,16.2,82.9,3,Low,1.85,1.79,0.0,0.19,0.1,0.0,1.22,1.51
2024-04-30,04:00,4,30,4,1,0,15.7,74.1,5,Low,1.51,1.62,0.02,0.21,0.12,0.0,1.23,1.58
2024-04-30,05:00,5,30,4,1,0,17.8,68.8,4,Low,1.58,1.65,0.0,0.19,0.11,0.0,0.8,1.1
2024-04-30,06:00,6,30,4,1,0,16.5,73.2,1,Low,1.1,1.4,0.0,0.21,0.09,0.0,1.87,2.17
2024-04-30,07:00,7,30,4,1,0,18.0,74.2,5,High,2.17,1.62,0.0,0.21,0.12,0.0,4.64,4.97
2024-04-30,08:00,8,30,4,1,0,19.3,71.1,2,Medium,4.97,2.75,0.0,0.2,0.1,0.0,3.92,4.22
2024-04-30,09:00,9,30,4,1,0,22.5,63.3,1,High,4.22,3.79,0.0,0.22,0.09,0.0,2.36,2.67
2024-04-30,10:00,10,30,4,1,0,22.0,75.2,1,Medium,2.67,3.95,0.0,0.2,0.09,0.0,1.69,1.98
2024-04-30,11:00,11,30,4,1,0,25.8,66.1,1,Medium,1.98,2.96,0.0,0.21,0.09,0.0,1.6,1.9
2024-04-30,12:00,12,30,4,1,0,23.3,70.6,2,High,1.9,2.18,0.0,0.19,0.1,0.0,2.29,2.58
2024-04-30,13:00,13,30,4,1,0,27.9,66.2,1,High,2.58,2.15,0.58,0.22,0.09,0.0,2.43,3.32
2024-04-30,14:00,14,30,4,1,0,24.8,65.3,1,Low,3.32,2.6,0.0,0.19,0.09,0.0,1.48,1.76
2024-04-30,15:00,15,30,4,1,0,28.1,57.9,2,Medium,1.76,2.55,0.49,0.19,0.1,0.0,1.7,2.48
2024-04-30,16:00,16,30,4,1,0,28.2,65.9,3,Medium,2.48,2.52,0.52,0.21,0.1,0.0,2.42,3.25
2024-04-30,17:00,17,30,4,1,0,23.3,66.1,4,Low,3.25,2.5,0.0,0.22,0.11,0.0,3.92,4.25
2024-04-30,18:00,18,30,4,1,0,24.5,69.0,1,Low,4.25,3.33,0.0,0.2,0.15,0.0,3.63,3.98
2024-04-30,19:00,19,30,4,1,0,20.5,69.7,3,High,3.98,3.83,0.0,0.2,0.28,0.85,5.73,7.06
2024-04-30,20:00,20,30,4,1,0,21.3,67.1,3,Medium,7.06,5.1,0.0,0.2,0.28,0.0,5.67,6.15
2024-04-30,21:00,21,30,4,1,0,18.1,74.5,4,Medium,6.15,5.73,0.0,0.21,0.35,0.0,5.57,6.13
2024-04-30,22:00,22,30,4,1,0,16.0,75.5,4,Medium,6.13,6.45,0.0,0.2,0.35,0.0,3.47,4.02
2024-04-30,23:00,23,30,4,1,0,16.9,77.2,1,Medium,4.02,5.43,0.0,0.2,0.15,0.0,2.58,2.93
2024-05-01,00:00,0,1,5,2,0,19.7,71.3,4,Low,2.93,4.36,0.0,0.21,0.11,0.0,1.44,1.76
2024-05-01,01:00,1,1,5,2,0,21.6,77.6,3,Low,1.76,2.9,0.0,0.22,0.1,0.0,1.27,1.59
2024-05-01,02:00,2,1,5,2,0,21.0,70.7,3,Low,1.59,2.09,0.0,0.21,0.1,0.0,1.12,1.43
2024-05-01,03:00,3,1,5,2,0,20.9,63.9,3,Low,1.43,1.59,0.0,0.22,0.1,0.0,0.96,1.28
2024-05-01,04:00,4,1,5,2,0,22.6,67.0,5,Low,1.28,1.43,0.0,0.22,0.12,0.0,1.4,1.74
2024-05-01,05:00,5,1,5,2,0,20.1,70.2,2,Low,1.74,1.48,0.0,0.19,0.1,0.0,1.02,1.31
2024-05-01,06:00,6,1,5,2,0,22.6,62.7,3,Medium,1.31,1.44,0.0,0.21,0.1,0.0,2.77,3.08
2024-05-01,07:00,7,1,5,2,0,22.0,64.1,3,Medium,3.08,2.04,0.0,0.2,0.1,0.0,3.72,4.02
2024-05-01,08:00,8,1,5,2,0,27.3,65.7,4,Medium,4.02,2.8,0.17,0.21,0.11,0.0,3.88,4.37
2024-05-01,09:00,9,1,5,2,0,27.3,60.4,2,High,4.37,3.82,0.24,0.21,0.1,0.0,3.28,3.83
2024-05-01,10:00,10,1,5,2,0,28.4,61.2,1,Medium,3.83,4.07,0.39,0.2,0.09,0.0,2.1,2.78
2024-05-01,11:00,11,1,5,2,0,30.2,56.7,1,Medium,2.78,3.66,0.8,0.19,0.09,0.0,2.03,3.11
2024-05-01,12:00,12,1,5,2,0,34.4,61.2,2,High,3.11,3.24,2.66,0.22,0.1,0.0,2.85,5.83
2024-05-01,13:00,13,1,5,2,0,32.8,56.1,1,Low,5.83,3.91,1.66,0.21,0.09,0.0,2.19,4.15
2024-05-01,14:00,14,1,5,2,0,33.0,60.9,2,Medium,4.15,4.36,2.34,0.19,0.1,0.0,2.27,4.9
2024-05-01,15:00,15,1,5,2,0,31.6,54.6,1,High,4.9,4.96,2.36,0.2,0.09,0.0,2.86,5.51
2024-05-01,16:00,16,1,5,2,0,31.7,56.1,1,Medium,5.51,4.85,1.79,0.21,0.09,0.0,2.18,4.27
2024-05-01,17:00,17,1,5,2,0,29.6,55.6,2,High,4.27,4.89,1.33,0.19,0.1,0.0,6.54,8.16
2024-05-01,18:00,18,1,5,2,0,29.9,57.4,2,Low,8.16,5.98,0.81,0.2,0.22,0.0,4.53,5.76
2024-05-01,19:00,19,1,5,2,0,25.5,62.7,4,High,5.76,6.06,0.0,0.2,0.35,0.85,6.37,7.77
2024-05-01,20:00,20,1,5,2,0,26.8,57.4,3,High,7.77,7.23,0.19,0.21,0.28,0.85,5.99,7.52
2024-05-01,21:00,21,1,5,2,0,24.9,58.7,4,High,7.52,7.02,0.0,0.21,0.35,0.0,7.39,7.95
2024-05-01,22:00,22,1,5,2,0,21.8,73.4,1,High,7.95,7.75,0.0,0.2,0.15,0.0,4.05,4.4
2024-05-01,23:00,23,1,5,2,0,22.0,68.7,3,Low,4.4,6.62,0.0,0.22,0.28,0.0,2.16,2.66
2024-05-02,00:00,0,2,5,3,0,22.4,67.1,5,Low,2.66,5.0,0.0,0.22,0.12,0.0,1.58,1.92
2024-05-02,01:00,1,2,5,3,0,21.0,71.5,1,Low,1.92,2.99,0.0,0.21,0.09,0.0,0.93,1.23
2024-05-02,02:00,2,2,5,3,0,19.8,71.6,2,Low,1.23,1.94,0.0,0.22,0.1,0.0,0.37,0.69
2024-05-02,03:00,3,2,5,3,0,20.2,70.1,3,Low,0.69,1.28,0.0,0.2,0.1,0.0,0.71,1.01
2024-05-02,04:00,4,2,5,3,0,20.1,68.9,3,Low,1.01,0.98,0.0,0.19,0.1,0.0,0.61,0.9
2024-05-02,05:00,5,2,5,3,0,21.9,63.4,3,Low,0.9,0.87,0.0,0.2,0.1,0.0,0.75,1.05
2024-05-02,06:00,6,2,5,3,0,24.7,68.8,5,Low,1.05,0.99,0.0,0.21,0.12,0.0,2.73,3.06
2024-05-02,07:00,7,2,5,3,0,23.6,74.4,3,Low,3.06,1.67,0.0,0.21,0.1,0.0,2.63,2.94
2024-05-02,08:00,8,2,5,3,0,25.4,58.9,2,Medium,2.94,2.35,0.0,0.19,0.1,0.0,2.92,3.21
2024-05-02,09:00,9,2,5,3,0,27.5,64.5,1,Low,3.21,3.07,0.16,0.2,0.09,0.0,1.72,2.17
2024-05-02,10:00,10,2,5,3,0,29.0,63.3,1,Medium,2.17,2.77,0.52,0.2,0.09,0.0,1.37,2.18
2024-05-02,11:00,11,2,5,3,0,28.2,62.1,1,Low,2.18,2.52,0.26,0.2,0.09,0.0,1.32,1.87
2024-05-02,12:00,12,2,5,3,0,32.0,51.9,1,Low,1.87,2.07,0.94,0.19,0.09,0.0,1.12,2.34
2024-05-02,13:00,13,2,5,3,0,31.6,55.0,1,Low,2.34,2.13,1.29,0.21,0.09,0.0,1.31,2.9
2024-05-02,14:00,14,2,5,3,0,29.6,58.7,1,Medium,2.9,2.37,0.98,0.22,0.09,0.0,1.92,3.21
2024-05-02,15:00,15,2,5,3,0,32.9,58.9,1,Medium,3.21,2.82,2.29,0.21,0.09,0.0,1.69,4.28
2024-05-02,16:00,16,2,5,3,0,30.8,61.8,1,Low,4.28,3.46,1.06,0.22,0.09,0.0,1.55,2.92
2024-05-02,17:00,17,2,5,3,0,29.7,60.9,3,High,2.92,3.47,1.38,0.2,0.1,0.0,6.12,7.8
2024-05-02,18:00,18,2,5,3,0,28.3,64.3,5,High,7.8,5.0,0.74,0.21,0.42,0.0,7.81,9.18
2024-05-02,19:00,19,2,5,3,0,26.6,69.2,2,Low,9.18,6.63,0.07,0.2,0.22,0.0,5.1,5.59
2024-05-02,20:00,20,2,5,3,0,26.3,61.9,4,High,5.59,7.52,0.05,0.21,0.35,0.85,6.51,7.97
2024-05-02,21:00,21,2,5,3,0,25.3,60.5,5,High,7.97,7.58,0.0,0.22,0.42,0.0,7.77,8.41
2024-05-02,22:00,22,2,5,3,0,23.1,70.2,2,High,8.41,7.32,0.0,0.2,0.22,0.0,4.72,5.14
2024-05-02,23:00,23,2,5,3,0,19.3,71.7,4,Medium,5.14,7.17,0.0,0.21,0.35,0.0,3.41,3.97
2024-05-03,00:00,0,3,5,4,0,20.4,74.7,2,Low,3.97,5.84,0.0,0.19,0.1,0.0,1.34,1.63
2024-05-03,01:00,1,3,5,4,0,20.2,72.7,4,Low,1.63,3.58,0.0,0.22,0.11,0.0,1.1,1.43
2024-05-03,02:00,2,3,5,4,0,21.1,67.0,3,Low,1.43,2.34,0.0,0.22,0.1,0.0,0.75,1.07
2024-05-03,03:00,3,3,5,4,0,18.8,68.9,3,Low,1.07,1.38,0.0,0.21,0.1,0.0,1.29,1.6
2024-05-03,04:00,4,3,5,4,0,20.2,77.5,3,Low,1.6,1.37,0.0,0.2,0.1,0.0,1.16,1.46
2024-05-03,05:00,5,3,5,4,0,21.7,73.1,3,Low,1.46,1.38,0.0,0.21,0.1,0.0,1.38,1.69
2024-05-03,06:00,6,3,5,4,0,22.5,69.6,3,Medium,1.69,1.58,0.0,0.2,0.1,0.0,3.05,3.35
2024-05-03,07:00,7,3,5,4,0,25.5,72.6,2,Low,3.35,2.17,0.0,0.2,0.1,0.0,2.48,2.78
2024-05-03,08:00,8,3,5,4,0,27.1,59.4,2,High,2.78,2.61,0.19,0.19,0.1,0.0,4.18,4.66
2024-05-03,09:00,9,3,5,4,0,28.0,57.1,4,Medium,4.66,3.6,0.31,0.21,0.11,0.0,2.79,3.42
2024-05-03,10:00,10,3,5,4,0,29.2,60.8,2,Medium,3.42,3.62,0.56,0.22,0.1,0.0,1.99,2.87
2024-05-03,11:00,11,3,5,4,0,30.3,63.1,3,Medium,2.87,3.65,0.83,0.2,0.1,0.0,2.17,3.3
2024-05-03,12:00,12,3,5,4,0,28.5,54.4,1,High,3.3,3.2,0.55,0.2,0.09,0.0,2.43,3.27
2024-05-03,13:00,13,3,5,4,0,30.5,58.4,1,Low,3.27,3.15,0.97,0.2,0.09,0.0,1.48,2.74
2024-05-03,14:00,14,3,5,4,0,32.1,57.4,1,Low,2.74,3.1,1.44,0.2,0.09,0.0,1.25,2.98
2024-05-03,15:00,15,3,5,4,0,30.6,61.2,1,Medium,2.98,3.0,1.35,0.19,0.09,0.0,2.17,3.8
2024-05-03,16:00,16,3,5,4,0,31.4,61.1,4,Low,3.8,3.17,1.23,0.21,0.11,0.0,2.27,3.82
2024-05-03,17:00,17,3,5,4,0,32.6,53.0,1,Low,3.82,3.53,1.6,0.21,0.09,0.0,3.6,5.5
2024-05-03,18:00,18,3,5,4,0,26.7,62.9,3,High,5.5,4.37,0.16,0.22,0.28,0.0,6.71,7.37
2024-05-03,19:00,19,3,5,4,0,27.5,64.8,3,High,7.37,5.56,0.43,0.21,0.28,0.85,6.3,8.07
2024-05-03,20:00,20,3,5,4,0,25.8,65.3,2,High,8.07,6.98,0.0,0.2,0.22,0.85,6.19,7.46
2024-05-03,21:00,21,3,5,4,0,25.6,68.4,4,High,7.46,7.63,0.0,0.22,0.35,0.0,7.39,7.96
2024-05-03,22:00,22,3,5,4,0,23.2,67.4,3,High,7.96,7.83,0.0,0.19,0.28,0.0,4.65,5.12
2024-05-03,23:00,23,3,5,4,0,21.7,73.9,3,Medium,5.12,6.85,0.0,0.21,0.28,0.0,2.84,3.33
2024-05-04,00:00,0,4,5,5,1,20.1,74.7,3,Low,3.33,5.47,0.0,0.21,0.1,0.0,1.33,1.64
2024-05-04,01:00,1,4,5,5,1,20.9,75.1,1,Low,1.64,3.36,0.0,0.21,0.09,0.0,0.7,1.0
2024-05-04,02:00,2,4,5,5,1,20.1,71.9,4,Low,1.0,1.99,0.0,0.22,0.11,0.0,0.86,1.19
2024-05-04,03:00,3,4,5,5,1,21.4,67.4,4,Low,1.19,1.28,0.0,0.22,0.11,0.0,1.4,1.73
2024-05-04,04:00,4,4,5,5,1,20.7,71.5,3,Low,1.73,1.31,0.0,0.2,0.1,0.0,1.2,1.5
2024-05-04,05:00,5,4,5,5,1,21.4,75.4,4,Low,1.5,1.47,0.0,0.2,0.11,0.0,1.41,1.72
2024-05-04,06:00,6,4,5,5,1,20.5,67.2,5,Medium,1.72,1.65,0.0,0.21,0.12,0.0,3.45,3.78
2024-05-04,07:00,7,4,5,5,1,25.4,67.3,3,Low,3.78,2.33,0.0,0.2,0.1,0.0,2.71,3.01
2024-05-04,08:00,8,4,5,5,1,25.8,64.5,4,High,3.01,2.84,0.0,0.21,0.11,0.0,4.62,4.94
2024-05-04,09:00,9,4,5,5,1,28.2,61.8,4,High,4.94,3.91,0.47,0.21,0.11,0.0,4.62,5.41
2024-05-04,10:00,10,4,5,5,1,28.6,62.4,3,High,5.41,4.45,0.58,0.2,0.1,0.85,3.88,5.61
2024-05-04,11:00,11,4,5,5,1,29.4,56.2,4,Medium,5.61,5.32,0.61,0.21,0.11,0.0,3.42,4.35
2024-05-04,12:00,12,4,5,5,1,31.2,57.0,3,Medium,4.35,5.12,1.06,0.21,0.1,0.0,3.42,4.79
2024-05-04,13:00,13,4,5,5,1,31.9,63.1,1,Low,4.79,4.92,1.38,0.2,0.09,0.0,2.46,4.13
2024-05-04,14:00,14,4,5,5,1,34.4,55.8,3,Low,4.13,4.42,2.19,0.21,0.1,0.0,2.49,4.99
2024-05-04,15:00,15,4,5,5,1,34.1,59.8,2,Medium,4.99,4.64,2.83,0.21,0.1,0.0,3.27,6.41
2024-05-04,16:00,16,4,5,5,1,30.1,52.0,3,High,6.41,5.18,1.57,0.2,0.1,0.0,4.62,6.49
2024-05-04,17:00,17,4,5,5,1,30.5,56.1,5,Medium,6.49,5.96,1.32,0.21,0.12,0.0,6.08,7.73
2024-05-04,18:00,18,4,5,5,1,30.1,56.0,4,High,7.73,6.88,1.57,0.21,0.35,0.0,7.55,9.68
2024-05-04,19:00,19,4,5,5,1,25.8,57.7,5,Medium,9.68,7.97,0.0,0.2,0.42,0.0,6.6,7.22
2024-05-04,20:00,20,4,5,5,1,26.6,62.4,3,Low,7.22,8.21,0.07,0.2,0.28,0.0,4.94,5.49
2024-05-04,21:00,21,4,5,5,1,24.5,64.1,5,High,5.49,7.46,0.0,0.22,0.42,0.0,7.23,7.87
2024-05-04,22:00,22,4,5,5,1,21.6,62.4,4,Medium,7.87,6.86,0.0,0.21,0.35,0.0,3.88,4.44
2024-05-04,23:00,23,4,5,5,1,20.5,67.4,2,Medium,4.44,5.93,0.0,0.22,0.22,0.0,3.08,3.52
2024-05-05,00:00,0,5,5,6,1,20.4,71.3,3,Low,3.52,5.28,0.0,0.22,0.1,0.0,1.53,1.85
2024-05-05,01:00,1,5,5,6,1,19.0,79.0,4,Low,1.85,3.27,0.0,0.2,0.11,0.0,1.32,1.63
2024-05-05,02:00,2,5,5,6,1,20.6,71.6,2,Low,1.63,2.33,0.0,0.2,0.1,0.0,1.02,1.32
2024-05-05,03:00,3,5,5,6,1,18.2,64.3,3,Low,1.32,1.6,0.0,0.21,0.1,0.0,0.98,1.29
2024-05-05,04:00,4,5,5,6,1,20.1,73.8,3,Low,1.29,1.41,0.0,0.19,0.1,0.0,0.78,1.07
2024-05-05,05:00,5,5,5,6,1,21.5,75.6,5,Low,1.07,1.23,0.0,0.22,0.12,0.0,1.21,1.55
2024-05-05,06:00,6,5,5,6,1,23.5,67.9,2,High,1.55,1.3,0.0,0.22,0.1,0.0,3.96,4.28
2024-05-05,07:00,7,5,5,6,1,25.5,62.1,4,Medium,4.28,2.3,0.0,0.2,0.11,0.0,4.19,4.5
2024-05-05,08:00,8,5,5,6,1,26.3,57.5,5,High,4.5,3.44,0.03,0.2,0.12,0.0,5.37,5.72
2024-05-05,09:00,9,5,5,6,1,27.3,61.4,4,Medium,5.72,4.83,0.17,0.2,0.11,0.0,3.65,4.13
2024-05-05,10:00,10,5,5,6,1,30.0,61.2,3,Low,4.13,4.78,0.56,0.19,0.1,0.0,2.54,3.39
2024-05-05,11:00,11,5,5,6,1,28.9,54.3,4,Low,3.39,4.41,0.37,0.2,0.11,0.0,2.47,3.15
2024-05-05,12:00,12,5,5,6,1,30.4,59.7,4,Medium,3.15,3.56,0.85,0.2,0.11,0.0,3.32,4.48
2024-05-05,13:00,13,5,5,6,1,31.6,50.5,4,High,4.48,3.67,2.36,0.21,0.11,0.0,4.23,6.91
2024-05-05,14:00,14,5,5,6,1,32.4,56.9,5,Medium,6.91,4.85,2.08,0.19,0.12,0.0,4.28,6.67
2024-05-05,15:00,15,5,5,6,1,31.8,47.9,3,Medium,6.67,6.02,1.83,0.2,0.1,0.0,4.11,6.24
2024-05-05,16:00,16,5,5,6,1,27.6,61.8,4,Medium,6.24,6.61,0.34,0.19,0.11,0.0,3.88,4.52
2024-05-05,17:00,17,5,5,6,1,29.7,55.2,4,High,4.52,5.81,1.38,0.22,0.11,0.0,6.8,8.51
2024-05-05,18:00,18,5,5,6,1,29.8,62.8,3,Medium,8.51,6.42,1.06,0.19,0.28,0.0,6.0,7.53
2024-05-05,19:00,19,5,5,6,1,28.6,58.0,1,High,7.53,6.85,0.87,0.21,0.15,0.85,6.13,8.21
2024-05-05,20:00,20,5,5,6,1,26.1,67.1,3,Medium,8.21,8.08,0.01,0.19,0.28,0.0,5.89,6.37
2024-05-05,21:00,21,5,5,6,1,26.1,63.4,3,High,6.37,7.37,0.01,0.19,0.28,0.0,6.83,7.31
2024-05-05,22:00,22,5,5,6,1,24.1,66.1,2,High,7.31,7.3,0.0,0.22,0.22,0.0,4.06,4.5
2024-05-05,23:00,23,5,5,6,1,22.3,72.4,3,Medium,4.5,6.06,0.0,0.2,0.28,0.0,3.0,3.48
2024-05-06,00:00,0,6,5,0,0,22.7,63.2,1,Low,3.48,5.1,0.0,0.22,0.09,0.0,1.11,1.42
2024-05-06,01:00,1,6,5,0,0,20.5,71.7,4,Low,1.42,3.13,0.0,0.2,0.11,0.0,1.37,1.68
2024-05-06,02:00,2,6,5,0,0,19.6,73.1,3,Low,1.68,2.19,0.0,0.2,0.1,0.0,1.25,1.55
2024-05-06,03:00,3,6,5,0,0,18.4,75.6,2,Low,1.55,1.55,0.0,0.21,0.1,0.0,1.12,1.43
2024-05-06,04:00,4,6,5,0,0,19.3,71.1,2,Low,1.43,1.55,0.0,0.21,0.1,0.0,0.89,1.2
2024-05-06,05:00,5,6,5,0,0,20.6,75.2,2,Low,1.2,1.39,0.0,0.21,0.1,0.0,0.87,1.18
2024-05-06,06:00,6,6,5,0,0,24.4,70.0,4,Medium,1.18,1.27,0.0,0.22,0.11,0.0,3.34,3.67
2024-05-06,07:00,7,6,5,0,0,25.6,68.7,3,High,3.67,2.02,0.0,0.21,0.1,0.0,4.83,5.14
2024-05-06,08:00,8,6,5,0,0,25.1,65.6,4,High,5.14,3.33,0.0,0.2,0.11,0.0,5.35,5.66
2024-05-06,09:00,9,6,5,0,0,26.5,60.1,2,Medium,5.66,4.82,0.05,0.21,0.1,0.0,2.79,3.15
2024-05-06,10:00,10,6,5,0,0,29.4,56.6,3,High,3.15,4.65,0.82,0.22,0.1,0.85,1.9,3.89
2024-05-06,11:00,11,6,5,0,0,31.6,50.2,2,Medium,3.89,4.23,1.17,0.21,0.1,0.0,2.04,3.52
2024-05-06,12:00,12,6,5,0,0,33.2,53.0,2,High,3.52,3.52,2.18,0.2,0.1,0.0,2.47,4.95
2024-05-06,13:00,13,6,5,0,0,30.4,58.5,2,Medium,4.95,4.12,1.28,0.19,0.1,0.0,2.27,3.84
2024-05-06,14:00,14,6,5,0,0,33.1,56.4,1,Medium,3.84,4.1,2.38,0.21,0.09,0.0,1.69,4.37
2024-05-06,15:00,15,6,5,0,0,30.7,62.0,1,High,4.37,4.39,1.88,0.2,0.09,0.0,2.35,4.52
2024-05-06,16:00,16,6,5,0,0,32.3,54.5,1,Medium,4.52,4.24,2.04,0.2,0.09,0.0,1.94,4.27
2024-05-06,17:00,17,6,5,0,0,29.1,57.3,1,Low,4.27,4.39,0.6,0.22,0.09,0.0,3.49,4.4
2024-05-06,18:00,18,6,5,0,0,30.6,60.0,1,Medium,4.4,4.4,1.35,0.2,0.15,0.0,4.47,6.17
2024-05-06,19:00,19,6,5,0,0,28.1,66.1,1,High,6.17,4.95,0.66,0.22,0.15,0.85,5.64,7.52
2024-05-06,20:00,20,6,5,0,0,25.3,68.0,4,High,7.52,6.03,0.0,0.19,0.35,0.85,6.54,7.93
2024-05-06,21:00,21,6,5,0,0,25.4,69.4,2,High,7.93,7.21,0.0,0.19,0.22,0.0,7.07,7.48
2024-05-06,22:00,22,6,5,0,0,22.2,67.4,4,High,7.48,7.64,0.0,0.2,0.35,0.0,4.72,5.27
2024-05-06,23:00,23,6,5,0,0,19.8,71.8,4,Low,5.27,6.89,0.0,0.22,0.35,0.0,2.27,2.84
2024-05-07,00:00,0,7,5,1,0,21.6,68.6,5,Low,2.84,5.2,0.0,0.19,0.12,0.0,1.87,2.18
2024-05-07,01:00,1,7,5,1,0,19.4,74.9,3,Low,2.18,3.43,0.0,0.21,0.1,0.0,1.09,1.4
2024-05-07,02:00,2,7,5,1,0,19.3,73.3,2,Low,1.4,2.14,0.0,0.21,0.1,0.0,1.11,1.42
2024-05-07,03:00,3,7,5,1,0,19.5,70.1,2,Low,1.42,1.67,0.0,0.2,0.1,0.0,0.79,1.09
2024-05-07,04:00,4,7,5,1,0,20.9,69.1,4,Low,1.09,1.3,0.0,0.21,0.11,0.0,1.25,1.57
2024-05-07,05:00,5,7,5,1,0,22.3,67.3,3,Low,1.57,1.36,0.0,0.22,0.1,0.0,0.7,1.02
2024-05-07,06:00,6,7,5,1,0,22.0,71.8,3,Medium,1.02,1.23,0.0,0.21,0.1,0.0,3.05,3.36
2024-05-07,07:00,7,7,5,1,0,24.1,64.5,3,Medium,3.36,1.98,0.0,0.21,0.1,0.0,3.45,3.76
2024-05-07,08:00,8,7,5,1,0,25.2,65.1,4,Low,3.76,2.71,0.0,0.21,0.11,0.0,2.71,3.03
2024-05-07,09:00,9,7,5,1,0,25.6,71.4,1,Medium,3.03,3.38,0.0,0.21,0.09,0.0,1.8,2.1
2024-05-07,10:00,10,7,5,1,0,30.5,60.4,3,Low,2.1,2.96,0.65,0.2,0.1,0.0,1.49,2.44
2024-05-07,11:00,11,7,5,1,0,29.4,59.9,2,Low,2.44,2.52,0.45,0.22,0.1,0.0,1.66,2.43
2024-05-07,12:00,12,7,5,1,0,33.3,52.8,1,Medium,2.43,2.32,1.65,0.19,0.09,0.0,1.82,3.75
2024-05-07,13:00,13,7,5,1,0,30.8,64.6,2,Medium,3.75,2.87,1.43,0.2,0.1,0.0,2.0,3.73
2024-05-07,14:00,14,7,5,1,0,31.7,55.4,3,High,3.73,3.3,2.41,0.21,0.1,0.0,3.03,5.75
2024-05-07,15:00,15,7,5,1,0,30.8,61.7,2,Low,5.75,4.41,1.06,0.2,0.1,0.0,2.52,3.88
2024-05-07,16:00,16,7,5,1,0,30.9,55.4,2,High,3.88,4.45,1.98,0.2,0.1,0.0,2.67,4.95
2024-05-07,17:00,17,7,5,1,0,29.8,59.4,1,Medium,4.95,4.86,1.06,0.22,0.09,0.0,4.93,6.3
2024-05-07,18:00,18,7,5,1,0,28.2,55.3,3,High,6.3,5.04,0.7,0.2,0.28,0.0,6.72,7.9
2024-05-07,19:00,19,7,5,1,0,28.0,61.7,4,Medium,7.9,6.38,0.46,0.2,0.35,0.0,6.05,7.06
2024-05-07,20:00,20,7,5,1,0,26.9,64.5,3,High,7.06,7.09,0.22,0.21,0.28,0.85,6.47,8.03
2024-05-07,21:00,21,7,5,1,0,23.7,69.8,2,High,8.03,7.66,0.0,0.2,0.22,0.0,7.22,7.64
2024-05-07,22:00,22,7,5,1,0,24.0,69.1,4,Medium,7.64,7.58,0.0,0.2,0.35,0.0,4.06,4.61
2024-05-07,23:00,23,7,5,1,0,20.7,64.1,2,Low,4.61,6.76,0.0,0.21,0.22,0.0,2.56,2.99
2024-05-08,00:00,0,8,5,2,0,20.7,67.2,4,Low,2.99,5.08,0.0,0.2,0.11,0.0,1.42,1.73
2024-05-08,01:00,1,8,5,2,0,19.3,69.2,4,Low,1.73,3.11,0.0,0.19,0.11,0.0,1.06,1.36
2024-05-08,02:00,2,8,5,2,0,19.6,80.4,5,Low,1.36,2.03,0.0,0.2,0.12,0.0,1.49,1.81
2024-05-08,03:00,3,8,5,2,0,21.3,69.4,3,Low,1.81,1.63,0.0,0.2,0.1,0.0,1.3,1.6
2024-05-08,04:00,4,8,5,2,0,18.7,75.8,3,Low,1.6,1.59,0.0,0.19,0.1,0.0,1.06,1.35
2024-05-08,05:00,5,8,5,2,0,24.4,61.9,2,Low,1.35,1.59,0.0,0.2,0.1,0.0,1.19,1.49
2024-05-08,06:00,6,8,5,2,0,22.3,67.9,2,Low,1.49,1.48,0.0,0.2,0.1,0.0,2.11,2.41
2024-05-08,07:00,7,8,5,2,0,22.8,65.2,3,High,2.41,1.75,0.0,0.21,0.1,0.0,4.48,4.79
2024-05-08,08:00,8,8,5,2,0,24.8,72.2,3,High,4.79,2.9,0.0,0.2,0.1,0.0,5.07,5.37
2024-05-08,09:00,9,8,5,2,0,27.5,61.5,1,High,5.37,4.19,0.28,0.19,0.09,0.0,3.02,3.58
2024-05-08,10:00,10,8,5,2,0,29.5,56.1,4,Low,3.58,4.58,0.47,0.19,0.11,0.0,2.16,2.93
2024-05-08,11:00,11,8,5,2,0,29.4,56.8,1,High,2.93,3.96,0.82,0.19,0.09,0.85,1.3,3.25
2024-05-08,12:00,12,8,5,2,0,32.9,56.7,1,Low,3.25,3.25,1.13,0.21,0.09,0.0,1.6,3.03
2024-05-08,13:00,13,8,5,2,0,33.6,51.5,4,Low,3.03,3.07,1.92,0.21,0.11,0.0,1.7,3.94
2024-05-08,14:00,14,8,5,2,0,31.9,52.5,3,Medium,3.94,3.41,1.87,0.22,0.1,0.0,2.52,4.71
2024-05-08,15:00,15,8,5,2,0,29.9,59.0,2,Low,4.71,3.89,0.81,0.2,0.1,0.0,2.17,3.28
2024-05-08,16:00,16,8,5,2,0,30.9,56.0,1,High,3.28,3.98,1.98,0.19,0.09,0.0,2.39,4.65
2024-05-08,17:00,17,8,5,2,0,30.2,67.4,1,Medium,4.65,4.21,1.2,0.19,0.09,0.0,4.74,6.22
2024-05-08,18:00,18,8,5,2,0,30.3,63.9,3,Medium,6.22,4.72,1.24,0.21,0.28,0.0,5.23,6.96
2024-05-08,19:00,19,8,5,2,0,27.2,61.4,4,High,6.96,5.94,0.32,0.2,0.35,0.85,6.45,8.17
2024-05-08,20:00,20,8,5,2,0,27.9,58.0,4,High,8.17,7.12,0.58,0.21,0.35,0.85,6.78,8.77
2024-05-08,21:00,21,8,5,2,0,25.1,68.1,1,High,8.77,7.97,0.0,0.21,0.15,0.0,7.67,8.03
2024-05-08,22:00,22,8,5,2,0,22.4,69.9,3,Medium,8.03,8.32,0.0,0.21,0.28,0.0,3.47,3.96
2024-05-08,23:00,23,8,5,2,0,23.1,60.4,1,High,3.96,6.92,0.0,0.19,0.15,0.0,3.05,3.39
2024-05-09,00:00,0,9,5,3,0,21.1,75.0,2,Low,3.39,5.13,0.0,0.19,0.1,0.0,1.39,1.68
2024-05-09,01:00,1,9,5,3,0,19.9,68.0,3,Low,1.68,3.01,0.0,0.21,0.1,0.0,1.18,1.49
2024-05-09,02:00,2,9,5,3,0,19.0,72.9,4,Low,1.49,2.19,0.0,0.21,0.11,0.0,0.91,1.23
2024-05-09,03:00,3,9,5,3,0,20.1,74.5,4,Low,1.23,1.47,0.0,0.2,0.11,0.0,0.98,1.29
2024-05-09,04:00,4,9,5,3,0,19.0,65.3,3,Low,1.29,1.34,0.0,0.21,0.1,0.0,1.12,1.43
2024-05-09,05:00,5,9,5,3,0,18.2,73.4,2,Low,1.43,1.32,0.0,0.21,0.1,0.0,1.12,1.43
2024-05-09,06:00,6,9,5,3,0,24.3,60.4,2,Low,1.43,1.38,0.0,0.21,0.1,0.0,2.12,2.43
2024-05-09,07:00,7,9,5,3,0,25.4,75.9,3,Low,2.43,1.76,0.0,0.21,0.1,0.0,2.41,2.72
2024-05-09,08:00,8,9,5,3,0,26.1,64.1,1,Medium,2.72,2.19,0.01,0.2,0.09,0.0,2.93,3.23
2024-05-09,09:00,9,9,5,3,0,27.5,69.0,1,Medium,3.23,2.79,0.21,0.21,0.09,0.0,1.69,2.2
2024-05-09,10:00,10,9,5,3,0,29.3,64.3,1,Medium,2.2,2.72,0.59,0.21,0.09,0.0,1.81,2.7
2024-05-09,11:00,11,9,5,3,0,29.0,63.4,2,Low,2.7,2.71,0.38,0.2,0.1,0.0,1.39,2.07
2024-05-09,12:00,12,9,5,3,0,30.3,64.4,3,Low,2.07,2.32,0.61,0.21,0.1,0.0,1.67,2.59
2024-05-09,13:00,13,9,5,3,0,32.2,60.2,1,Low,2.59,2.45,1.48,0.21,0.09,0.0,1.27,3.05
2024-05-09,14:00,14,9,5,3,0,32.1,54.8,1,High,3.05,2.57,2.63,0.2,0.09,0.0,2.19,5.11
2024-05-09,15:00,15,9,5,3,0,29.7,62.5,2,Medium,5.11,3.58,1.02,0.2,0.1,0.0,2.78,4.1
2024-05-09,16:00,16,9,5,3,0,31.5,64.4,2,Medium,4.1,4.09,1.71,0.21,0.1,0.0,2.3,4.32
2024-05-09,17:00,17,9,5,3,0,30.6,50.2,1,Low,4.32,4.51,1.0,0.2,0.09,0.0,3.86,5.15
2024-05-09,18:00,18,9,5,3,0,29.0,55.0,3,Medium,5.15,4.52,0.78,0.22,0.28,0.0,5.13,6.41
2024-05-09,19:00,19,9,5,3,0,28.7,60.3,3,Medium,6.41,5.29,0.68,0.21,0.28,0.0,5.3,6.47
2024-05-09,20:00,20,9,5,3,0,26.2,63.2,2,Medium,6.47,6.01,0.02,0.21,0.22,0.0,5.49,5.94
2024-05-09,21:00,21,9,5,3,0,24.9,66.7,4,Medium,5.94,6.27,0.0,0.22,0.35,0.0,5.47,6.04
2024-05-09,22:00,22,9,5,3,0,23.0,68.8,4,Medium,6.04,6.15,0.0,0.21,0.35,0.0,3.37,3.93
2024-05-09,23:00,23,9,5,3,0,21.1,63.4,3,Low,3.93,5.3,0.0,0.22,0.28,0.0,2.19,2.69
2024-05-10,00:00,0,10,5,4,0,21.7,68.1,2,Low,2.69,4.22,0.0,0.21,0.1,0.0,1.18,1.49
2024-05-10,01:00,1,10,5,4,0,20.7,66.0,3,Low,1.49,2.7,0.0,0.2,0.1,0.0,0.9,1.2
2024-05-10,02:00,2,10,5,4,0,19.3,65.9,3,Low,1.2,1.79,0.0,0.21,0.1,0.0,0.91,1.22
2024-05-10,03:00,3,10,5,4,0,22.1,68.4,5,Low,1.22,1.3,0.0,0.2,0.12,0.0,1.14,1.46
2024-05-10,04:00,4,10,5,4,0,23.1,68.5,2,Low,1.46,1.29,0.0,0.19,0.1,0.0,1.35,1.64
2024-05-10,05:00,5,10,5,4,0,21.9,68.5,2,Low,1.64,1.44,0.0,0.2,0.1,0.0,0.93,1.23
2024-05-10,06:00,6,10,5,4,0,23.8,64.9,2,Medium,1.23,1.44,0.0,0.2,0.1,0.0,3.03,3.33
2024-05-10,07:00,7,10,5,4,0,25.4,61.2,3,High,3.33,2.07,0.0,0.2,0.1,0.0,4.59,4.89
2024-05-10,08:00,8,10,5,4,0,27.6,61.2,4,High,4.89,3.15,0.31,0.21,0.11,0.0,5.16,5.79
2024-05-10,09:00,9,10,5,4,0,26.8,71.4,1,Low,5.79,4.67,0.07,0.21,0.09,0.0,2.0,2.37
2024-05-10,10:00,10,10,5,4,0,28.8,62.3,4,Medium,2.37,4.35,0.47,0.2,0.11,0.0,2.2,2.98
2024-05-10,11:00,11,10,5,4,0,29.9,58.9,4,Medium,2.98,3.71,0.73,0.19,0.11,0.0,2.36,3.39
2024-05-10,12:00,12,10,5,4,0,29.0,59.3,3,Low,3.39,2.91,0.38,0.21,0.1,0.0,1.92,2.61
2024-05-10,13:00,13,10,5,4,0,34.9,50.7,2,Medium,2.61,2.99,3.19,0.19,0.1,0.0,1.68,5.16
2024-05-10,14:00,14,10,5,4,0,33.2,56.5,1,Low,5.16,3.72,1.79,0.21,0.09,0.0,1.96,4.05
2024-05-10,15:00,15,10,5,4,0,34.4,42.8,1,Medium,4.05,3.94,2.96,0.19,0.09,0.0,2.15,5.39
2024-05-10,16:00,16,10,5,4,0,29.2,63.9,1,Low,5.39,4.87,0.62,0.21,0.09,0.0,1.91,2.83
2024-05-10,17:00,17,10,5,4,0,30.2,54.0,1,High,2.83,4.09,1.62,0.2,0.09,0.0,5.62,7.53
2024-05-10,18:00,18,10,5,4,0,29.9,62.5,4,Medium,7.53,5.25,1.09,0.2,0.35,0.0,5.97,7.61
2024-05-10,19:00,19,10,5,4,0,27.4,62.8,3,High,7.61,5.99,0.39,0.22,0.28,0.85,6.42,8.16
2024-05-10,20:00,20,10,5,4,0,25.2,67.5,2,Low,8.16,7.77,0.0,0.22,0.22,0.0,4.56,5.0
2024-05-10,21:00,21,10,5,4,0,23.5,69.7,3,Low,5.0,6.92,0.0,0.2,0.28,0.0,3.65,4.13
2024-05-10,22:00,22,10,5,4,0,22.6,70.7,3,High,4.13,5.76,0.0,0.21,0.28,0.0,3.55,4.04
2024-05-10,23:00,23,10,5,4,0,23.3,59.8,2,Low,4.04,4.39,0.0,0.2,0.22,0.0,2.13,2.55
2024-05-11,00:00,0,11,5,5,1,21.0,72.6,4,Low,2.55,3.57,0.0,0.19,0.11,0.0,1.48,1.78
2024-05-11,01:00,1,11,5,5,1,21.3,67.7,1,Low,1.78,2.79,0.0,0.19,0.09,0.0,0.69,0.97
2024-05-11,02:00,2,11,5,5,1,19.1,68.5,5,Low,0.97,1.77,0.0,0.22,0.12,0.0,1.35,1.69
2024-05-11,03:00,3,11,5,5,1,18.9,76.1,3,Low,1.69,1.48,0.0,0.2,0.1,0.0,1.06,1.36
2024-05-11,04:00,4,11,5,5,1,18.9,77.6,4,Low,1.36,1.34,0.0,0.2,0.11,0.0,0.99,1.3
2024-05-11,05:00,5,11,5,5,1,23.3,74.5,3,Low,1.3,1.45,0.0,0.21,0.1,0.0,1.11,1.42
2024-05-11,06:00,6,11,5,5,1,22.3,76.2,2,Medium,1.42,1.36,0.0,0.21,0.1,0.0,2.45,2.76
2024-05-11,07:00,7,11,5,5,1,22.7,69.7,3,Medium,2.76,1.83,0.0,0.21,0.1,0.0,3.28,3.59
2024-05-11,08:00,8,11,5,5,1,24.9,58.9,3,Medium,3.59,2.59,0.0,0.19,0.1,0.0,3.68,3.97
2024-05-11,09:00,9,11,5,5,1,29.5,55.4,3,Medium,3.97,3.44,0.63,0.21,0.1,0.0,3.02,3.96
2024-05-11,10:00,10,11,5,5,1,27.4,58.1,4,Medium,3.96,3.84,0.19,0.21,0.11,0.0,3.44,3.95
2024-05-11,11:00,11,11,5,5,1,30.6,61.1,4,High,3.95,3.96,1.22,0.19,0.11,0.85,3.64,6.01
2024-05-11,12:00,12,11,5,5,1,30.5,58.2,3,Medium,6.01,4.64,0.88,0.2,0.1,0.0,3.82,5.0
2024-05-11,13:00,13,11,5,5,1,32.4,57.4,3,Low,5.0,4.99,1.54,0.21,0.1,0.0,2.81,4.66
2024-05-11,14:00,14,11,5,5,1,31.4,61.2,4,Low,4.66,5.22,1.23,0.2,0.11,0.0,2.99,4.53
2024-05-11,15:00,15,11,5,5,1,33.4,52.2,2,Medium,4.53,4.73,2.51,0.2,0.1,0.0,3.25,6.06
2024-05-11,16:00,16,11,5,5,1,32.4,54.6,4,Medium,6.06,5.08,2.08,0.21,0.11,0.0,3.53,5.93
2024-05-11,17:00,17,11,5,5,1,31.2,61.5,4,Medium,5.93,5.51,1.59,0.22,0.11,0.0,5.99,7.91
2024-05-11,18:00,18,11,5,5,1,28.0,60.0,4,Medium,7.91,6.63,0.46,0.2,0.35,0.0,6.34,7.35
2024-05-11,19:00,19,11,5,5,1,26.6,61.1,4,High,7.35,7.06,0.13,0.22,0.35,0.85,6.35,7.9
2024-05-11,20:00,20,11,5,5,1,26.5,64.0,2,Low,7.9,7.72,0.06,0.21,0.22,0.0,4.61,5.1
2024-05-11,21:00,21,11,5,5,1,23.1,73.5,5,High,5.1,6.78,0.0,0.2,0.42,0.0,7.18,7.8
2024-05-11,22:00,22,11,5,5,1,22.1,66.3,3,High,7.8,6.93,0.0,0.19,0.28,0.0,4.74,5.21
2024-05-11,23:00,23,11,5,5,1,22.9,71.1,3,Low,5.21,6.04,0.0,0.2,0.28,0.0,2.47,2.95
2024-05-12,00:00,0,12,5,6,1,20.5,68.4,1,Low,2.95,5.32,0.0,0.21,0.09,0.0,1.1,1.4
2024-05-12,01:00,1,12,5,6,1,20.1,64.5,3,Low,1.4,3.19,0.0,0.22,0.1,0.0,0.9,1.22
2024-05-12,02:00,2,12,5,6,1,19.6,71.0,1,Low,1.22,1.86,0.0,0.21,0.09,0.0,0.94,1.24
2024-05-12,03:00,3,12,5,6,1,20.5,69.9,3,Low,1.24,1.29,0.0,0.21,0.1,0.0,1.25,1.56
2024-05-12,04:00,4,12,5,6,1,19.4,73.4,4,Low,1.56,1.34,0.0,0.2,0.11,0.0,0.98,1.29
2024-05-12,05:00,5,12,5,6,1,22.5,69.5,3,Low,1.29,1.36,0.0,0.19,0.1,0.0,0.97,1.26
2024-05-12,06:00,6,12,5,6,1,21.7,71.6,5,Medium,1.26,1.37,0.0,0.21,0.12,0.0,3.16,3.49
2024-05-12,07:00,7,12,5,6,1,25.5,68.8,2,Medium,3.49,2.01,0.0,0.21,0.1,0.0,3.39,3.7
2024-05-12,08:00,8,12,5,6,1,25.4,60.0,3,Medium,3.7,2.82,0.0,0.2,0.1,0.0,3.42,3.72
2024-05-12,09:00,9,12,5,6,1,26.8,55.1,3,Medium,3.72,3.64,0.09,0.2,0.1,0.0,2.89,3.28
2024-05-12,10:00,10,12,5,6,1,28.9,61.7,4,Medium,3.28,3.57,0.5,0.21,0.11,0.0,3.15,3.97
2024-05-12,11:00,11,12,5,6,1,29.3,60.0,5,Low,3.97,3.66,0.43,0.21,0.12,0.0,2.75,3.51
2024-05-12,12:00,12,12,5,6,1,30.3,56.2,3,Low,3.51,3.59,0.61,0.21,0.1,0.0,2.15,3.07
2024-05-12,13:00,13,12,5,6,1,33.9,53.3,1,Medium,3.07,3.52,2.74,0.19,0.09,0.0,2.3,5.32
2024-05-12,14:00,14,12,5,6,1,32.7,55.7,3,Low,5.32,3.97,1.63,0.2,0.1,0.0,2.45,4.38
2024-05-12,15:00,15,12,5,6,1,32.5,56.2,3,Low,4.38,4.26,1.57,0.2,0.1,0.0,2.35,4.22
2024-05-12,16:00,16,12,5,6,1,30.4,58.6,2,High,4.22,4.64,1.72,0.19,0.1,0.0,3.82,5.83
2024-05-12,17:00,17,12,5,6,1,29.8,62.8,4,Medium,5.83,4.81,1.06,0.21,0.11,0.0,5.85,7.23
2024-05-12,18:00,18,12,5,6,1,28.5,57.3,5,High,7.23,5.76,0.83,0.19,0.42,0.0,7.65,9.09
2024-05-12,19:00,19,12,5,6,1,26.5,60.5,2,Medium,9.09,7.38,0.08,0.19,0.22,0.0,6.04,6.53
2024-05-12,20:00,20,12,5,6,1,25.9,62.2,5,Medium,6.53,7.62,0.0,0.21,0.42,0.0,5.64,6.27
2024-05-12,21:00,21,12,5,6,1,25.8,63.3,3,High,6.27,7.3,0.0,0.21,0.28,0.0,6.7,7.19
2024-05-12,22:00,22,12,5,6,1,23.9,66.4,3,Medium,7.19,6.66,0.0,0.21,0.28,0.0,3.51,4.0
2024-05-12,23:00,23,12,5,6,1,21.9,74.2,4,Medium,4.0,5.82,0.0,0.21,0.35,0.0,2.81,3.37
2024-05-13,00:00,0,13,5,0,0,19.8,74.6,3,Low,3.37,4.85,0.0,0.2,0.1,0.0,1.36,1.66
2024-05-13,01:00,1,13,5,0,0,19.3,74.3,3,Low,1.66,3.01,0.0,0.21,0.1,0.0,1.11,1.42
2024-05-13,02:00,2,13,5,0,0,21.6,75.9,2,Low,1.42,2.15,0.0,0.21,0.1,0.0,0.82,1.13
2024-05-13,03:00,3,13,5,0,0,20.1,68.7,2,Low,1.13,1.4,0.0,0.21,0.1,0.0,0.86,1.17
2024-05-13,04:00,4,13,5,0,0,21.5,74.5,3,Low,1.17,1.24,0.0,0.19,0.1,0.0,0.72,1.01
2024-05-13,05:00,5,13,5,0,0,21.4,75.6,1,Low,1.01,1.1,0.0,0.19,0.09,0.0,0.5,0.78
2024-05-13,06:00,6,13,5,0,0,21.2,71.5,2,Medium,0.78,0.99,0.0,0.19,0.1,0.0,2.82,3.11
2024-05-13,07:00,7,13,5,0,0,22.3,67.5,5,High,3.11,1.63,0.0,0.19,0.12,0.0,5.16,5.47
2024-05-13,08:00,8,13,5,0,0,25.0,65.4,4,High,5.47,3.12,0.0,0.21,0.11,0.0,5.45,5.77
2024-05-13,09:00,9,13,5,0,0,30.4,56.0,2,High,5.77,4.78,1.15,0.22,0.1,0.0,2.8,4.27
2024-05-13,10:00,10,13,5,0,0,29.1,64.6,1,Medium,4.27,5.17,0.54,0.22,0.09,0.0,2.06,2.91
2024-05-13,11:00,11,13,5,0,0,29.4,60.1,2,Medium,2.91,4.32,0.61,0.21,0.1,0.0,1.93,2.85
2024-05-13,12:00,12,13,5,0,0,30.2,58.2,4,Medium,2.85,3.34,0.8,0.22,0.11,0.0,2.25,3.38
2024-05-13,13:00,13,13,5,0,0,31.9,54.9,4,Medium,3.38,3.05,1.87,0.21,0.11,0.0,2.58,4.77
2024-05-13,14:00,14,13,5,0,0,32.2,52.6,1,Medium,4.77,3.67,2.0,0.2,0.09,0.0,2.31,4.6
2024-05-13,15:00,15,13,5,0,0,32.6,56.6,2,Low,4.6,4.25,1.6,0.22,0.1,0.0,2.15,4.07
2024-05-13,16:00,16,13,5,0,0,32.1,54.8,1,Low,4.07,4.48,1.44,0.19,0.09,0.0,1.53,3.25
2024-05-13,17:00,17,13,5,0,0,31.4,55.6,1,Low,3.25,3.97,1.23,0.22,0.09,0.0,3.17,4.71
2024-05-13,18:00,18,13,5,0,0,28.1,65.7,5,High,4.71,4.01,0.66,0.2,0.42,0.0,6.57,7.85
2024-05-13,19:00,19,13,5,0,0,26.5,65.5,3,High,7.85,5.27,0.1,0.21,0.28,0.85,6.07,7.51
2024-05-13,20:00,20,13,5,0,0,26.6,63.4,3,High,7.51,6.69,0.13,0.19,0.28,0.85,6.69,8.14
2024-05-13,21:00,21,13,5,0,0,25.9,56.4,3,High,8.14,7.83,0.0,0.2,0.28,0.0,7.56,8.04
2024-05-13,22:00,22,13,5,0,0,23.0,68.1,2,Medium,8.04,7.9,0.0,0.19,0.22,0.0,3.67,4.08
2024-05-13,23:00,23,13,5,0,0,21.0,76.1,3,Low,4.08,6.75,0.0,0.2,0.28,0.0,2.15,2.63
2024-05-14,00:00,0,14,5,1,0,21.0,67.0,3,Low,2.63,4.92,0.0,0.2,0.1,0.0,1.06,1.36
2024-05-14,01:00,1,14,5,1,0,18.1,65.4,3,Low,1.36,2.69,0.0,0.19,0.1,0.0,1.18,1.47
2024-05-14,02:00,2,14,5,1,0,20.1,80.4,2,Low,1.47,1.82,0.0,0.21,0.1,0.0,0.67,0.98
2024-05-14,03:00,3,14,5,1,0,23.5,70.4,1,Low,0.98,1.27,0.0,0.2,0.09,0.0,0.68,0.97
2024-05-14,04:00,4,14,5,1,0,20.9,66.3,4,Low,0.97,1.14,0.0,0.2,0.11,0.0,1.06,1.37
2024-05-14,05:00,5,14,5,1,0,24.2,62.6,2,Low,1.37,1.11,0.0,0.19,0.1,0.0,0.61,0.9
2024-05-14,06:00,6,14,5,1,0,23.3,64.3,3,Medium,0.9,1.08,0.0,0.22,0.1,0.0,3.12,3.44
2024-05-14,07:00,7,14,5,1,0,23.9,65.0,3,Medium,3.44,1.9,0.0,0.2,0.1,0.0,3.56,3.86
2024-05-14,08:00,8,14,5,1,0,26.8,67.7,3,Medium,3.86,2.73,0.09,0.21,0.1,0.0,4.0,4.4
2024-05-14,09:00,9,14,5,1,0,26.5,60.5,2,Medium,4.4,3.9,0.05,0.2,0.1,0.0,2.52,2.87
2024-05-14,10:00,10,14,5,1,0,29.9,66.3,1,Low,2.87,3.71,0.54,0.22,0.09,0.0,1.33,2.18
2024-05-14,11:00,11,14,5,1,0,29.8,55.4,1,Medium,2.18,3.15,0.7,0.21,0.09,0.0,1.74,2.74
2024-05-14,12:00,12,14,5,1,0,30.6,60.4,2,Low,2.74,2.6,0.67,0.2,0.1,0.0,1.73,2.7
2024-05-14,13:00,13,14,5,1,0,32.1,57.2,1,Low,2.7,2.54,1.44,0.21,0.09,0.0,1.42,3.16
2024-05-14,14:00,14,14,5,1,0,32.6,54.3,1,Medium,3.16,2.87,2.17,0.22,0.09,0.0,1.93,4.41
2024-05-14,15:00,15,14,5,1,0,33.3,57.2,2,Low,4.41,3.42,1.82,0.19,0.1,0.0,2.12,4.23
2024-05-14,16:00,16,14,5,1,0,31.0,53.4,1,High,4.23,3.93,2.03,0.21,0.09,0.0,2.56,4.89
2024-05-14,17:00,17,14,5,1,0,30.1,52.9,2,Low,4.89,4.51,0.86,0.21,0.1,0.0,3.88,5.05
2024-05-14,18:00,18,14,5,1,0,28.2,64.7,3,High,5.05,4.72,0.7,0.21,0.28,0.0,6.68,7.87
2024-05-14,19:00,19,14,5,1,0,27.4,65.6,3,Medium,7.87,5.94,0.29,0.22,0.28,0.0,5.94,6.73
2024-05-14,20:00,20,14,5,1,0,24.9,67.9,3,Medium,6.73,6.55,0.0,0.19,0.28,0.0,5.24,5.71
2024-05-14,21:00,21,14,5,1,0,24.8,74.9,1,Medium,5.71,6.77,0.0,0.19,0.15,0.0,4.85,5.19
2024-05-14,22:00,22,14,5,1,0,23.6,64.6,3,Medium,5.19,5.88,0.0,0.2,0.28,0.0,3.27,3.75
2024-05-14,23:00,23,14,5,1,0,21.0,68.5,3,Low,3.75,4.88,0.0,0.2,0.28,0.0,1.94,2.42
2024-05-15,00:00,0,15,5,2,0,21.8,74.6,2,Low,2.42,3.79,0.0,0.21,0.1,0.0,1.4,1.71
2024-05-15,01:00,1,15,5,2,0,19.2,72.9,3,Low,1.71,2.63,0.0,0.22,0.1,0.0,0.97,1.29
2024-05-15,02:00,2,15,5,2,0,19.6,72.9,5,Low,1.29,1.81,0.0,0.21,0.12,0.0,1.45,1.78
2024-05-15,03:00,3,15,5,2,0,20.9,73.0,2,Low,1.78,1.59,0.0,0.2,0.1,0.0,0.94,1.24
2024-05-15,04:00,4,15,5,2,0,21.4,67.9,2,Low,1.24,1.44,0.0,0.2,0.1,0.0,0.95,1.25
2024-05-15,05:00,5,15,5,2,0,21.0,70.1,3,Low,1.25,1.42,0.0,0.22,0.1,0.0,1.03,1.35
2024-05-15,06:00,6,15,5,2,0,24.0,67.8,5,Low,1.35,1.28,0.0,0.21,0.12,0.0,2.58,2.91
2024-05-15,07:00,7,15,5,2,0,24.8,70.9,2,Medium,2.91,1.84,0.0,0.2,0.1,0.0,2.96,3.26
2024-05-15,08:00,8,15,5,2,0,26.7,62.9,4,High,3.26,2.51,0.11,0.22,0.11,0.0,4.99,5.43
2024-05-15,09:00,9,15,5,2,0,26.9,63.3,1,Low,5.43,3.87,0.08,0.22,0.09,0.0,2.09,2.48
2024-05-15,10:00,10,15,5,2,0,30.4,58.0,1,Medium,2.48,3.72,0.85,0.21,0.09,0.0,1.58,2.73
2024-05-15,11:00,11,15,5,2,0,28.4,63.0,1,Medium,2.73,3.55,0.39,0.21,0.09,0.0,1.59,2.28
2024-05-15,12:00,12,15,5,2,0,32.3,53.6,1,Medium,2.28,2.5,1.36,0.2,0.09,0.0,1.74,3.39
2024-05-15,13:00,13,15,5,2,0,33.3,52.7,1,Medium,3.39,2.8,2.47,0.2,0.09,0.0,1.9,4.66
2024-05-15,14:00,14,15,5,2,0,33.2,56.1,1,Medium,4.66,3.44,2.43,0.22,0.09,0.0,2.09,4.83
2024-05-15,15:00,15,15,5,2,0,30.4,58.0,1,Medium,4.83,4.29,1.28,0.22,0.09,0.0,2.19,3.78
2024-05-15,16:00,16,15,5,2,0,32.3,54.5,1,Low,3.78,4.42,1.51,0.22,0.09,0.0,1.59,3.41
2024-05-15,17:00,17,15,5,2,0,29.5,62.8,1,Low,3.41,4.01,0.7,0.22,0.09,0.0,3.26,4.27
2024-05-15,18:00,18,15,5,2,0,31.1,52.3,5,High,4.27,3.82,2.09,0.21,0.42,0.0,6.88,9.6
2024-05-15,19:00,19,15,5,2,0,29.6,55.1,3,High,9.6,5.76,1.33,0.22,0.28,0.85,6.92,9.6
2024-05-15,20:00,20,15,5,2,0,25.9,67.7,3,High,9.6,7.82,0.0,0.2,0.28,0.85,6.97,8.3
2024-05-15,21:00,21,15,5,2,0,25.0,74.0,3,High,8.3,9.17,0.0,0.19,0.28,0.0,7.57,8.04
2024-05-15,22:00,22,15,5,2,0,22.0,61.2,1,High,8.04,8.65,0.0,0.2,0.15,0.0,4.15,4.5
2024-05-15,23:00,23,15,5,2,0,20.9,72.8,3,Low,4.5,6.95,0.0,0.2,0.28,0.0,2.31,2.79
2024-05-16,00:00,0,16,5,3,0,20.6,64.9,4,Low,2.79,5.11,0.0,0.2,0.11,0.0,1.66,1.97
2024-05-16,01:00,1,16,5,3,0,18.3,75.0,2,Low,1.97,3.09,0.0,0.19,0.1,0.0,1.17,1.46
2024-05-16,02:00,2,16,5,3,0,19.1,69.9,2,Low,1.46,2.07,0.0,0.22,0.1,0.0,0.65,0.97
2024-05-16,03:00,3,16,5,3,0,20.5,66.9,2,Low,0.97,1.47,0.0,0.22,0.1,0.0,0.72,1.04
2024-05-16,04:00,4,16,5,3,0,21.5,69.6,3,Low,1.04,1.16,0.0,0.2,0.1,0.0,1.29,1.59
2024-05-16,05:00,5,16,5,3,0,21.8,70.9,3,Low,1.59,1.2,0.0,0.2,0.1,0.0,0.57,0.87
2024-05-16,06:00,6,16,5,3,0,25.4,63.9,4,Medium,0.87,1.17,0.0,0.2,0.11,0.0,2.95,3.26
2024-05-16,07:00,7,16,5,3,0,23.7,71.2,4,High,3.26,1.91,0.0,0.21,0.11,0.0,4.76,5.08
2024-05-16,08:00,8,16,5,3,0,25.3,63.3,3,Low,5.08,3.07,0.0,0.19,0.1,0.0,3.38,3.67
2024-05-16,09:00,9,16,5,3,0,28.2,62.9,2,Medium,3.67,4.0,0.35,0.21,0.1,0.0,2.27,2.93
2024-05-16,10:00,10,16,5,3,0,30.4,60.7,1,Low,2.93,3.89,0.63,0.19,0.09,0.0,1.31,2.22
2024-05-16,11:00,11,16,5,3,0,28.5,65.6,1,Low,2.22,2.94,0.3,0.2,0.09,0.0,1.17,1.76
2024-05-16,12:00,12,16,5,3,0,28.2,58.8,3,Low,1.76,2.3,0.26,0.19,0.1,0.0,1.48,2.03
2024-05-16,13:00,13,16,5,3,0,30.2,54.5,2,Low,2.03,2.0,0.89,0.21,0.1,0.0,1.34,2.54
2024-05-16,14:00,14,16,5,3,0,32.1,57.1,1,Low,2.54,2.11,1.44,0.21,0.09,0.0,1.47,3.21
2024-05-16,15:00,15,16,5,3,0,33.1,56.6,1,Low,3.21,2.59,1.76,0.2,0.09,0.0,1.52,3.57
2024-05-16,16:00,16,16,5,3,0,32.3,60.4,1,Low,3.57,3.11,1.51,0.2,0.09,0.0,1.56,3.36
2024-05-16,17:00,17,16,5,3,0,30.5,55.9,2,High,3.36,3.38,1.77,0.21,0.1,0.0,5.82,7.9
2024-05-16,18:00,18,16,5,3,0,27.6,62.1,1,High,7.9,4.94,0.46,0.21,0.15,0.0,7.27,8.09
2024-05-16,19:00,19,16,5,3,0,27.0,67.7,3,Medium,8.09,6.45,0.19,0.2,0.28,0.0,6.2,6.87
2024-05-16,20:00,20,16,5,3,0,27.8,60.5,3,Medium,6.87,7.62,0.4,0.2,0.28,0.0,5.71,6.59
2024-05-16,21:00,21,16,5,3,0,23.4,64.3,4,High,6.59,7.18,0.0,0.22,0.35,0.0,7.54,8.11
2024-05-16,22:00,22,16,5,3,0,23.9,66.4,4,High,8.11,7.19,0.0,0.2,0.35,0.0,4.89,5.44
2024-05-16,23:00,23,16,5,3,0,23.5,69.9,1,Medium,5.44,6.71,0.0,0.2,0.15,0.0,2.81,3.16
2024-05-17,00:00,0,17,5,4,0,19.0,74.9,3,Low,3.16,5.57,0.0,0.21,0.1,0.0,1.33,1.64
2024-05-17,01:00,1,17,5,4,0,19.9,75.3,2,Low,1.64,3.41,0.0,0.19,0.1,0.0,0.72,1.01
2024-05-17,02:00,2,17,5,4,0,20.0,72.0,1,Low,1.01,1.94,0.0,0.21,0.09,0.0,0.68,0.98
2024-05-17,03:00,3,17,5,4,0,20.8,71.6,4,Low,0.98,1.21,0.0,0.22,0.11,0.0,0.9,1.23
2024-05-17,04:00,4,17,5,4,0,19.7,68.1,4,Low,1.23,1.07,0.0,0.2,0.11,0.0,1.65,1.96
2024-05-17,05:00,5,17,5,4,0,22.9,70.3,2,Low,1.96,1.39,0.0,0.21,0.1,0.0,0.91,1.22
2024-05-17,06:00,6,17,5,4,0,23.1,63.4,3,Medium,1.22,1.47,0.0,0.22,0.1,0.0,3.06,3.38
2024-05-17,07:00,7,17,5,4,0,22.4,71.4,1,Medium,3.38,2.19,0.0,0.2,0.09,0.0,3.19,3.48
2024-05-17,08:00,8,17,5,4,0,25.8,64.1,4,Low,3.48,2.69,0.0,0.19,0.11,0.0,3.13,3.43
2024-05-17,09:00,9,17,5,4,0,26.7,63.3,2,Medium,3.43,3.43,0.08,0.21,0.1,0.0,2.17,2.56
2024-05-17,10:00,10,17,5,4,0,28.7,56.5,1,Medium,2.56,3.16,0.45,0.19,0.09,0.0,1.62,2.35
2024-05-17,11:00,11,17,5,4,0,30.5,59.4,4,Low,2.35,2.78,0.65,0.2,0.11,0.0,1.81,2.77
2024-05-17,12:00,12,17,5,4,0,30.1,60.0,1,Low,2.77,2.56,0.57,0.22,0.09,0.0,1.81,2.69
2024-05-17,13:00,13,17,5,4,0,31.7,55.9,4,Medium,2.69,2.6,1.79,0.22,0.11,0.0,2.62,4.74
2024-05-17,14:00,14,17,5,4,0,32.1,54.9,1,Medium,4.74,3.4,1.95,0.21,0.09,0.0,2.29,4.54
2024-05-17,15:00,15,17,5,4,0,29.9,56.2,1,Medium,4.54,3.99,1.09,0.22,0.09,0.0,1.91,3.31
2024-05-17,16:00,16,17,5,4,0,31.8,57.0,1,High,3.31,4.2,2.47,0.2,0.09,0.0,2.31,5.07
2024-05-17,17:00,17,17,5,4,0,27.9,67.6,1,Medium,5.07,4.31,0.43,0.22,0.09,0.0,5.01,5.75
2024-05-17,18:00,18,17,5,4,0,30.9,54.0,2,Medium,5.75,4.71,1.47,0.19,0.22,0.0,4.97,6.85
2024-05-17,19:00,19,17,5,4,0,26.5,63.6,3,High,6.85,5.89,0.1,0.2,0.28,0.85,6.13,7.56
2024-05-17,20:00,20,17,5,4,0,26.0,72.3,2,High,7.56,6.72,0.0,0.22,0.22,0.85,6.38,7.67
2024-05-17,21:00,21,17,5,4,0,24.1,60.2,5,Medium,7.67,7.36,0.0,0.2,0.42,0.0,6.11,6.73
2024-05-17,22:00,22,17,5,4,0,23.4,67.7,3,High,6.73,7.32,0.0,0.22,0.28,0.0,4.28,4.78
2024-05-17,23:00,23,17,5,4,0,21.0,67.2,2,Low,4.78,6.39,0.0,0.19,0.22,0.0,2.31,2.72
2024-05-18,00:00,0,18,5,5,1,20.8,73.7,4,Low,2.72,4.74,0.0,0.22,0.11,0.0,1.51,1.84
2024-05-18,01:00,1,18,5,5,1,19.5,75.8,4,Low,1.84,3.11,0.0,0.2,0.11,0.0,1.31,1.62
2024-05-18,02:00,2,18,5,5,1,19.2,79.8,3,Low,1.62,2.06,0.0,0.19,0.1,0.0,1.26,1.55
2024-05-18,03:00,3,18,5,5,1,20.1,72.1,4,Low,1.55,1.67,0.0,0.22,0.11,0.0,0.89,1.22
2024-05-18,04:00,4,18,5,5,1,21.1,75.3,3,Low,1.22,1.46,0.0,0.22,0.1,0.0,1.13,1.45
2024-05-18,05:00,5,18,5,5,1,22.4,70.6,1,Low,1.45,1.41,0.0,0.19,0.09,0.0,1.18,1.46
2024-05-18,06:00,6,18,5,5,1,22.8,65.3,3,Medium,1.46,1.38,0.0,0.2,0.1,0.0,2.91,3.21
2024-05-18,07:00,7,18,5,5,1,27.4,61.4,3,Low,3.21,2.04,0.14,0.2,0.1,0.0,2.77,3.21
2024-05-18,08:00,8,18,5,5,1,24.9,68.8,4,Medium,3.21,2.63,0.0,0.2,0.11,0.0,3.39,3.7
2024-05-18,09:00,9,18,5,5,1,27.7,59.8,5,Medium,3.7,3.37,0.25,0.21,0.12,0.0,3.69,4.27
2024-05-18,10:00,10,18,5,5,1,30.2,62.0,4,Medium,4.27,3.73,0.8,0.21,0.11,0.0,3.86,4.98
2024-05-18,11:00,11,18,5,5,1,29.9,63.0,3,Low,4.98,4.32,0.54,0.2,0.1,0.0,2.79,3.63
2024-05-18,12:00,12,18,5,5,1,32.3,56.2,4,High,3.63,4.29,1.83,0.19,0.11,0.0,4.24,6.37
2024-05-18,13:00,13,18,5,5,1,32.8,57.5,2,Medium,6.37,4.99,2.25,0.19,0.1,0.0,3.58,6.12
2024-05-18,14:00,14,18,5,5,1,31.5,66.2,3,Medium,6.12,5.37,1.71,0.2,0.1,0.0,3.69,5.7
2024-05-18,15:00,15,18,5,5,1,29.5,63.2,5,High,5.7,6.06,1.28,0.22,0.12,0.0,4.89,6.51
2024-05-18,16:00,16,18,5,5,1,31.0,60.8,3,Low,6.51,6.11,1.12,0.21,0.1,0.0,3.15,4.58
2024-05-18,17:00,17,18,5,5,1,31.0,60.3,3,High,4.58,5.6,2.03,0.21,0.1,0.0,6.69,9.03
2024-05-18,18:00,18,18,5,5,1,30.2,59.9,1,Medium,9.03,6.71,1.2,0.21,0.15,0.0,5.83,7.39
2024-05-18,19:00,19,18,5,5,1,26.9,65.8,4,Medium,7.39,7.0,0.16,0.21,0.35,0.0,5.88,6.6
2024-05-18,20:00,20,18,5,5,1,28.1,58.0,3,Medium,6.6,7.67,0.49,0.2,0.28,0.0,5.63,6.6
2024-05-18,21:00,21,18,5,5,1,25.4,59.7,1,Medium,6.6,6.86,0.0,0.22,0.15,0.0,5.06,5.43
2024-05-18,22:00,22,18,5,5,1,25.1,63.9,4,High,5.43,6.21,0.0,0.21,0.35,0.0,3.74,4.3
2024-05-18,23:00,23,18,5,5,1,21.3,74.2,3,Medium,4.3,5.44,0.0,0.22,0.28,0.0,3.03,3.53
2024-05-19,00:00,0,19,5,6,1,20.0,68.6,4,Low,3.53,4.42,0.0,0.21,0.11,0.0,1.71,2.03
2024-05-19,01:00,1,19,5,6,1,20.2,70.7,3,Low,2.03,3.29,0.0,0.2,0.1,0.0,1.46,1.76
2024-05-19,02:00,2,19,5,6,1,19.7,71.4,3,Low,1.76,2.44,0.0,0.2,0.1,0.0,1.33,1.63
2024-05-19,03:00,3,19,5,6,1,21.9,66.2,2,Low,1.63,1.81,0.0,0.21,0.1,0.0,0.96,1.27
2024-05-19,04:00,4,19,5,6,1,20.7,62.1,5,Low,1.27,1.55,0.0,0.21,0.12,0.0,1.47,1.8
2024-05-19,05:00,5,19,5,6,1,21.0,69.7,4,Low,1.8,1.57,0.0,0.2,0.11,0.0,1.37,1.68
2024-05-19,06:00,6,19,5,6,1,22.2,71.6,2,Medium,1.68,1.58,0.0,0.21,0.1,0.0,3.29,3.6
2024-05-19,07:00,7,19,5,6,1,24.5,64.4,4,High,3.6,2.36,0.0,0.2,0.11,0.0,4.71,5.02
2024-05-19,08:00,8,19,5,6,1,25.7,62.8,3,Medium,5.02,3.43,0.0,0.22,0.1,0.0,4.03,4.35
2024-05-19,09:00,9,19,5,6,1,26.7,67.7,3,High,4.35,4.32,0.11,0.21,0.1,0.0,3.89,4.31
2024-05-19,10:00,10,19,5,6,1,29.1,57.9,3,Low,4.31,4.56,0.4,0.19,0.1,0.0,2.9,3.59
2024-05-19,11:00,11,19,5,6,1,31.0,52.9,2,Medium,3.59,4.08,1.01,0.2,0.1,0.0,2.88,4.19
2024-05-19,12:00,12,19,5,6,1,32.8,50.4,3,High,4.19,4.03,2.02,0.21,0.1,0.0,3.89,6.22
2024-05-19,13:00,13,19,5,6,1,32.8,47.9,3,Low,6.22,4.67,1.66,0.2,0.1,0.0,3.18,5.14
2024-05-19,14:00,14,19,5,6,1,33.2,58.1,3,Medium,5.14,5.18,2.43,0.21,0.1,0.0,3.56,6.3
2024-05-19,15:00,15,19,5,6,1,30.9,55.3,4,Low,6.3,5.89,1.09,0.21,0.11,0.0,3.08,4.49
2024-05-19,16:00,16,19,5,6,1,29.4,69.1,5,Low,4.49,5.31,0.68,0.22,0.12,0.0,2.98,4.0
2024-05-19,17:00,17,19,5,6,1,28.9,67.3,4,Low,4.0,4.93,0.55,0.22,0.11,0.0,3.99,4.87
2024-05-19,18:00,18,19,5,6,1,27.5,63.3,2,Medium,4.87,4.45,0.32,0.2,0.22,0.0,4.79,5.53
2024-05-19,19:00,19,19,5,6,1,27.6,57.3,4,High,5.53,4.8,0.46,0.19,0.35,0.85,5.68,7.53
2024-05-19,20:00,20,19,5,6,1,25.9,61.3,1,High,7.53,5.98,0.0,0.2,0.15,0.85,5.96,7.16
2024-05-19,21:00,21,19,5,6,1,25.3,67.5,4,High,7.16,6.74,0.0,0.21,0.35,0.0,7.56,8.12
2024-05-19,22:00,22,19,5,6,1,24.3,64.3,3,Medium,8.12,7.6,0.0,0.2,0.28,0.0,3.72,4.2
2024-05-19,23:00,23,19,5,6,1,20.9,72.8,4,Medium,4.2,6.49,0.0,0.19,0.35,0.0,3.07,3.61
2024-05-20,00:00,0,20,5,0,0,21.0,66.1,2,Low,3.61,5.31,0.0,0.2,0.1,0.0,1.79,2.09
2024-05-20,01:00,1,20,5,0,0,19.7,73.9,4,Low,2.09,3.3,0.0,0.2,0.11,0.0,1.51,1.82
2024-05-20,02:00,2,20,5,0,0,21.1,71.2,3,Low,1.82,2.51,0.0,0.19,0.1,0.0,1.47,1.76
2024-05-20,03:00,3,20,5,0,0,18.3,74.6,2,Low,1.76,1.89,0.0,0.22,0.1,0.0,1.08,1.4
2024-05-20,04:00,4,20,5,0,0,19.0,69.6,3,Low,1.4,1.66,0.0,0.21,0.1,0.0,0.99,1.3
2024-05-20,05:00,5,20,5,0,0,24.4,64.3,2,Low,1.3,1.49,0.0,0.22,0.1,0.0,0.9,1.22
2024-05-20,06:00,6,20,5,0,0,21.4,63.3,3,Medium,1.22,1.31,0.0,0.21,0.1,0.0,2.98,3.29
2024-05-20,07:00,7,20,5,0,0,25.6,64.9,4,Medium,3.29,1.94,0.0,0.22,0.11,0.0,3.62,3.95
2024-05-20,08:00,8,20,5,0,0,28.2,57.6,1,Medium,3.95,2.82,0.35,0.2,0.09,0.0,3.51,4.15
2024-05-20,09:00,9,20,5,0,0,25.6,67.2,1,High,4.15,3.8,0.0,0.22,0.09,0.0,2.51,2.82
2024-05-20,10:00,10,20,5,0,0,30.5,52.3,1,Low,2.82,3.64,0.65,0.2,0.09,0.0,1.68,2.62
2024-05-20,11:00,11,20,5,0,0,29.8,56.4,1,Medium,2.62,3.2,0.7,0.2,0.09,0.0,1.56,2.55
2024-05-20,12:00,12,20,5,0,0,29.5,54.0,4,Low,2.55,2.66,0.47,0.21,0.11,0.0,1.63,2.42
2024-05-20,13:00,13,20,5,0,0,33.8,56.2,2,Low,2.42,2.53,1.99,0.2,0.1,0.0,1.36,3.65
2024-05-20,14:00,14,20,5,0,0,32.8,57.6,1,Medium,3.65,2.87,2.25,0.21,0.09,0.0,1.87,4.42
2024-05-20,15:00,15,20,5,0,0,32.3,54.5,1,Medium,4.42,3.5,2.04,0.22,0.09,0.0,2.27,4.62
2024-05-20,16:00,16,20,5,0,0,30.9,57.3,1,Medium,4.62,4.23,1.47,0.2,0.09,0.0,2.2,3.96
2024-05-20,17:00,17,20,5,0,0,31.1,64.9,1,Low,3.96,4.33,1.14,0.2,0.09,0.0,3.5,4.93
2024-05-20,18:00,18,20,5,0,0,29.1,56.9,3,Medium,4.93,4.5,0.81,0.2,0.28,0.0,5.33,6.62
2024-05-20,19:00,19,20,5,0,0,29.2,53.0,4,Low,6.62,5.17,0.62,0.21,0.35,0.0,4.6,5.78
2024-05-20,20:00,20,20,5,0,0,23.7,63.4,3,High,5.78,5.78,0.0,0.21,0.28,0.85,5.66,7.0
2024-05-20,21:00,21,20,5,0,0,26.2,57.1,2,Medium,7.0,6.47,0.02,0.19,0.22,0.0,5.52,5.95
2024-05-20,22:00,22,20,5,0,0,23.4,66.1,2,High,5.95,6.24,0.0,0.19,0.22,0.0,3.57,3.98
2024-05-20,23:00,23,20,5,0,0,23.5,73.8,3,Medium,3.98,5.64,0.0,0.21,0.28,0.0,2.93,3.42
2024-05-21,00:00,0,21,5,1,0,22.5,72.1,3,Low,3.42,4.45,0.0,0.2,0.1,0.0,1.47,1.77
2024-05-21,01:00,1,21,5,1,0,19.6,72.0,3,Low,1.77,3.06,0.0,0.19,0.1,0.0,1.17,1.46
2024-05-21,02:00,2,21,5,1,0,20.2,69.8,3,Low,1.46,2.22,0.0,0.21,0.1,0.0,1.16,1.47
2024-05-21,03:00,3,21,5,1,0,21.9,67.8,2,Low,1.47,1.57,0.0,0.21,0.1,0.0,0.79,1.1
2024-05-21,04:00,4,21,5,1,0,20.3,63.7,3,Low,1.1,1.34,0.0,0.2,0.1,0.0,1.26,1.56
2024-05-21,05:00,5,21,5,1,0,23.1,66.0,1,Low,1.56,1.38,0.0,0.22,0.09,0.0,0.66,0.97
2024-05-21,06:00,6,21,5,1,0,23.4,63.8,3,High,0.97,1.21,0.0,0.2,0.1,0.0,3.84,4.14
2024-05-21,07:00,7,21,5,1,0,24.1,66.3,4,Medium,4.14,2.22,0.0,0.2,0.11,0.0,3.94,4.25
2024-05-21,08:00,8,21,5,1,0,26.3,62.5,2,Low,4.25,3.12,0.02,0.2,0.1,0.0,3.07,3.39
2024-05-21,09:00,9,21,5,1,0,29.4,63.3,3,Medium,3.39,3.93,0.61,0.21,0.1,0.0,2.44,3.36
2024-05-21,10:00,10,21,5,1,0,28.0,57.0,1,Low,3.36,3.67,0.23,0.19,0.09,0.0,1.37,1.88
2024-05-21,11:00,11,21,5,1,0,30.2,65.6,2,Medium,1.88,2.88,0.8,0.2,0.1,0.0,1.68,2.78
2024-05-21,12:00,12,21,5,1,0,30.7,56.8,2,Medium,2.78,2.67,0.93,0.21,0.1,0.0,1.78,3.02
2024-05-21,13:00,13,21,5,1,0,32.5,47.7,1,High,3.02,2.56,2.86,0.22,0.09,0.0,1.98,5.15
2024-05-21,14:00,14,21,5,1,0,31.7,55.5,1,Medium,5.15,3.65,1.79,0.2,0.09,0.0,2.38,4.46
2024-05-21,15:00,15,21,5,1,0,31.5,63.1,1,High,4.46,4.21,2.3,0.22,0.09,0.0,2.57,5.18
2024-05-21,16:00,16,21,5,1,0,31.2,58.4,1,Low,5.18,4.93,1.17,0.2,0.09,0.0,1.84,3.3
2024-05-21,17:00,17,21,5,1,0,30.9,55.0,1,Low,3.3,4.31,1.09,0.2,0.09,0.0,2.86,4.24
2024-05-21,18:00,18,21,5,1,0,29.7,61.5,2,Low,4.24,4.24,0.75,0.2,0.22,0.0,3.7,4.87
2024-05-21,19:00,19,21,5,1,0,28.0,59.5,2,Medium,4.87,4.14,0.46,0.2,0.22,0.0,4.8,5.68
2024-05-21,20:00,20,21,5,1,0,25.8,62.0,4,High,5.68,4.93,0.0,0.2,0.35,0.85,5.87,7.27
2024-05-21,21:00,21,21,5,1,0,24.5,67.0,3,High,7.27,5.94,0.0,0.19,0.28,0.0,7.56,8.03
2024-05-21,22:00,22,21,5,1,0,23.2,72.8,3,High,8.03,6.99,0.0,0.2,0.28,0.0,4.56,5.04
2024-05-21,23:00,23,21,5,1,0,20.4,67.7,2,Low,5.04,6.78,0.0,0.22,0.22,0.0,2.3,2.74
2024-05-22,00:00,0,22,5,2,0,20.3,65.2,2,Low,2.74,5.27,0.0,0.2,0.1,0.0,1.02,1.32
2024-05-22,01:00,1,22,5,2,0,20.5,70.3,3,Low,1.32,3.03,0.0,0.21,0.1,0.0,1.27,1.58
2024-05-22,02:00,2,22,5,2,0,19.0,67.9,3,Low,1.58,1.88,0.0,0.19,0.1,0.0,1.28,1.57
2024-05-22,03:00,3,22,5,2,0,20.6,75.0,3,Low,1.57,1.49,0.0,0.21,0.1,0.0,0.78,1.09
2024-05-22,04:00,4,22,5,2,0,21.0,73.6,5,Low,1.09,1.41,0.0,0.2,0.12,0.0,1.32,1.64
2024-05-22,05:00,5,22,5,2,0,22.7,69.8,3,Low,1.64,1.43,0.0,0.2,0.1,0.0,1.01,1.31
2024-05-22,06:00,6,22,5,2,0,22.4,72.2,1,High,1.31,1.35,0.0,0.22,0.09,0.0,3.24,3.55
2024-05-22,07:00,7,22,5,2,0,23.7,68.9,4,Low,3.55,2.17,0.0,0.2,0.11,0.0,2.72,3.03
2024-05-22,08:00,8,22,5,2,0,24.6,71.4,3,Medium,3.03,2.63,0.0,0.2,0.1,0.0,3.35,3.65
2024-05-22,09:00,9,22,5,2,0,28.0,59.4,3,Medium,3.65,3.41,0.31,0.21,0.1,0.0,2.46,3.08
2024-05-22,10:00,10,22,5,2,0,27.5,56.8,2,Low,3.08,3.25,0.16,0.2,0.1,0.0,1.71,2.17
2024-05-22,11:00,11,22,5,2,0,30.9,65.6,1,Medium,2.17,2.97,0.98,0.19,0.09,0.0,1.65,2.91
2024-05-22,12:00,12,22,5,2,0,32.3,57.1,2,High,2.91,2.72,1.83,0.2,0.1,0.0,2.65,4.78
2024-05-22,13:00,13,22,5,2,0,31.2,54.5,2,Medium,4.78,3.29,1.59,0.2,0.1,0.0,2.52,4.41
2024-05-22,14:00,14,22,5,2,0,32.8,64.2,1,Medium,4.41,4.03,2.25,0.21,0.09,0.0,2.1,4.65
2024-05-22,15:00,15,22,5,2,0,29.7,56.7,2,Medium,4.65,4.61,1.02,0.2,0.1,0.0,2.39,3.71
2024-05-22,16:00,16,22,5,2,0,31.3,62.3,3,Low,3.71,4.26,1.2,0.19,0.1,0.0,2.04,3.53
2024-05-22,17:00,17,22,5,2,0,31.9,56.3,1,Medium,3.53,3.96,1.87,0.2,0.09,0.0,4.22,6.38
2024-05-22,18:00,18,22,5,2,0,26.2,66.6,5,High,6.38,4.54,0.03,0.19,0.42,0.0,7.37,8.01
2024-05-22,19:00,19,22,5,2,0,26.9,64.7,3,High,8.01,5.97,0.22,0.2,0.28,0.85,6.44,7.99
2024-05-22,20:00,20,22,5,2,0,25.0,67.4,4,Medium,7.99,7.46,0.0,0.21,0.35,0.0,6.29,6.85
2024-05-22,21:00,21,22,5,2,0,26.3,61.3,3,High,6.85,7.62,0.05,0.2,0.28,0.0,7.14,7.67
2024-05-22,22:00,22,22,5,2,0,22.7,63.7,5,Medium,7.67,7.5,0.0,0.22,0.42,0.0,3.95,4.59
2024-05-22,23:00,23,22,5,2,0,22.7,63.2,4,Low,4.59,6.37,0.0,0.19,0.35,0.0,2.22,2.76
2024-05-23,00:00,0,23,5,3,0,21.4,71.7,3,Low,2.76,5.01,0.0,0.2,0.1,0.0,1.19,1.49
2024-05-23,01:00,1,23,5,3,0,20.7,71.0,3,Low,1.49,2.95,0.0,0.21,0.1,0.0,1.22,1.53
2024-05-23,02:00,2,23,5,3,0,21.0,69.1,2,Low,1.53,1.93,0.0,0.2,0.1,0.0,0.77,1.07
2024-05-23,03:00,3,23,5,3,0,20.5,75.9,5,Low,1.07,1.36,0.0,0.2,0.12,0.0,0.85,1.17
2024-05-23,04:00,4,23,5,3,0,21.2,65.6,4,Low,1.17,1.26,0.0,0.21,0.11,0.0,1.24,1.56
2024-05-23,05:00,5,23,5,3,0,20.1,69.5,3,Low,1.56,1.27,0.0,0.22,0.1,0.0,0.85,1.17
2024-05-23,06:00,6,23,5,3,0,23.6,68.0,4,High,1.17,1.3,0.0,0.21,0.11,0.0,4.56,4.88
2024-05-23,07:00,7,23,5,3,0,24.1,64.1,2,Medium,4.88,2.54,0.0,0.21,0.1,0.0,3.48,3.79
2024-05-23,08:00,8,23,5,3,0,26.5,65.8,4,High,3.79,3.28,0.07,0.22,0.11,0.0,4.83,5.23
2024-05-23,09:00,9,23,5,3,0,27.4,62.4,1,High,5.23,4.63,0.26,0.21,0.09,0.0,2.78,3.34
2024-05-23,10:00,10,23,5,3,0,27.8,57.4,1,High,3.34,4.12,0.36,0.2,0.09,0.85,1.44,2.94
2024-05-23,11:00,11,23,5,3,0,31.9,52.6,4,Low,2.94,3.84,0.92,0.2,0.11,0.0,1.75,2.98
2024-05-23,12:00,12,23,5,3,0,32.6,54.7,1,Low,2.98,3.09,1.07,0.21,0.09,0.0,1.62,2.99
2024-05-23,13:00,13,23,5,3,0,32.8,46.4,1,Medium,2.99,2.97,2.25,0.21,0.09,0.0,1.75,4.3
2024-05-23,14:00,14,23,5,3,0,33.4,53.7,1,Medium,4.3,3.42,2.51,0.22,0.09,0.0,2.12,4.94
2024-05-23,15:00,15,23,5,3,0,29.9,54.2,2,Medium,4.94,4.08,1.09,0.19,0.1,0.0,2.5,3.88
2024-05-23,16:00,16,23,5,3,0,30.8,51.4,1,High,3.88,4.37,1.93,0.19,0.09,0.0,2.51,4.72
2024-05-23,17:00,17,23,5,3,0,31.5,62.4,1,Low,4.72,4.51,1.26,0.2,0.09,0.0,3.76,5.31
2024-05-23,18:00,18,23,5,3,0,28.1,59.6,2,High,5.31,4.64,0.66,0.21,0.22,0.0,6.58,7.67
2024-05-23,19:00,19,23,5,3,0,30.2,59.3,1,Medium,7.67,5.9,1.2,0.2,0.15,0.0,5.2,6.75
2024-05-23,20:00,20,23,5,3,0,25.0,62.1,1,Medium,6.75,6.58,0.0,0.21,0.15,0.0,5.16,5.52
2024-05-23,21:00,21,23,5,3,0,21.9,70.5,4,High,5.52,6.65,0.0,0.2,0.35,0.0,7.03,7.58
2024-05-23,22:00,22,23,5,3,0,24.1,67.1,3,High,7.58,6.62,0.0,0.2,0.28,0.0,4.56,5.04
2024-05-23,23:00,23,23,5,3,0,21.7,70.6,3,Low,5.04,6.05,0.0,0.22,0.28,0.0,2.48,2.98
2024-05-24,00:00,0,24,5,4,0,20.1,72.1,1,Low,2.98,5.2,0.0,0.2,0.09,0.0,1.09,1.38
2024-05-24,01:00,1,24,5,4,0,20.4,71.1,5,Low,1.38,3.13,0.0,0.21,0.12,0.0,1.59,1.92
2024-05-24,02:00,2,24,5,4,0,20.8,70.1,3,Low,1.92,2.09,0.0,0.2,0.1,0.0,1.32,1.62
2024-05-24,03:00,3,24,5,4,0,19.7,73.9,2,Low,1.62,1.64,0.0,0.2,0.1,0.0,0.55,0.85
2024-05-24,04:00,4,24,5,4,0,22.7,70.8,4,Low,0.85,1.46,0.0,0.19,0.11,0.0,1.34,1.64
2024-05-24,05:00,5,24,5,4,0,21.1,63.9,2,Low,1.64,1.37,0.0,0.2,0.1,0.0,0.89,1.19
2024-05-24,06:00,6,24,5,4,0,20.5,75.9,2,Low,1.19,1.23,0.0,0.21,0.1,0.0,2.05,2.36
2024-05-24,07:00,7,24,5,4,0,23.8,62.0,4,Medium,2.36,1.73,0.0,0.21,0.11,0.0,3.17,3.49
2024-05-24,08:00,8,24,5,4,0,27.4,68.9,4,Low,3.49,2.35,0.14,0.22,0.11,0.0,3.04,3.51
2024-05-24,09:00,9,24,5,4,0,26.6,61.0,1,Low,3.51,3.12,0.05,0.21,0.09,0.0,1.51,1.86
2024-05-24,10:00,10,24,5,4,0,28.9,61.7,1,Low,1.86,2.95,0.37,0.19,0.09,0.0,1.27,1.92
2024-05-24,11:00,11,24,5,4,0,29.4,59.7,1,Low,1.92,2.43,0.45,0.2,0.09,0.0,1.2,1.94
2024-05-24,12:00,12,24,5,4,0,29.8,55.8,3,Low,1.94,1.91,0.52,0.2,0.1,0.0,1.37,2.19
2024-05-24,13:00,13,24,5,4,0,31.5,59.6,1,Medium,2.19,2.02,1.71,0.2,0.09,0.0,1.43,3.43
2024-05-24,14:00,14,24,5,4,0,33.9,56.0,2,Medium,3.43,2.52,2.74,0.2,0.1,0.0,2.11,5.15
2024-05-24,15:00,15,24,5,4,0,31.8,50.7,2,Medium,5.15,3.59,1.83,0.21,0.1,0.0,2.61,4.75
2024-05-24,16:00,16,24,5,4,0,31.6,59.1,1,High,4.75,4.44,2.36,0.2,0.09,0.0,2.83,5.48
2024-05-24,17:00,17,24,5,4,0,30.5,58.7,2,Medium,5.48,5.13,1.32,0.2,0.1,0.0,4.92,6.54
2024-05-24,18:00,18,24,5,4,0,30.4,60.1,2,High,6.54,5.59,1.72,0.19,0.22,0.0,6.47,8.6
2024-05-24,19:00,19,24,5,4,0,26.9,60.3,3,Medium,8.6,6.87,0.16,0.21,0.28,0.0,6.21,6.86
2024-05-24,20:00,20,24,5,4,0,25.4,70.0,3,High,6.86,7.33,0.0,0.19,0.28,0.85,6.46,7.78
2024-05-24,21:00,21,24,5,4,0,26.1,64.7,4,High,7.78,7.75,0.01,0.22,0.35,0.0,7.78,8.36
2024-05-24,22:00,22,24,5,4,0,23.9,60.3,1,High,8.36,7.67,0.0,0.21,0.15,0.0,4.44,4.8
2024-05-24,23:00,23,24,5,4,0,21.3,69.8,5,Medium,4.8,6.98,0.0,0.2,0.42,0.0,3.24,3.86
2024-05-25,00:00,0,25,5,5,1,18.3,78.1,4,Low,3.86,5.67,0.0,0.21,0.11,0.0,2.02,2.34
2024-05-25,01:00,1,25,5,5,1,18.7,68.7,3,Low,2.34,3.67,0.0,0.21,0.1,0.0,1.09,1.4
2024-05-25,02:00,2,25,5,5,1,19.0,70.9,3,Low,1.4,2.53,0.0,0.22,0.1,0.0,0.89,1.21
2024-05-25,03:00,3,25,5,5,1,20.9,67.6,3,Low,1.21,1.65,0.0,0.22,0.1,0.0,0.54,0.86
2024-05-25,04:00,4,25,5,5,1,21.8,61.6,3,Low,0.86,1.16,0.0,0.21,0.1,0.0,0.76,1.07
2024-05-25,05:00,5,25,5,5,1,22.9,69.7,4,Low,1.07,1.05,0.0,0.19,0.11,0.0,1.43,1.73
2024-05-25,06:00,6,25,5,5,1,22.6,76.0,3,High,1.73,1.22,0.0,0.19,0.1,0.0,4.05,4.34
2024-05-25,07:00,7,25,5,5,1,24.0,69.7,2,Medium,4.34,2.38,0.0,0.2,0.1,0.0,3.33,3.63
2024-05-25,08:00,8,25,5,5,1,24.0,69.3,4,High,3.63,3.23,0.0,0.2,0.11,0.0,4.55,4.86
2024-05-25,09:00,9,25,5,5,1,26.9,61.8,3,Medium,4.86,4.28,0.11,0.2,0.1,0.0,3.56,3.97
2024-05-25,10:00,10,25,5,5,1,26.0,66.1,3,Low,3.97,4.15,0.0,0.2,0.1,0.0,2.57,2.87
2024-05-25,11:00,11,25,5,5,1,30.6,62.5,3,High,2.87,3.9,1.22,0.2,0.1,0.85,2.94,5.31
2024-05-25,12:00,12,25,5,5,1,30.3,56.4,2,High,5.31,4.05,1.11,0.21,0.1,0.0,4.08,5.5
2024-05-25,13:00,13,25,5,5,1,31.1,64.0,5,Low,5.5,4.56,1.14,0.19,0.12,0.0,2.96,4.41
2024-05-25,14:00,14,25,5,5,1,30.3,53.9,3,Medium,4.41,5.07,1.24,0.21,0.1,0.0,2.97,4.52
2024-05-25,15:00,15,25,5,5,1,30.6,56.5,3,Medium,4.52,4.81,1.35,0.2,0.1,0.0,3.39,5.04
2024-05-25,16:00,16,25,5,5,1,29.6,58.6,2,Medium,5.04,4.66,0.98,0.2,0.1,0.0,3.26,4.54
2024-05-25,17:00,17,25,5,5,1,32.2,53.7,3,Low,4.54,4.7,1.48,0.19,0.1,0.0,3.91,5.68
2024-05-25,18:00,18,25,5,5,1,30.9,55.9,4,Medium,5.68,5.09,1.47,0.21,0.35,0.0,5.84,7.87
2024-05-25,19:00,19,25,5,5,1,27.8,51.2,3,Medium,7.87,6.03,0.4,0.22,0.28,0.0,5.6,6.5
2024-05-25,20:00,20,25,5,5,1,27.7,65.1,4,High,6.5,6.68,0.5,0.19,0.35,0.85,6.38,8.27
2024-05-25,21:00,21,25,5,5,1,24.0,66.4,3,High,8.27,7.55,0.0,0.2,0.28,0.0,7.44,7.92
2024-05-25,22:00,22,25,5,5,1,23.8,60.8,4,High,7.92,7.56,0.0,0.19,0.35,0.0,4.35,4.89
2024-05-25,23:00,23,25,5,5,1,21.3,70.5,4,Medium,4.89,7.03,0.0,0.21,0.35,0.0,3.34,3.9
2024-05-26,00:00,0,26,5,6,1,22.3,64.3,5,Low,3.9,5.57,0.0,0.19,0.12,0.0,1.77,2.08
2024-05-26,01:00,1,26,5,6,1,20.8,69.7,2,Low,2.08,3.62,0.0,0.19,0.1,0.0,1.18,1.47
2024-05-26,02:00,2,26,5,6,1,20.9,75.6,2,Low,1.47,2.48,0.0,0.2,0.1,0.0,0.95,1.25
2024-05-26,03:00,3,26,5,6,1,18.9,67.2,3,Low,1.25,1.6,0.0,0.22,0.1,0.0,0.83,1.15
2024-05-26,04:00,4,26,5,6,1,19.9,64.6,5,Low,1.15,1.29,0.0,0.21,0.12,0.0,1.41,1.74
2024-05-26,05:00,5,26,5,6,1,21.4,71.9,5,Low,1.74,1.38,0.0,0.21,0.12,0.0,1.19,1.52
2024-05-26,06:00,6,26,5,6,1,22.7,66.2,4,Low,1.52,1.47,0.0,0.21,0.11,0.0,2.24,2.56
2024-05-26,07:00,7,26,5,6,1,21.7,59.6,2,Medium,2.56,1.94,0.0,0.21,0.1,0.0,3.18,3.49
2024-05-26,08:00,8,26,5,6,1,24.9,63.9,4,High,3.49,2.52,0.0,0.21,0.11,0.0,4.74,5.06
2024-05-26,09:00,9,26,5,6,1,29.4,53.8,3,Medium,5.06,3.7,0.61,0.21,0.1,0.0,3.43,4.35
2024-05-26,10:00,10,26,5,6,1,30.1,54.0,2,Medium,4.35,4.3,0.78,0.19,0.1,0.0,3.24,4.31
2024-05-26,11:00,11,26,5,6,1,32.2,57.2,5,High,4.31,4.57,1.79,0.2,0.12,0.85,3.62,6.58
2024-05-26,12:00,12,26,5,6,1,31.1,55.3,4,Medium,6.58,5.08,1.03,0.22,0.11,0.0,3.95,5.31
2024-05-26,13:00,13,26,5,6,1,30.8,55.1,4,Medium,5.31,5.4,1.43,0.2,0.11,0.0,3.5,5.24
2024-05-26,14:00,14,26,5,6,1,28.4,66.2,5,Medium,5.24,5.71,0.58,0.2,0.12,0.0,3.94,4.84
2024-05-26,15:00,15,26,5,6,1,31.3,53.2,5,Medium,4.84,5.13,1.63,0.21,0.12,0.0,4.02,5.98
2024-05-26,16:00,16,26,5,6,1,30.8,52.8,4,High,5.98,5.35,1.93,0.2,0.11,0.0,4.89,7.13
2024-05-26,17:00,17,26,5,6,1,31.0,65.4,1,High,7.13,5.98,2.03,0.2,0.09,0.0,6.79,9.11
2024-05-26,18:00,18,26,5,6,1,28.7,63.0,4,High,9.11,7.41,0.91,0.19,0.35,0.0,7.82,9.27
2024-05-26,19:00,19,26,5,6,1,26.7,61.3,4,High,9.27,8.5,0.16,0.19,0.35,0.85,7.23,8.78
2024-05-26,20:00,20,26,5,6,1,25.9,64.5,4,High,8.78,9.05,0.0,0.2,0.35,0.85,6.94,8.34
2024-05-26,21:00,21,26,5,6,1,22.6,67.0,5,High,8.34,8.8,0.0,0.21,0.42,0.0,8.04,8.67
2024-05-26,22:00,22,26,5,6,1,21.7,70.0,3,High,8.67,8.6,0.0,0.21,0.28,0.0,4.77,5.26
2024-05-26,23:00,23,26,5,6,1,21.1,69.7,4,Low,5.26,7.42,0.0,0.21,0.35,0.0,2.46,3.02
2024-05-27,00:00,0,27,5,0,0,20.2,73.0,4,Low,3.02,5.65,0.0,0.22,0.11,0.0,1.33,1.66
2024-05-27,01:00,1,27,5,0,0,19.7,72.8,3,Low,1.66,3.31,0.0,0.22,0.1,0.0,0.91,1.23
2024-05-27,02:00,2,27,5,0,0,20.3,61.7,3,Low,1.23,1.97,0.0,0.21,0.1,0.0,0.93,1.24
2024-05-27,03:00,3,27,5,0,0,19.6,69.3,4,Low,1.24,1.38,0.0,0.2,0.11,0.0,1.29,1.6
2024-05-27,04:00,4,27,5,0,0,21.1,69.0,3,Low,1.6,1.36,0.0,0.22,0.1,0.0,1.25,1.57
2024-05-27,05:00,5,27,5,0,0,22.8,68.9,3,Low,1.57,1.47,0.0,0.2,0.1,0.0,0.88,1.18
2024-05-27,06:00,6,27,5,0,0,23.4,70.1,3,Low,1.18,1.45,0.0,0.19,0.1,0.0,2.21,2.5
2024-05-27,07:00,7,27,5,0,0,24.3,63.7,1,Medium,2.5,1.75,0.0,0.21,0.09,0.0,3.1,3.4
2024-05-27,08:00,8,27,5,0,0,27.5,66.0,5,Medium,3.4,2.36,0.21,0.19,0.12,0.0,4.01,4.53
2024-05-27,09:00,9,27,5,0,0,29.1,59.7,1,Low,4.53,3.48,0.4,0.2,0.09,0.0,1.71,2.4
2024-05-27,10:00,10,27,5,0,0,28.9,59.1,1,Low,2.4,3.44,0.37,0.22,0.09,0.0,1.47,2.15
2024-05-27,11:00,11,27,5,0,0,32.1,45.4,1,Medium,2.15,3.03,1.3,0.2,0.09,0.0,1.9,3.49
2024-05-27,12:00,12,27,5,0,0,33.4,51.3,3,High,3.49,2.68,2.26,0.21,0.1,0.0,3.08,5.65
2024-05-27,13:00,13,27,5,0,0,31.1,64.8,2,High,5.65,3.76,2.09,0.2,0.1,0.0,3.13,5.52
2024-05-27,14:00,14,27,5,0,0,33.6,55.4,2,Medium,5.52,4.89,2.6,0.21,0.1,0.0,2.37,5.28
2024-05-27,15:00,15,27,5,0,0,33.6,61.4,1,Medium,5.28,5.48,2.6,0.22,0.09,0.0,2.31,5.22
2024-05-27,16:00,16,27,5,0,0,30.6,57.2,1,Medium,5.22,5.34,1.35,0.2,0.09,0.0,2.49,4.13
2024-05-27,17:00,17,27,5,0,0,28.9,65.4,2,Low,4.13,4.88,0.55,0.2,0.1,0.0,3.9,4.75
2024-05-27,18:00,18,27,5,0,0,28.2,60.1,2,Medium,4.75,4.7,0.52,0.21,0.22,0.0,4.67,5.62
2024-05-27,19:00,19,27,5,0,0,29.0,60.9,2,High,5.62,4.83,1.05,0.22,0.22,0.85,5.79,8.13
2024-05-27,20:00,20,27,5,0,0,24.9,57.7,3,High,8.13,6.17,0.0,0.19,0.28,0.85,6.6,7.92
2024-05-27,21:00,21,27,5,0,0,23.8,70.9,2,Medium,7.92,7.22,0.0,0.21,0.22,0.0,5.46,5.89
2024-05-27,22:00,22,27,5,0,0,23.2,63.8,2,Medium,5.89,7.31,0.0,0.21,0.22,0.0,3.2,3.63
2024-05-27,23:00,23,27,5,0,0,21.1,69.6,4,High,3.63,5.81,0.0,0.2,0.35,0.0,3.73,4.28
2024-05-28,00:00,0,28,5,1,0,21.0,67.5,3,Low,4.28,4.6,0.0,0.2,0.1,0.0,1.64,1.94
2024-05-28,01:00,1,28,5,1,0,20.5,66.5,3,Low,1.94,3.28,0.0,0.19,0.1,0.0,1.36,1.65
2024-05-28,02:00,2,28,5,1,0,21.8,63.4,4,Low,1.65,2.62,0.0,0.21,0.11,0.0,1.2,1.52
2024-05-28,03:00,3,28,5,1,0,18.8,69.7,2,Low,1.52,1.7,0.0,0.19,0.1,0.0,1.05,1.34
2024-05-28,04:00,4,28,5,1,0,20.3,69.8,3,Low,1.34,1.5,0.0,0.2,0.1,0.0,1.34,1.64
2024-05-28,05:00,5,28,5,1,0,20.7,75.0,3,Low,1.64,1.5,0.0,0.21,0.1,0.0,0.98,1.29
2024-05-28,06:00,6,28,5,1,0,23.6,72.4,2,Low,1.29,1.42,0.0,0.19,0.1,0.0,2.18,2.47
2024-05-28,07:00,7,28,5,1,0,25.5,69.3,3,Low,2.47,1.8,0.0,0.21,0.1,0.0,2.57,2.88
2024-05-28,08:00,8,28,5,1,0,26.1,61.5,3,Medium,2.88,2.21,0.01,0.2,0.1,0.0,3.23,3.54
2024-05-28,09:00,9,28,5,1,0,27.9,60.9,2,Medium,3.54,2.96,0.29,0.21,0.1,0.0,2.13,2.73
2024-05-28,10:00,10,28,5,1,0,27.0,63.6,1,High,2.73,3.05,0.17,0.19,0.09,0.85,1.28,2.58
2024-05-28,11:00,11,28,5,1,0,30.4,53.7,2,Low,2.58,2.95,0.63,0.2,0.1,0.0,1.37,2.3
2024-05-28,12:00,12,28,5,1,0,32.3,49.2,1,Low,2.3,2.54,1.0,0.21,0.09,0.0,1.31,2.61
2024-05-28,13:00,13,28,5,1,0,33.1,61.0,1,Low,2.61,2.5,1.76,0.21,0.09,0.0,1.4,3.46
2024-05-28,14:00,14,28,5,1,0,31.4,59.3,1,Low,3.46,2.79,1.23,0.2,0.09,0.0,1.51,3.03
2024-05-28,15:00,15,28,5,1,0,30.6,61.9,3,Low,3.03,3.03,1.0,0.19,0.1,0.0,1.59,2.88
2024-05-28,16:00,16,28,5,1,0,31.5,55.2,2,Medium,2.88,3.12,1.71,0.2,0.1,0.0,1.94,3.95
2024-05-28,17:00,17,28,5,1,0,30.5,59.6,1,Low,3.95,3.29,0.97,0.19,0.09,0.0,3.54,4.79
2024-05-28,18:00,18,28,5,1,0,27.3,63.5,2,High,4.79,3.87,0.35,0.2,0.22,0.0,6.28,7.05
2024-05-28,19:00,19,28,5,1,0,29.8,59.5,2,Medium,7.05,5.26,1.06,0.2,0.22,0.0,5.56,7.04
2024-05-28,20:00,20,28,5,1,0,25.3,60.1,4,Medium,7.04,6.29,0.0,0.21,0.35,0.0,5.95,6.51
2024-05-28,21:00,21,28,5,1,0,26.0,67.1,1,Medium,6.51,6.87,0.0,0.21,0.15,0.0,5.12,5.48
2024-05-28,22:00,22,28,5,1,0,22.7,68.0,4,High,5.48,6.34,0.0,0.2,0.35,0.0,4.06,4.61
2024-05-28,23:00,23,28,5,1,0,23.5,71.2,2,Low,4.61,5.53,0.0,0.19,0.22,0.0,2.27,2.68
2024-05-29,00:00,0,29,5,2,0,20.5,72.6,3,Low,2.68,4.26,0.0,0.22,0.1,0.0,1.38,1.7
2024-05-29,01:00,1,29,5,2,0,20.7,66.3,2,Low,1.7,3.0,0.0,0.21,0.1,0.0,1.05,1.36
2024-05-29,02:00,2,29,5,2,0,19.8,74.0,4,Low,1.36,1.91,0.0,0.2,0.11,0.0,1.47,1.78
2024-05-29,03:00,3,29,5,2,0,19.6,75.7,1,Low,1.78,1.61,0.0,0.21,0.09,0.0,0.87,1.17
2024-05-29,04:00,4,29,5,2,0,20.8,66.1,3,Low,1.17,1.44,0.0,0.21,0.1,0.0,0.8,1.11
2024-05-29,05:00,5,29,5,2,0,20.9,74.7,4,Low,1.11,1.35,0.0,0.2,0.11,0.0,1.27,1.58
2024-05-29,06:00,6,29,5,2,0,23.3,67.7,3,Low,1.58,1.29,0.0,0.19,0.1,0.0,2.32,2.61
2024-05-29,07:00,7,29,5,2,0,24.2,64.6,3,Medium,2.61,1.77,0.0,0.21,0.1,0.0,3.09,3.4
2024-05-29,08:00,8,29,5,2,0,26.9,54.2,2,Medium,3.4,2.53,0.11,0.21,0.1,0.0,3.62,4.04
2024-05-29,09:00,9,29,5,2,0,27.5,61.0,1,Medium,4.04,3.35,0.21,0.2,0.09,0.0,2.3,2.8
2024-05-29,10:00,10,29,5,2,0,28.6,61.0,1,Medium,2.8,3.41,0.43,0.21,0.09,0.0,1.68,2.41
2024-05-29,11:00,11,29,5,2,0,31.0,56.1,1,High,2.41,3.08,1.36,0.21,0.09,0.85,1.31,3.82
2024-05-29,12:00,12,29,5,2,0,31.7,59.3,1,Medium,3.82,3.01,1.19,0.2,0.09,0.0,2.17,3.65
2024-05-29,13:00,13,29,5,2,0,31.2,57.2,1,High,3.65,3.29,2.14,0.21,0.09,0.0,2.38,4.82
2024-05-29,14:00,14,29,5,2,0,34.6,53.9,2,Medium,4.82,4.1,3.06,0.2,0.1,0.0,2.55,5.91
2024-05-29,15:00,15,29,5,2,0,32.0,52.1,1,Medium,5.91,4.79,1.91,0.2,0.09,0.0,2.47,4.67
2024-05-29,16:00,16,29,5,2,0,33.6,59.7,3,Medium,4.67,5.13,2.6,0.2,0.1,0.0,2.86,5.76
2024-05-29,17:00,17,29,5,2,0,30.6,62.6,1,Low,5.76,5.45,1.0,0.19,0.09,0.0,4.28,5.56
2024-05-29,18:00,18,29,5,2,0,26.6,54.9,3,High,5.56,5.33,0.13,0.21,0.28,0.0,6.93,7.55
2024-05-29,19:00,19,29,5,2,0,27.9,59.0,2,High,7.55,6.29,0.58,0.21,0.22,0.85,6.22,8.08
2024-05-29,20:00,20,29,5,2,0,27.2,62.8,5,Medium,8.08,7.06,0.24,0.2,0.42,0.0,5.96,6.82
2024-05-29,21:00,21,29,5,2,0,25.7,64.7,3,High,6.82,7.48,0.0,0.21,0.28,0.0,7.36,7.85
2024-05-29,22:00,22,29,5,2,0,24.0,70.7,5,Medium,7.85,7.58,0.0,0.21,0.42,0.0,3.92,4.55
2024-05-29,23:00,23,29,5,2,0,21.9,69.0,2,High,4.55,6.41,0.0,0.22,0.22,0.0,3.35,3.79
2024-05-30,00:00,0,30,5,3,0,19.8,65.1,5,Low,3.79,5.4,0.0,0.21,0.12,0.0,1.59,1.92
2024-05-30,01:00,1,30,5,3,0,21.8,68.1,3,Low,1.92,3.42,0.0,0.19,0.1,0.0,0.99,1.28
2024-05-30,02:00,2,30,5,3,0,20.0,78.6,1,Low,1.28,2.33,0.0,0.19,0.09,0.0,0.99,1.27
2024-05-30,03:00,3,30,5,3,0,20.9,69.8,4,Low,1.27,1.49,0.0,0.22,0.11,0.0,1.06,1.39
2024-05-30,04:00,4,30,5,3,0,19.3,76.7,3,Low,1.39,1.31,0.0,0.21,0.1,0.0,1.03,1.34
2024-05-30,05:00,5,30,5,3,0,19.9,69.5,2,Low,1.34,1.33,0.0,0.2,0.1,0.0,0.85,1.15
2024-05-30,06:00,6,30,5,3,0,22.8,70.1,3,Low,1.15,1.29,0.0,0.21,0.1,0.0,2.13,2.44
2024-05-30,07:00,7,30,5,3,0,23.2,66.8,2,High,2.44,1.64,0.0,0.19,0.1,0.0,4.0,4.29
2024-05-30,08:00,8,30,5,3,0,23.9,70.4,3,Low,4.29,2.63,0.0,0.2,0.1,0.0,2.68,2.98
2024-05-30,09:00,9,30,5,3,0,29.0,65.7,1,Low,2.98,3.24,0.38,0.21,0.09,0.0,1.52,2.2
2024-05-30,10:00,10,30,5,3,0,28.5,60.1,1,Medium,2.2,3.16,0.41,0.21,0.09,0.0,1.81,2.52
2024-05-30,11:00,11,30,5,3,0,29.7,60.1,3,Low,2.52,2.57,0.5,0.21,0.1,0.0,1.49,2.3
2024-05-30,12:00,12,30,5,3,0,32.4,51.8,2,Medium,2.3,2.34,1.39,0.2,0.1,0.0,1.91,3.6
2024-05-30,13:00,13,30,5,3,0,32.0,57.5,1,Medium,3.6,2.81,1.91,0.19,0.09,0.0,2.07,4.26
2024-05-30,14:00,14,30,5,3,0,31.6,60.2,2,Low,4.26,3.39,1.29,0.22,0.1,0.0,1.83,3.44
2024-05-30,15:00,15,30,5,3,0,32.2,56.6,3,High,3.44,3.77,2.69,0.19,0.1,0.0,2.81,5.79
2024-05-30,16:00,16,30,5,3,0,32.9,55.2,1,Low,5.79,4.5,1.7,0.21,0.09,0.0,2.17,4.17
2024-05-30,17:00,17,30,5,3,0,31.1,53.5,1,Medium,4.17,4.47,1.55,0.21,0.09,0.0,4.56,6.41
2024-05-30,18:00,18,30,5,3,0,30.2,62.4,2,High,6.41,5.46,1.62,0.19,0.22,0.0,6.56,8.59
2024-05-30,19:00,19,30,5,3,0,29.4,62.5,3,High,8.59,6.39,1.23,0.21,0.28,0.85,6.68,9.25
2024-05-30,20:00,20,30,5,3,0,25.7,59.9,1,Medium,9.25,8.08,0.0,0.2,0.15,0.0,6.07,6.42
2024-05-30,21:00,21,30,5,3,0,24.0,68.1,3,Medium,6.42,8.09,0.0,0.19,0.28,0.0,5.68,6.15
2024-05-30,22:00,22,30,5,3,0,24.2,72.0,3,Medium,6.15,7.27,0.0,0.2,0.28,0.0,3.31,3.79
2024-05-30,23:00,23,30,5,3,0,22.2,64.6,5,Medium,3.79,5.45,0.0,0.2,0.42,0.0,2.74,3.36
2024-05-31,00:00,0,31,5,4,0,21.8,68.8,3,Low,3.36,4.43,0.0,0.21,0.1,0.0,1.51,1.82
2024-05-31,01:00,1,31,5,4,0,20.0,71.5,3,Low,1.82,2.99,0.0,0.19,0.1,0.0,1.07,1.36
2024-05-31,02:00,2,31,5,4,0,20.1,76.9,3,Low,1.36,2.18,0.0,0.2,0.1,0.0,1.06,1.36
2024-05-31,03:00,3,31,5,4,0,18.7,82.9,1,Low,1.36,1.51,0.0,0.21,0.09,0.0,0.96,1.26
2024-05-31,04:00,4,31,5,4,0,20.5,71.0,2,Low,1.26,1.33,0.0,0.19,0.1,0.0,0.93,1.22
2024-05-31,05:00,5,31,5,4,0,20.8,73.8,4,Low,1.22,1.28,0.0,0.22,0.11,0.0,1.04,1.37
2024-05-31,06:00,6,31,5,4,0,23.2,74.6,5,Medium,1.37,1.28,0.0,0.2,0.12,0.0,3.59,3.91
2024-05-31,07:00,7,31,5,4,0,24.2,64.7,4,Medium,3.91,2.17,0.0,0.21,0.11,0.0,3.72,4.04
2024-05-31,08:00,8,31,5,4,0,30.3,63.4,3,High,4.04,3.11,1.11,0.21,0.1,0.0,4.66,6.08
2024-05-31,09:00,9,31,5,4,0,26.9,58.4,1,Medium,6.08,4.68,0.11,0.2,0.09,0.0,2.67,3.07
2024-05-31,10:00,10,31,5,4,0,29.4,54.3,1,Medium,3.07,4.4,0.61,0.21,0.09,0.0,1.91,2.82
2024-05-31,11:00,11,31,5,4,0,29.4,64.2,2,Medium,2.82,3.99,0.61,0.21,0.1,0.0,1.68,2.6
2024-05-31,12:00,12,31,5,4,0,34.0,56.6,1,High,2.6,2.83,2.5,0.21,0.09,0.0,2.04,4.84
2024-05-31,13:00,13,31,5,4,0,31.3,50.4,4,High,4.84,3.42,2.19,0.19,0.11,0.0,3.41,5.9
2024-05-31,14:00,14,31,5,4,0,31.6,60.0,1,Low,5.9,4.45,1.29,0.21,0.09,0.0,2.18,3.77
2024-05-31,15:00,15,31,5,4,0,30.6,52.3,1,High,3.77,4.84,1.83,0.2,0.09,0.0,2.21,4.33
2024-05-31,16:00,16,31,5,4,0,31.8,55.6,1,Medium,4.33,4.67,1.83,0.21,0.09,0.0,2.08,4.21
2024-05-31,17:00,17,31,5,4,0,30.6,65.2,1,Low,4.21,4.1,1.0,0.21,0.09,0.0,3.88,5.18
2024-05-31,18:00,18,31,5,4,0,28.8,62.1,4,Medium,5.18,4.57,0.71,0.2,0.35,0.0,5.1,6.36
2024-05-31,19:00,19,31,5,4,0,25.7,68.1,3,High,6.36,5.25,0.0,0.2,0.28,0.85,6.3,7.63
2024-05-31,20:00,20,31,5,4,0,26.9,54.8,3,High,7.63,6.39,0.22,0.19,0.28,0.85,6.6,8.14
2024-05-31,21:00,21,31,5,4,0,23.6,64.5,4,High,8.14,7.38,0.0,0.21,0.35,0.0,7.69,8.25
2024-05-31,22:00,22,31,5,4,0,24.3,67.3,3,Medium,8.25,8.01,0.0,0.22,0.28,0.0,3.63,4.13
2024-05-31,23:00,23,31,5,4,0,24.0,64.0,2,Medium,4.13,6.84,0.0,0.2,0.22,0.0,2.69,3.11
2024-06-01,00:00,0,1,6,5,1,24.7,65.5,5,Low,3.11,5.16,0.0,0.21,0.12,0.0,1.96,2.29
2024-06-01,01:00,1,1,6,5,1,23.3,68.4,5,Low,2.29,3.18,0.0,0.2,0.12,0.0,1.6,1.92
2024-06-01,02:00,2,1,6,5,1,25.6,58.6,4,Low,1.92,2.44,0.0,0.2,0.11,0.0,1.3,1.61
2024-06-01,03:00,3,1,6,5,1,25.2,66.9,2,Low,1.61,1.94,0.0,0.21,0.1,0.0,0.97,1.28
2024-06-01,04:00,4,1,6,5,1,25.8,57.4,4,Low,1.28,1.6,0.0,0.2,0.11,0.0,1.45,1.76
2024-06-01,05:00,5,1,6,5,1,25.8,61.7,3,Low,1.76,1.55,0.0,0.2,0.1,0.0,1.02,1.32
2024-06-01,06:00,6,1,6,5,1,28.9,65.6,2,Low,1.32,1.45,0.37,0.21,0.1,0.0,1.92,2.6
2024-06-01,07:00,7,1,6,5,1,26.7,62.5,3,High,2.6,1.89,0.11,0.2,0.1,0.0,4.42,4.83
2024-06-01,08:00,8,1,6,5,1,30.6,59.0,3,Medium,4.83,2.92,0.9,0.2,0.1,0.0,3.77,4.97
2024-06-01,09:00,9,1,6,5,1,31.5,55.0,3,High,4.97,4.13,1.54,0.19,0.1,0.0,4.24,6.07
2024-06-01,10:00,10,1,6,5,1,35.5,50.4,2,Low,6.07,5.29,1.71,0.21,0.1,0.0,2.57,4.59
2024-06-01,11:00,11,1,6,5,1,35.4,48.7,3,Medium,4.59,5.21,2.29,0.2,0.1,0.0,3.24,5.83
2024-06-01,12:00,12,1,6,5,1,34.9,50.7,4,Medium,5.83,5.5,2.13,0.19,0.11,0.0,3.95,6.38
2024-06-01,13:00,13,1,6,5,1,36.5,50.0,3,Medium,6.38,5.6,3.96,0.19,0.1,0.0,3.54,7.79
2024-06-01,14:00,14,1,6,5,1,37.3,50.3,3,Low,7.79,6.67,3.22,0.2,0.1,0.0,3.29,6.81
2024-06-01,15:00,15,1,6,5,1,35.2,56.0,4,Low,6.81,6.99,2.47,0.19,0.11,0.0,3.47,6.24
2024-06-01,16:00,16,1,6,5,1,35.8,54.4,1,Medium,6.24,6.95,3.62,0.2,0.09,0.0,3.39,7.3
2024-06-01,17:00,17,1,6,5,1,33.7,56.9,3,Low,7.3,6.78,1.96,0.21,0.1,0.0,4.57,6.84
2024-06-01,18:00,18,1,6,5,1,32.9,51.8,4,Medium,6.84,6.79,2.29,0.21,0.35,0.0,5.75,8.6
2024-06-01,19:00,19,1,6,5,1,30.7,51.8,4,Low,8.6,7.58,1.03,0.19,0.35,0.0,4.85,6.42
2024-06-01,20:00,20,1,6,5,1,29.6,56.2,4,Medium,6.42,7.29,0.98,0.21,0.35,0.0,5.41,6.95
2024-06-01,21:00,21,1,6,5,1,30.3,54.4,5,High,6.95,7.32,1.67,0.21,0.42,0.0,7.54,9.84
2024-06-01,22:00,22,1,6,5,1,27.7,60.7,5,High,9.84,7.74,0.5,0.22,0.42,0.0,5.52,6.66
2024-06-01,23:00,23,1,6,5,1,25.8,63.7,4,Medium,6.66,7.82,0.0,0.2,0.35,0.0,3.61,4.16
2024-06-02,00:00,0,2,6,6,1,23.8,63.8,4,Low,4.16,6.89,0.0,0.19,0.11,0.0,1.64,1.94
2024-06-02,01:00,1,2,6,6,1,23.3,67.7,3,Low,1.94,4.25,0.0,0.21,0.1,0.0,1.05,1.36
2024-06-02,02:00,2,2,6,6,1,21.5,69.5,2,Low,1.36,2.49,0.0,0.21,0.1,0.0,0.71,1.02
2024-06-02,03:00,3,2,6,6,1,24.8,70.4,5,Low,1.02,1.44,0.0,0.21,0.12,0.0,1.18,1.51
2024-06-02,04:00,4,2,6,6,1,25.3,62.0,4,Low,1.51,1.3,0.0,0.2,0.11,0.0,1.37,1.68
2024-06-02,05:00,5,2,6,6,1,26.4,64.5,4,Low,1.68,1.4,0.03,0.21,0.11,0.0,1.14,1.49
2024-06-02,06:00,6,2,6,6,1,28.0,64.8,2,Medium,1.49,1.56,0.31,0.2,0.1,0.0,2.72,3.33
2024-06-02,07:00,7,2,6,6,1,27.2,58.6,3,Low,3.33,2.17,0.12,0.21,0.1,0.0,2.63,3.06
2024-06-02,08:00,8,2,6,6,1,30.7,59.3,3,High,3.06,2.63,1.25,0.21,0.1,0.0,4.49,6.05
2024-06-02,09:00,9,2,6,6,1,31.5,59.1,2,High,6.05,4.15,1.54,0.21,0.1,0.0,4.45,6.3
2024-06-02,10:00,10,2,6,6,1,32.5,60.0,2,Low,6.3,5.14,1.05,0.22,0.1,0.0,2.86,4.23
2024-06-02,11:00,11,2,6,6,1,32.7,57.3,1,Low,4.23,5.53,1.09,0.19,0.09,0.0,2.4,3.77
2024-06-02,12:00,12,2,6,6,1,37.2,46.5,2,Medium,3.77,4.77,2.87,0.21,0.1,0.0,2.95,6.13
2024-06-02,13:00,13,2,6,6,1,35.3,51.2,4,Medium,6.13,4.71,3.38,0.22,0.11,0.0,4.28,7.99
2024-06-02,14:00,14,2,6,6,1,37.2,54.3,4,Low,7.99,5.96,3.18,0.21,0.11,0.0,3.74,7.24
2024-06-02,15:00,15,2,6,6,1,36.8,49.2,3,Medium,7.24,7.12,4.11,0.22,0.1,0.0,3.94,8.37
2024-06-02,16:00,16,2,6,6,1,35.6,48.3,3,High,8.37,7.87,4.75,0.21,0.1,0.0,4.88,9.94
2024-06-02,17:00,17,2,6,6,1,34.7,55.9,5,Medium,9.94,8.52,3.1,0.2,0.12,0.0,6.72,10.14
2024-06-02,18:00,18,2,6,6,1,33.2,53.8,2,High,10.14,9.48,3.27,0.19,0.22,0.0,7.48,11.16
2024-06-02,19:00,19,2,6,6,1,30.8,52.4,4,High,11.16,10.41,1.93,0.21,0.35,0.85,7.37,10.71
2024-06-02,20:00,20,2,6,6,1,30.0,57.4,2,Medium,10.71,10.67,1.13,0.21,0.22,0.0,6.6,8.16
2024-06-02,21:00,21,2,6,6,1,26.6,65.3,4,High,8.16,10.01,0.13,0.19,0.35,0.0,7.8,8.47
2024-06-02,22:00,22,2,6,6,1,28.1,57.3,5,Medium,8.47,9.11,0.49,0.2,0.42,0.0,4.15,5.26
2024-06-02,23:00,23,2,6,6,1,24.5,64.9,3,Low,5.26,7.3,0.0,0.22,0.28,0.0,2.57,3.07
2024-06-03,00:00,0,3,6,0,0,26.3,61.1,5,Low,3.07,5.6,0.02,0.2,0.12,0.0,1.6,1.94
2024-06-03,01:00,1,3,6,0,0,25.6,70.6,3,Low,1.94,3.42,0.0,0.22,0.1,0.0,1.29,1.61
2024-06-03,02:00,2,3,6,0,0,23.3,70.8,3,Low,1.61,2.21,0.0,0.21,0.1,0.0,1.13,1.44
2024-06-03,03:00,3,3,6,0,0,22.1,71.0,2,Low,1.44,1.66,0.0,0.2,0.1,0.0,0.77,1.07
2024-06-03,04:00,4,3,6,0,0,23.5,65.4,3,Low,1.07,1.37,0.0,0.21,0.1,0.0,0.7,1.01
2024-06-03,05:00,5,3,6,0,0,26.0,70.8,5,Low,1.01,1.17,0.0,0.21,0.12,0.0,1.04,1.37
2024-06-03,06:00,6,3,6,0,0,27.7,62.3,2,Medium,1.37,1.15,0.25,0.22,0.1,0.0,2.5,3.07
2024-06-03,07:00,7,3,6,0,0,27.7,56.2,4,Medium,3.07,1.82,0.25,0.21,0.11,0.0,3.9,4.47
2024-06-03,08:00,8,3,6,0,0,31.9,57.7,3,High,4.47,2.97,1.68,0.2,0.1,0.0,4.58,6.56
2024-06-03,09:00,9,3,6,0,0,32.4,54.6,2,Medium,6.56,4.7,1.39,0.19,0.1,0.0,2.98,4.66
2024-06-03,10:00,10,3,6,0,0,32.4,59.7,2,Medium,4.66,5.23,1.39,0.22,0.1,0.0,1.95,3.66
2024-06-03,11:00,11,3,6,0,0,33.9,50.4,1,Medium,3.66,4.96,1.82,0.22,0.09,0.0,1.85,3.98
2024-06-03,12:00,12,3,6,0,0,35.2,55.3,1,Medium,3.98,4.1,2.22,0.22,0.09,0.0,1.91,4.44
2024-06-03,13:00,13,3,6,0,0,33.8,53.2,3,Medium,4.44,4.03,2.69,0.2,0.1,0.0,2.18,5.17
2024-06-03,14:00,14,3,6,0,0,37.2,49.4,4,Medium,5.17,4.53,4.31,0.21,0.11,0.0,3.24,7.87
2024-06-03,15:00,15,3,6,0,0,34.6,56.2,1,Medium,7.87,5.83,3.06,0.21,0.09,0.0,2.99,6.35
2024-06-03,16:00,16,3,6,0,0,34.5,51.2,1,Medium,6.35,6.46,3.01,0.21,0.09,0.0,2.32,5.63
2024-06-03,17:00,17,3,6,0,0,34.4,50.0,2,Medium,5.63,6.62,2.96,0.21,0.1,0.0,5.45,8.72
2024-06-03,18:00,18,3,6,0,0,32.5,54.6,3,Medium,8.72,6.9,2.12,0.21,0.28,0.0,6.51,9.12
2024-06-03,19:00,19,3,6,0,0,32.7,58.5,5,High,9.12,7.82,2.98,0.21,0.42,0.85,7.17,11.63
2024-06-03,20:00,20,3,6,0,0,30.1,56.9,1,High,11.63,9.82,1.57,0.21,0.15,0.85,6.73,9.51
2024-06-03,21:00,21,3,6,0,0,29.9,61.7,2,High,9.51,10.09,1.47,0.21,0.22,0.0,7.42,9.32
2024-06-03,22:00,22,3,6,0,0,27.6,57.1,2,Medium,9.32,10.15,0.34,0.21,0.22,0.0,3.8,4.57
2024-06-03,23:00,23,3,6,0,0,25.7,70.0,2,Medium,4.57,7.8,0.0,0.2,0.22,0.0,2.67,3.09
2024-06-04,00:00,0,4,6,1,0,24.7,69.0,3,Low,3.09,5.66,0.0,0.2,0.1,0.0,1.1,1.4
2024-06-04,01:00,1,4,6,1,0,26.1,64.4,3,Low,1.4,3.02,0.0,0.22,0.1,0.0,1.1,1.42
2024-06-04,02:00,2,4,6,1,0,23.2,71.1,3,Low,1.42,1.97,0.0,0.2,0.1,0.0,1.05,1.35
2024-06-04,03:00,3,4,6,1,0,23.3,65.8,5,Low,1.35,1.39,0.0,0.2,0.12,0.0,0.94,1.26
2024-06-04,04:00,4,4,6,1,0,23.6,69.0,2,Low,1.26,1.34,0.0,0.2,0.1,0.0,0.83,1.13
2024-06-04,05:00,5,4,6,1,0,25.7,66.3,2,Low,1.13,1.25,0.0,0.21,0.1,0.0,0.7,1.01
2024-06-04,06:00,6,4,6,1,0,26.8,55.4,2,Medium,1.01,1.13,0.09,0.19,0.1,0.0,2.56,2.94
2024-06-04,07:00,7,4,6,1,0,29.8,64.9,2,Medium,2.94,1.69,0.7,0.19,0.1,0.0,3.21,4.2
2024-06-04,08:00,8,4,6,1,0,31.0,58.3,4,Low,4.2,2.72,0.74,0.2,0.11,0.0,3.27,4.32
2024-06-04,09:00,9,4,6,1,0,32.5,59.5,3,Low,4.32,3.82,1.05,0.2,0.1,0.0,2.04,3.39
2024-06-04,10:00,10,4,6,1,0,34.0,59.5,1,Medium,3.39,3.97,1.85,0.19,0.09,0.0,1.95,4.08
2024-06-04,11:00,11,4,6,1,0,34.6,46.0,1,Medium,4.08,3.93,2.04,0.22,0.09,0.0,2.08,4.43
2024-06-04,12:00,12,4,6,1,0,36.0,42.1,1,Medium,4.43,3.97,2.48,0.19,0.09,0.0,2.05,4.81
2024-06-04,13:00,13,4,6,1,0,37.1,47.7,1,Low,4.81,4.44,3.15,0.21,0.09,0.0,1.82,5.27
2024-06-04,14:00,14,4,6,1,0,36.5,45.3,1,Medium,5.27,4.84,3.96,0.2,0.09,0.0,2.34,6.59
2024-06-04,15:00,15,4,6,1,0,35.4,54.8,1,Medium,6.59,5.56,3.43,0.2,0.09,0.0,2.43,6.15
2024-06-04,16:00,16,4,6,1,0,35.8,46.3,1,Low,6.15,6.0,2.68,0.2,0.09,0.0,2.29,5.26
2024-06-04,17:00,17,4,6,1,0,34.2,48.0,4,High,5.26,6.0,3.87,0.21,0.11,0.0,6.94,11.13
2024-06-04,18:00,18,4,6,1,0,32.0,57.1,2,High,11.13,7.51,2.58,0.2,0.22,0.0,7.89,10.89
2024-06-04,19:00,19,4,6,1,0,31.5,48.8,3,Medium,10.89,9.09,1.71,0.19,0.28,0.0,6.63,8.81
2024-06-04,20:00,20,4,6,1,0,30.2,59.5,4,Medium,8.81,10.28,1.2,0.22,0.35,0.0,6.39,8.16
2024-06-04,21:00,21,4,6,1,0,27.5,58.1,3,Medium,8.16,9.29,0.32,0.19,0.28,0.0,5.78,6.57
2024-06-04,22:00,22,4,6,1,0,27.7,71.2,2,High,6.57,7.85,0.5,0.2,0.22,0.0,3.9,4.82
2024-06-04,23:00,23,4,6,1,0,24.7,62.5,4,Low,4.82,6.52,0.0,0.2,0.35,0.0,2.56,3.11
2024-06-05,00:00,0,5,6,2,0,26.3,67.3,3,Low,3.11,4.83,0.02,0.19,0.1,0.0,1.35,1.66
2024-06-05,01:00,1,5,6,2,0,22.9,72.6,4,Low,1.66,3.2,0.0,0.2,0.11,0.0,1.05,1.36
2024-06-05,02:00,2,5,6,2,0,23.9,66.0,3,Low,1.36,2.04,0.0,0.21,0.1,0.0,1.03,1.34
2024-06-05,03:00,3,5,6,2,0,24.3,71.4,3,Low,1.34,1.45,0.0,0.21,0.1,0.0,0.89,1.2
2024-06-05,04:00,4,5,6,2,0,25.9,58.2,4,Low,1.2,1.3,0.0,0.22,0.11,0.0,1.01,1.34
2024-06-05,05:00,5,5,6,2,0,25.9,66.0,2,Low,1.34,1.29,0.0,0.19,0.1,0.0,0.9,1.19
2024-06-05,06:00,6,5,6,2,0,25.8,64.1,2,Medium,1.19,1.24,0.0,0.2,0.1,0.0,2.56,2.86
2024-06-05,07:00,7,5,6,2,0,30.1,59.1,3,High,2.86,1.8,1.05,0.2,0.1,0.0,4.38,5.73
2024-06-05,08:00,8,5,6,2,0,30.9,56.9,1,Medium,5.73,3.26,0.98,0.2,0.09,0.0,3.78,5.05
2024-06-05,09:00,9,5,6,2,0,34.5,51.8,1,Low,5.05,4.55,1.48,0.22,0.09,0.0,2.03,3.82
2024-06-05,10:00,10,5,6,2,0,35.4,57.4,4,Low,3.82,4.87,1.69,0.2,0.11,0.0,2.14,4.14
2024-06-05,11:00,11,5,6,2,0,37.7,49.5,1,Low,4.14,4.34,2.25,0.2,0.09,0.0,1.6,4.14
2024-06-05,12:00,12,5,6,2,0,34.0,50.0,4,High,4.14,4.03,2.5,0.22,0.11,0.0,3.24,6.07
2024-06-05,13:00,13,5,6,2,0,33.8,49.2,2,Low,6.07,4.78,1.99,0.2,0.1,0.0,2.45,4.74
2024-06-05,14:00,14,5,6,2,0,36.0,54.5,1,Low,4.74,4.98,2.75,0.21,0.09,0.0,1.85,4.9
2024-06-05,15:00,15,5,6,2,0,35.1,48.7,1,Low,4.9,5.24,2.43,0.19,0.09,0.0,1.74,4.45
2024-06-05,16:00,16,5,6,2,0,36.4,49.0,2,Low,4.45,4.7,2.89,0.2,0.1,0.0,1.77,4.96
2024-06-05,17:00,17,5,6,2,0,35.8,48.9,1,Medium,4.96,4.77,3.62,0.2,0.09,0.0,4.8,8.71
2024-06-05,18:00,18,5,6,2,0,32.9,47.1,3,High,8.71,6.04,3.09,0.21,0.28,0.0,7.24,10.82
2024-06-05,19:00,19,5,6,2,0,33.6,52.6,3,High,10.82,8.16,3.51,0.22,0.28,0.85,7.1,11.96
2024-06-05,20:00,20,5,6,2,0,30.3,54.9,3,High,11.96,10.5,1.67,0.21,0.28,0.85,7.61,10.62
2024-06-05,21:00,21,5,6,2,0,30.0,58.5,4,High,10.62,11.13,1.52,0.21,0.35,0.0,8.35,10.43
2024-06-05,22:00,22,5,6,2,0,26.1,62.1,3,Medium,10.43,11.0,0.01,0.2,0.28,0.0,4.43,4.92
2024-06-05,23:00,23,5,6,2,0,25.7,57.1,1,Low,4.92,8.66,0.0,0.2,0.15,0.0,1.98,2.33
2024-06-06,00:00,0,6,6,3,0,25.7,63.9,4,Low,2.33,5.89,0.0,0.21,0.11,0.0,1.72,2.04
2024-06-06,01:00,1,6,6,3,0,24.7,64.3,2,Low,2.04,3.1,0.0,0.21,0.1,0.0,1.31,1.62
2024-06-06,02:00,2,6,6,3,0,23.6,67.4,1,Low,1.62,2.0,0.0,0.21,0.09,0.0,0.7,1.0
2024-06-06,03:00,3,6,6,3,0,23.6,61.7,3,Low,1.0,1.55,0.0,0.2,0.1,0.0,0.88,1.18
2024-06-06,04:00,4,6,6,3,0,24.9,66.9,3,Low,1.18,1.27,0.0,0.2,0.1,0.0,1.24,1.54
2024-06-06,05:00,5,6,6,3,0,25.4,60.0,2,Low,1.54,1.24,0.0,0.21,0.1,0.0,0.96,1.27
2024-06-06,06:00,6,6,6,3,0,26.9,61.5,2,Low,1.27,1.33,0.08,0.2,0.1,0.0,2.05,2.43
2024-06-06,07:00,7,6,6,3,0,30.6,57.7,2,Medium,2.43,1.75,0.9,0.2,0.1,0.0,3.15,4.35
2024-06-06,08:00,8,6,6,3,0,30.6,50.8,3,High,4.35,2.68,1.22,0.21,0.1,0.0,4.74,6.27
2024-06-06,09:00,9,6,6,3,0,31.7,48.9,2,Medium,6.27,4.35,1.19,0.21,0.1,0.0,2.88,4.38
2024-06-06,10:00,10,6,6,3,0,33.4,52.1,1,Medium,4.38,5.0,1.68,0.2,0.09,0.0,1.73,3.7
2024-06-06,11:00,11,6,6,3,0,34.3,53.3,1,Low,3.7,4.78,1.44,0.21,0.09,0.0,1.68,3.42
2024-06-06,12:00,12,6,6,3,0,36.4,53.6,2,Medium,3.42,3.83,2.61,0.2,0.1,0.0,2.14,5.05
2024-06-06,13:00,13,6,6,3,0,34.8,52.9,2,Low,5.05,4.06,2.33,0.21,0.1,0.0,2.62,5.26
2024-06-06,14:00,14,6,6,3,0,37.0,46.2,1,High,5.26,4.58,5.67,0.19,0.09,0.0,3.17,9.12
2024-06-06,15:00,15,6,6,3,0,34.6,59.3,2,Medium,9.12,6.48,3.06,0.21,0.1,0.0,3.39,6.76
2024-06-06,16:00,16,6,6,3,0,36.6,48.8,2,Low,6.76,7.05,2.96,0.21,0.1,0.0,2.6,5.87
2024-06-06,17:00,17,6,6,3,0,34.3,49.4,2,Medium,5.87,7.25,2.92,0.2,0.1,0.0,5.75,8.97
2024-06-06,18:00,18,6,6,3,0,34.0,57.6,2,High,8.97,7.2,3.75,0.21,0.22,0.0,7.53,11.71
2024-06-06,19:00,19,6,6,3,0,32.4,52.5,1,Medium,11.71,8.85,2.08,0.22,0.15,0.0,6.56,9.01
2024-06-06,20:00,20,6,6,3,0,31.3,54.3,3,Low,9.01,9.9,1.2,0.22,0.28,0.0,4.86,6.56
2024-06-06,21:00,21,6,6,3,0,29.9,58.8,2,High,6.56,9.09,1.47,0.21,0.22,0.0,6.78,8.68
2024-06-06,22:00,22,6,6,3,0,25.3,75.6,4,Medium,8.68,8.08,0.0,0.21,0.35,0.0,4.16,4.72
2024-06-06,23:00,23,6,6,3,0,25.2,64.0,3,Medium,4.72,6.65,0.0,0.19,0.28,0.0,3.05,3.52
2024-06-07,00:00,0,7,6,4,0,25.3,64.2,4,Low,3.52,5.64,0.0,0.22,0.11,0.0,1.87,2.2
2024-06-07,01:00,1,7,6,4,0,25.0,70.5,3,Low,2.2,3.48,0.0,0.21,0.1,0.0,1.1,1.41
2024-06-07,02:00,2,7,6,4,0,24.3,66.1,3,Low,1.41,2.38,0.0,0.22,0.1,0.0,1.3,1.62
2024-06-07,03:00,3,7,6,4,0,25.6,61.6,4,Low,1.62,1.74,0.0,0.21,0.11,0.0,1.35,1.67
2024-06-07,04:00,4,7,6,4,0,25.6,66.0,3,Low,1.67,1.57,0.0,0.2,0.1,0.0,1.18,1.48
2024-06-07,05:00,5,7,6,4,0,26.0,60.6,2,Low,1.48,1.59,0.0,0.2,0.1,0.0,0.93,1.23
2024-06-07,06:00,6,7,6,4,0,27.4,63.5,3,Low,1.23,1.46,0.14,0.2,0.1,0.0,2.24,2.68
2024-06-07,07:00,7,7,6,4,0,27.3,69.5,3,Low,2.68,1.8,0.13,0.21,0.1,0.0,2.37,2.81
2024-06-07,08:00,8,7,6,4,0,28.9,59.5,2,Medium,2.81,2.24,0.5,0.19,0.1,0.0,3.29,4.08
2024-06-07,09:00,9,7,6,4,0,29.3,60.7,1,High,4.08,3.19,0.79,0.21,0.09,0.0,2.27,3.36
2024-06-07,10:00,10,7,6,4,0,32.7,58.2,2,Low,3.36,3.42,1.09,0.22,0.1,0.0,1.73,3.14
2024-06-07,11:00,11,7,6,4,0,33.8,53.7,1,Medium,3.14,3.53,1.79,0.2,0.09,0.0,1.65,3.73
2024-06-07,12:00,12,7,6,4,0,34.5,59.1,1,Medium,3.73,3.41,2.01,0.2,0.09,0.0,1.87,4.17
2024-06-07,13:00,13,7,6,4,0,34.8,57.2,1,Medium,4.17,3.68,3.15,0.21,0.09,0.0,2.17,5.62
2024-06-07,14:00,14,7,6,4,0,37.4,51.2,1,Low,5.62,4.51,3.26,0.19,0.09,0.0,1.91,5.45
2024-06-07,15:00,15,7,6,4,0,35.8,44.9,4,Medium,5.45,5.08,3.62,0.21,0.11,0.0,3.12,7.06
2024-06-07,16:00,16,7,6,4,0,35.5,45.9,1,Medium,7.06,6.04,3.48,0.21,0.09,0.0,2.84,6.62
2024-06-07,17:00,17,7,6,4,0,34.5,49.5,1,Low,6.62,6.38,2.22,0.19,0.09,0.0,4.19,6.69
2024-06-07,18:00,18,7,6,4,0,32.7,54.5,2,High,6.69,6.79,2.98,0.21,0.22,0.0,6.9,10.31
2024-06-07,19:00,19,7,6,4,0,31.5,59.7,3,High,10.31,7.87,2.3,0.2,0.28,0.85,7.2,10.83
2024-06-07,20:00,20,7,6,4,0,31.6,57.7,3,High,10.83,9.28,2.36,0.21,0.28,0.85,7.42,11.12
2024-06-07,21:00,21,7,6,4,0,30.5,53.6,2,High,11.12,10.75,1.77,0.2,0.22,0.0,8.05,10.24
2024-06-07,22:00,22,7,6,4,0,25.1,60.8,4,High,10.24,10.73,0.0,0.22,0.35,0.0,5.59,6.16
2024-06-07,23:00,23,7,6,4,0,23.7,63.7,1,Medium,6.16,9.17,0.0,0.21,0.15,0.0,3.12,3.48
2024-06-08,00:00,0,8,6,5,1,26.2,58.1,3,Low,3.48,6.63,0.01,0.2,0.1,0.0,1.69,2.0
2024-06-08,01:00,1,8,6,5,1,24.3,58.4,4,Low,2.0,3.88,0.0,0.22,0.11,0.0,1.51,1.84
2024-06-08,02:00,2,8,6,5,1,24.2,64.9,4,Low,1.84,2.44,0.0,0.21,0.11,0.0,1.29,1.61
2024-06-08,03:00,3,8,6,5,1,23.1,67.6,1,Low,1.61,1.82,0.0,0.21,0.09,0.0,1.02,1.32
2024-06-08,04:00,4,8,6,5,1,25.8,62.2,4,Low,1.32,1.59,0.0,0.2,0.11,0.0,1.13,1.44
2024-06-08,05:00,5,8,6,5,1,27.1,65.8,3,Low,1.44,1.46,0.1,0.2,0.1,0.0,1.38,1.78
2024-06-08,06:00,6,8,6,5,1,28.6,56.6,4,Medium,1.78,1.51,0.43,0.19,0.11,0.0,3.08,3.81
2024-06-08,07:00,7,8,6,5,1,27.8,58.1,3,High,3.81,2.34,0.36,0.22,0.1,0.0,4.43,5.11
2024-06-08,08:00,8,8,6,5,1,30.7,61.9,4,Low,5.11,3.57,0.69,0.21,0.11,0.0,3.35,4.36
2024-06-08,09:00,9,8,6,5,1,35.0,57.6,3,High,4.36,4.43,2.91,0.22,0.1,0.0,3.61,6.84
2024-06-08,10:00,10,8,6,5,1,33.1,57.0,5,Low,6.84,5.44,1.17,0.2,0.12,0.0,3.66,5.15
2024-06-08,11:00,11,8,6,5,1,36.2,53.7,3,Medium,5.15,5.45,2.54,0.21,0.1,0.0,3.78,6.63
2024-06-08,12:00,12,8,6,5,1,35.6,52.0,3,Low,6.63,6.21,1.74,0.21,0.1,0.0,3.22,5.27
2024-06-08,13:00,13,8,6,5,1,36.3,50.7,3,Low,5.27,5.68,2.86,0.22,0.1,0.0,3.13,6.31
2024-06-08,14:00,14,8,6,5,1,35.5,43.4,3,Low,6.31,6.07,2.57,0.21,0.1,0.0,2.9,5.78
2024-06-08,15:00,15,8,6,5,1,38.8,54.0,4,Medium,5.78,5.79,5.12,0.2,0.11,0.0,3.85,9.28
2024-06-08,16:00,16,8,6,5,1,35.3,48.1,4,Low,9.28,7.12,2.5,0.2,0.11,0.0,3.86,6.67
2024-06-08,17:00,17,8,6,5,1,38.0,44.4,2,Low,6.67,7.24,3.48,0.21,0.1,0.0,4.44,8.23
2024-06-08,18:00,18,8,6,5,1,36.6,48.1,4,Medium,8.23,8.06,4.01,0.21,0.35,0.0,6.1,10.67
2024-06-08,19:00,19,8,6,5,1,33.0,61.8,4,Low,10.67,8.52,1.73,0.2,0.35,0.0,5.46,7.74
2024-06-08,20:00,20,8,6,5,1,31.6,61.3,4,High,7.74,8.88,2.36,0.22,0.35,0.85,7.04,10.82
2024-06-08,21:00,21,8,6,5,1,30.1,59.7,2,High,10.82,9.74,1.57,0.21,0.22,0.0,7.84,9.84
2024-06-08,22:00,22,8,6,5,1,27.6,59.1,4,High,9.84,9.47,0.46,0.2,0.35,0.0,5.23,6.24
2024-06-08,23:00,23,8,6,5,1,26.1,65.6,2,Low,6.24,8.97,0.01,0.21,0.22,0.0,2.68,3.12
2024-06-09,00:00,0,9,6,6,1,26.1,61.3,2,Low,3.12,6.4,0.0,0.21,0.1,0.0,1.12,1.43
2024-06-09,01:00,1,9,6,6,1,23.9,65.9,4,Low,1.43,3.6,0.0,0.19,0.11,0.0,1.56,1.86
2024-06-09,02:00,2,9,6,6,1,24.3,62.7,4,Low,1.86,2.14,0.0,0.2,0.11,0.0,1.49,1.8
2024-06-09,03:00,3,9,6,6,1,27.5,63.6,3,Low,1.8,1.7,0.16,0.21,0.1,0.0,1.02,1.49
2024-06-09,04:00,4,9,6,6,1,24.1,69.9,5,Low,1.49,1.72,0.0,0.21,0.12,0.0,1.19,1.52
2024-06-09,05:00,5,9,6,6,1,23.9,65.7,4,Low,1.52,1.6,0.0,0.21,0.11,0.0,0.94,1.26
2024-06-09,06:00,6,9,6,6,1,25.7,65.0,3,Medium,1.26,1.42,0.0,0.22,0.1,0.0,2.81,3.13
2024-06-09,07:00,7,9,6,6,1,31.1,57.0,3,Medium,3.13,1.97,1.03,0.19,0.1,0.0,3.43,4.75
2024-06-09,08:00,8,9,6,6,1,29.7,55.9,4,High,4.75,3.05,0.92,0.19,0.11,0.0,5.24,6.46
2024-06-09,09:00,9,9,6,6,1,30.4,62.4,3,Low,6.46,4.78,0.63,0.2,0.1,0.0,3.02,3.95
2024-06-09,10:00,10,9,6,6,1,33.1,45.4,3,High,3.95,5.05,2.14,0.21,0.1,0.85,3.23,6.53
2024-06-09,11:00,11,9,6,6,1,35.4,52.0,4,Low,6.53,5.65,1.69,0.2,0.11,0.0,3.29,5.29
2024-06-09,12:00,12,9,6,6,1,36.5,42.5,5,Low,5.29,5.26,1.95,0.19,0.12,0.0,3.24,5.5
2024-06-09,13:00,13,9,6,6,1,35.8,50.4,4,High,5.5,5.77,4.88,0.22,0.11,0.0,4.29,9.5
2024-06-09,14:00,14,9,6,6,1,36.1,50.6,5,Medium,9.5,6.76,3.77,0.21,0.12,0.0,5.2,9.3
2024-06-09,15:00,15,9,6,6,1,36.1,52.5,5,Medium,9.3,8.1,3.77,0.21,0.12,0.0,5.08,9.18
2024-06-09,16:00,16,9,6,6,1,34.7,52.8,3,Medium,9.18,9.33,3.1,0.19,0.1,0.0,4.38,7.77
2024-06-09,17:00,17,9,6,6,1,33.7,51.1,2,Medium,7.77,8.75,2.65,0.19,0.1,0.0,5.95,8.89
2024-06-09,18:00,18,9,6,6,1,34.1,53.4,3,Medium,8.89,8.61,2.83,0.21,0.28,0.0,6.11,9.43
2024-06-09,19:00,19,9,6,6,1,32.1,54.5,3,High,9.43,8.7,2.63,0.21,0.28,0.85,7.0,10.97
2024-06-09,20:00,20,9,6,6,1,30.3,63.6,4,High,10.97,9.76,1.67,0.21,0.35,0.85,7.5,10.58
2024-06-09,21:00,21,9,6,6,1,29.8,58.3,3,High,10.58,10.33,1.42,0.2,0.28,0.0,8.2,10.1
2024-06-09,22:00,22,9,6,6,1,27.9,60.7,2,High,10.1,10.55,0.58,0.21,0.22,0.0,4.95,5.96
2024-06-09,23:00,23,9,6,6,1,26.9,59.3,2,Medium,5.96,8.88,0.16,0.21,0.22,0.0,2.88,3.47
2024-06-10,00:00,0,10,6,0,0,24.6,56.9,3,Low,3.47,6.51,0.0,0.19,0.1,0.0,1.49,1.78
2024-06-10,01:00,1,10,6,0,0,23.0,68.1,2,Low,1.78,3.74,0.0,0.22,0.1,0.0,0.82,1.14
2024-06-10,02:00,2,10,6,0,0,23.1,67.7,1,Low,1.14,2.13,0.0,0.21,0.09,0.0,1.02,1.32
2024-06-10,03:00,3,10,6,0,0,24.2,67.4,3,Low,1.32,1.41,0.0,0.21,0.1,0.0,0.83,1.14
2024-06-10,04:00,4,10,6,0,0,24.1,64.4,4,Low,1.14,1.2,0.0,0.21,0.11,0.0,1.3,1.62
2024-06-10,05:00,5,10,6,0,0,24.9,63.0,3,Low,1.62,1.36,0.0,0.21,0.1,0.0,1.17,1.48
2024-06-10,06:00,6,10,6,0,0,28.6,56.2,1,Low,1.48,1.41,0.32,0.21,0.09,0.0,1.93,2.55
2024-06-10,07:00,7,10,6,0,0,28.6,59.0,1,Medium,2.55,1.88,0.43,0.19,0.09,0.0,2.76,3.47
2024-06-10,08:00,8,10,6,0,0,28.3,56.8,3,High,3.47,2.5,0.49,0.22,0.1,0.0,4.93,5.74
2024-06-10,09:00,9,10,6,0,0,30.3,54.0,1,Medium,5.74,3.92,0.83,0.2,0.09,0.0,2.52,3.64
2024-06-10,10:00,10,10,6,0,0,32.0,56.6,2,Medium,3.64,4.28,1.28,0.2,0.1,0.0,2.2,3.78
2024-06-10,11:00,11,10,6,0,0,35.7,52.7,1,High,3.78,4.39,3.21,0.19,0.09,0.85,1.53,5.87
2024-06-10,12:00,12,10,6,0,0,36.4,47.4,3,Low,5.87,4.43,1.93,0.21,0.1,0.0,2.45,4.69
2024-06-10,13:00,13,10,6,0,0,33.9,43.2,1,Medium,4.69,4.78,2.74,0.21,0.09,0.0,2.16,5.2
2024-06-10,14:00,14,10,6,0,0,37.4,45.5,2,Medium,5.2,5.25,4.41,0.19,0.1,0.0,2.67,7.37
2024-06-10,15:00,15,10,6,0,0,35.7,53.8,2,Low,7.37,5.75,2.64,0.21,0.1,0.0,2.47,5.42
2024-06-10,16:00,16,10,6,0,0,35.8,49.6,2,High,5.42,6.0,4.88,0.19,0.1,0.0,2.98,8.15
2024-06-10,17:00,17,10,6,0,0,36.8,47.1,1,Low,8.15,6.98,3.04,0.2,0.09,0.0,4.69,8.02
2024-06-10,18:00,18,10,6,0,0,34.3,45.6,2,High,8.02,7.2,3.93,0.21,0.22,0.0,7.17,11.53
2024-06-10,19:00,19,10,6,0,0,30.1,50.9,3,Low,11.53,9.23,0.86,0.21,0.28,0.0,5.78,7.13
2024-06-10,20:00,20,10,6,0,0,30.4,56.9,3,High,7.13,8.89,1.72,0.21,0.28,0.85,6.07,9.13
2024-06-10,21:00,21,10,6,0,0,28.0,61.6,3,Medium,9.13,9.26,0.46,0.2,0.28,0.0,6.34,7.28
2024-06-10,22:00,22,10,6,0,0,26.3,68.9,2,Medium,7.28,7.85,0.04,0.22,0.22,0.0,3.3,3.78
2024-06-10,23:00,23,10,6,0,0,27.6,62.9,3,Medium,3.78,6.73,0.34,0.21,0.28,0.0,2.63,3.46
2024-06-11,00:00,0,11,6,1,0,25.8,59.1,3,Low,3.46,4.84,0.0,0.2,0.1,0.0,1.79,2.09
2024-06-11,01:00,1,11,6,1,0,25.6,61.6,5,Low,2.09,3.11,0.0,0.19,0.12,0.0,1.53,1.84
2024-06-11,02:00,2,11,6,1,0,24.3,63.6,1,Low,1.84,2.46,0.0,0.21,0.09,0.0,0.78,1.08
2024-06-11,03:00,3,11,6,1,0,25.1,64.4,2,Low,1.08,1.67,0.0,0.21,0.1,0.0,0.7,1.01
2024-06-11,04:00,4,11,6,1,0,26.7,66.9,5,Low,1.01,1.31,0.06,0.2,0.12,0.0,1.19,1.57
2024-06-11,05:00,5,11,6,1,0,29.7,60.6,5,Low,1.57,1.22,0.5,0.2,0.12,0.0,1.7,2.52
2024-06-11,06:00,6,11,6,1,0,28.6,58.3,1,Medium,2.52,1.7,0.43,0.21,0.09,0.0,2.85,3.58
2024-06-11,07:00,7,11,6,1,0,28.0,61.5,5,High,3.58,2.56,0.41,0.21,0.12,0.0,5.03,5.77
2024-06-11,08:00,8,11,6,1,0,30.0,52.1,1,Medium,5.77,3.96,0.75,0.21,0.09,0.0,3.75,4.8
2024-06-11,09:00,9,11,6,1,0,33.9,57.8,1,Medium,4.8,4.72,1.82,0.22,0.09,0.0,2.13,4.26
2024-06-11,10:00,10,11,6,1,0,33.7,48.3,1,High,4.26,4.94,2.38,0.19,0.09,0.85,1.5,5.01
2024-06-11,11:00,11,11,6,1,0,34.3,50.7,1,Low,5.01,4.69,1.44,0.2,0.09,0.0,2.0,3.73
2024-06-11,12:00,12,11,6,1,0,37.8,46.2,2,Low,3.73,4.33,2.27,0.21,0.1,0.0,1.77,4.35
2024-06-11,13:00,13,11,6,1,0,35.9,48.1,2,Medium,4.35,4.36,3.67,0.22,0.1,0.0,2.15,6.14
2024-06-11,14:00,14,11,6,1,0,35.1,58.5,2,Low,6.14,4.74,2.43,0.21,0.1,0.0,2.21,4.95
2024-06-11,15:00,15,11,6,1,0,35.7,48.6,1,Medium,4.95,5.15,3.57,0.2,0.09,0.0,2.36,6.22
2024-06-11,16:00,16,11,6,1,0,37.2,50.3,2,Medium,6.22,5.77,4.31,0.2,0.1,0.0,2.63,7.24
2024-06-11,17:00,17,11,6,1,0,35.6,60.0,1,Low,7.24,6.14,2.61,0.22,0.09,0.0,4.49,7.41
2024-06-11,18:00,18,11,6,1,0,31.8,64.6,4,High,7.41,6.96,2.47,0.2,0.35,0.0,7.28,10.3
2024-06-11,19:00,19,11,6,1,0,31.2,53.7,3,Medium,10.3,8.32,1.59,0.19,0.28,0.0,6.24,8.3
2024-06-11,20:00,20,11,6,1,0,32.4,55.6,3,Medium,8.3,8.67,2.08,0.19,0.28,0.0,6.18,8.73
2024-06-11,21:00,21,11,6,1,0,29.5,65.7,3,Medium,8.73,9.11,0.95,0.21,0.28,0.0,6.14,7.58
2024-06-11,22:00,22,11,6,1,0,29.6,63.1,4,High,7.58,8.2,1.33,0.21,0.35,0.0,4.77,6.66
2024-06-11,23:00,23,11,6,1,0,26.1,58.9,2,Medium,6.66,7.66,0.01,0.21,0.22,0.0,3.54,3.98
2024-06-12,00:00,0,12,6,2,0,24.3,70.2,4,Low,3.98,6.07,0.0,0.22,0.11,0.0,1.66,1.99
2024-06-12,01:00,1,12,6,2,0,22.5,62.5,3,Low,1.99,4.21,0.0,0.21,0.1,0.0,1.01,1.32
2024-06-12,02:00,2,12,6,2,0,24.8,63.9,2,Low,1.32,2.43,0.0,0.21,0.1,0.0,1.08,1.39
2024-06-12,03:00,3,12,6,2,0,24.4,69.0,2,Low,1.39,1.57,0.0,0.2,0.1,0.0,0.98,1.28
2024-06-12,04:00,4,12,6,2,0,23.5,61.3,2,Low,1.28,1.33,0.0,0.2,0.1,0.0,1.2,1.5
2024-06-12,05:00,5,12,6,2,0,27.5,63.3,3,Low,1.5,1.39,0.16,0.2,0.1,0.0,1.07,1.53
2024-06-12,06:00,6,12,6,2,0,26.3,64.3,2,High,1.53,1.44,0.03,0.22,0.1,0.0,3.62,3.97
2024-06-12,07:00,7,12,6,2,0,27.0,66.3,5,Medium,3.97,2.33,0.12,0.19,0.12,0.0,4.01,4.44
2024-06-12,08:00,8,12,6,2,0,29.7,61.1,2,Medium,4.44,3.31,0.68,0.21,0.1,0.0,3.51,4.5
2024-06-12,09:00,9,12,6,2,0,33.2,60.3,1,Medium,4.5,4.3,1.62,0.21,0.09,0.0,2.29,4.21
2024-06-12,10:00,10,12,6,2,0,31.8,52.1,1,Medium,4.21,4.38,1.22,0.22,0.09,0.0,1.66,3.19
2024-06-12,11:00,11,12,6,2,0,35.8,52.5,1,Low,3.19,3.97,1.78,0.21,0.09,0.0,1.35,3.43
2024-06-12,12:00,12,12,6,2,0,36.4,49.8,3,Medium,3.43,3.61,2.61,0.22,0.1,0.0,2.4,5.33
2024-06-12,13:00,13,12,6,2,0,39.0,45.2,1,Medium,5.33,3.98,5.23,0.22,0.09,0.0,2.27,7.81
2024-06-12,14:00,14,12,6,2,0,37.7,48.6,1,Low,7.81,5.52,3.37,0.22,0.09,0.0,2.61,6.29
2024-06-12,15:00,15,12,6,2,0,34.1,60.4,1,Low,6.29,6.48,2.09,0.19,0.09,0.0,2.05,4.42
2024-06-12,16:00,16,12,6,2,0,36.0,53.7,1,Medium,4.42,6.17,3.72,0.21,0.09,0.0,2.29,6.31
2024-06-12,17:00,17,12,6,2,0,35.3,48.7,1,High,6.31,5.67,4.56,0.2,0.09,0.0,6.42,11.27
2024-06-12,18:00,18,12,6,2,0,34.3,51.7,2,Medium,11.27,7.33,2.92,0.21,0.22,0.0,6.74,10.09
2024-06-12,19:00,19,12,6,2,0,32.0,55.2,3,High,10.09,9.22,2.58,0.19,0.28,0.85,6.98,10.88
2024-06-12,20:00,20,12,6,2,0,30.8,58.9,3,High,10.88,10.75,1.93,0.21,0.28,0.85,7.51,10.78
2024-06-12,21:00,21,12,6,2,0,30.2,60.9,4,Medium,10.78,10.58,1.2,0.21,0.35,0.0,6.44,8.2
2024-06-12,22:00,22,12,6,2,0,29.7,54.7,3,High,8.2,9.95,1.38,0.21,0.28,0.0,4.64,6.51
2024-06-12,23:00,23,12,6,2,0,27.3,59.7,4,Medium,6.51,8.5,0.26,0.22,0.35,0.0,3.64,4.47
2024-06-13,00:00,0,13,6,3,0,25.7,74.1,2,Low,4.47,6.39,0.0,0.22,0.1,0.0,1.51,1.83
2024-06-13,01:00,1,13,6,3,0,24.7,67.6,1,Low,1.83,4.27,0.0,0.21,0.09,0.0,0.93,1.23
2024-06-13,02:00,2,13,6,3,0,23.3,65.5,3,Low,1.23,2.51,0.0,0.21,0.1,0.0,0.97,1.28
2024-06-13,03:00,3,13,6,3,0,23.5,75.0,4,Low,1.28,1.45,0.0,0.21,0.11,0.0,1.14,1.46
2024-06-13,04:00,4,13,6,3,0,23.8,64.9,4,Low,1.46,1.32,0.0,0.21,0.11,0.0,1.22,1.54
2024-06-13,05:00,5,13,6,3,0,27.1,59.5,1,Low,1.54,1.43,0.1,0.2,0.09,0.0,0.62,1.01
2024-06-13,06:00,6,13,6,3,0,28.8,64.9,4,Medium,1.01,1.34,0.47,0.2,0.11,0.0,3.32,4.1
2024-06-13,07:00,7,13,6,3,0,29.8,59.1,3,High,4.1,2.22,0.95,0.21,0.1,0.0,4.3,5.56
2024-06-13,08:00,8,13,6,3,0,28.6,61.4,3,High,5.56,3.56,0.58,0.2,0.1,0.0,4.97,5.85
2024-06-13,09:00,9,13,6,3,0,32.0,60.9,2,Medium,5.85,5.17,1.28,0.2,0.1,0.0,2.79,4.37
2024-06-13,10:00,10,13,6,3,0,33.2,61.7,3,Medium,4.37,5.26,1.62,0.21,0.1,0.0,2.67,4.6
2024-06-13,11:00,11,13,6,3,0,33.3,55.2,1,Low,4.6,4.94,1.22,0.22,0.09,0.0,2.13,3.66
2024-06-13,12:00,12,13,6,3,0,33.9,52.7,3,Medium,3.66,4.21,1.82,0.2,0.1,0.0,2.21,4.33
2024-06-13,13:00,13,13,6,3,0,36.9,45.4,3,Medium,4.33,4.2,4.16,0.2,0.1,0.0,2.43,6.89
2024-06-13,14:00,14,13,6,3,0,34.3,54.7,2,Medium,6.89,4.96,2.92,0.2,0.1,0.0,2.96,6.18
2024-06-13,15:00,15,13,6,3,0,36.3,46.0,1,Low,6.18,5.8,2.86,0.21,0.09,0.0,2.12,5.28
2024-06-13,16:00,16,13,6,3,0,35.0,60.7,1,Low,5.28,6.12,2.4,0.19,0.09,0.0,2.01,4.69
2024-06-13,17:00,17,13,6,3,0,32.1,55.6,1,Low,4.69,5.38,1.44,0.2,0.09,0.0,3.71,5.44
2024-06-13,18:00,18,13,6,3,0,33.2,54.7,2,Low,5.44,5.14,1.79,0.19,0.22,0.0,3.73,5.93
2024-06-13,19:00,19,13,6,3,0,30.7,55.3,5,High,5.93,5.35,1.88,0.21,0.42,0.85,6.31,9.67
2024-06-13,20:00,20,13,6,3,0,29.8,58.1,4,Medium,9.67,7.01,1.06,0.22,0.35,0.0,6.57,8.2
2024-06-13,21:00,21,13,6,3,0,31.3,60.1,3,Low,8.2,7.93,1.2,0.22,0.28,0.0,4.9,6.6
2024-06-13,22:00,22,13,6,3,0,27.6,61.7,2,Medium,6.6,8.16,0.34,0.2,0.22,0.0,3.56,4.32
2024-06-13,23:00,23,13,6,3,0,26.0,64.2,3,Medium,4.32,6.37,0.0,0.21,0.28,0.0,3.03,3.52
2024-06-14,00:00,0,14,6,4,0,24.2,62.1,3,Low,3.52,4.81,0.0,0.21,0.1,0.0,1.9,2.21
2024-06-14,01:00,1,14,6,4,0,25.8,67.0,3,Low,2.21,3.35,0.0,0.2,0.1,0.0,1.14,1.44
2024-06-14,02:00,2,14,6,4,0,23.4,63.9,2,Low,1.44,2.39,0.0,0.21,0.1,0.0,1.03,1.34
2024-06-14,03:00,3,14,6,4,0,26.8,67.6,2,Low,1.34,1.66,0.07,0.2,0.1,0.0,0.74,1.11
2024-06-14,04:00,4,14,6,4,0,22.8,68.9,4,Low,1.11,1.3,0.0,0.2,0.11,0.0,0.99,1.3
2024-06-14,05:00,5,14,6,4,0,26.8,62.4,5,Low,1.3,1.25,0.07,0.22,0.12,0.0,1.43,1.84
2024-06-14,06:00,6,14,6,4,0,27.7,64.1,1,Medium,1.84,1.42,0.25,0.2,0.09,0.0,2.7,3.24
2024-06-14,07:00,7,14,6,4,0,29.0,61.3,4,High,3.24,2.13,0.7,0.19,0.11,0.0,5.03,6.03
2024-06-14,08:00,8,14,6,4,0,30.3,61.6,1,Medium,6.03,3.7,0.83,0.21,0.09,0.0,3.86,4.99
2024-06-14,09:00,9,14,6,4,0,32.9,57.8,1,Low,4.99,4.75,1.13,0.21,0.09,0.0,1.71,3.14
2024-06-14,10:00,10,14,6,4,0,32.8,56.2,1,High,3.14,4.72,2.02,0.22,0.09,0.85,1.35,4.53
2024-06-14,11:00,11,14,6,4,0,32.9,50.6,1,Medium,4.53,4.22,1.53,0.21,0.09,0.0,1.88,3.71
2024-06-14,12:00,12,14,6,4,0,34.9,47.8,3,Medium,3.71,3.79,2.13,0.19,0.1,0.0,2.69,5.11
2024-06-14,13:00,13,14,6,4,0,37.8,42.9,1,Medium,5.11,4.45,4.61,0.19,0.09,0.0,2.28,7.17
2024-06-14,14:00,14,14,6,4,0,34.6,51.1,2,Medium,7.17,5.33,3.06,0.21,0.1,0.0,3.12,6.49
2024-06-14,15:00,15,14,6,4,0,34.5,52.2,2,Low,6.49,6.26,2.22,0.22,0.1,0.0,2.67,5.21
2024-06-14,16:00,16,14,6,4,0,37.0,48.8,1,Low,5.21,6.29,3.11,0.2,0.09,0.0,2.03,5.43
2024-06-14,17:00,17,14,6,4,0,34.6,60.8,2,Medium,5.43,5.71,3.06,0.21,0.1,0.0,5.05,8.42
2024-06-14,18:00,18,14,6,4,0,32.2,54.2,3,Low,8.42,6.35,1.48,0.19,0.28,0.0,4.88,6.83
2024-06-14,19:00,19,14,6,4,0,31.9,53.4,3,Medium,6.83,6.89,1.87,0.21,0.28,0.0,5.56,7.92
2024-06-14,20:00,20,14,6,4,0,31.0,55.4,3,High,7.92,7.72,2.03,0.22,0.28,0.85,6.51,9.89
2024-06-14,21:00,21,14,6,4,0,29.2,65.3,3,Low,9.89,8.21,0.62,0.19,0.28,0.0,5.29,6.38
2024-06-14,22:00,22,14,6,4,0,26.9,60.0,3,High,6.38,8.06,0.22,0.22,0.28,0.0,4.1,4.82
2024-06-14,23:00,23,14,6,4,0,25.0,57.1,3,Low,4.82,7.03,0.0,0.2,0.28,0.0,2.35,2.83
2024-06-15,00:00,0,15,6,5,1,24.8,71.4,3,Low,2.83,4.68,0.0,0.22,0.1,0.0,1.48,1.8
2024-06-15,01:00,1,15,6,5,1,26.4,65.8,4,Low,1.8,3.15,0.03,0.21,0.11,0.0,1.14,1.49
2024-06-15,02:00,2,15,6,5,1,24.8,68.6,3,Low,1.49,2.04,0.0,0.19,0.1,0.0,0.92,1.21
2024-06-15,03:00,3,15,6,5,1,25.5,62.7,2,Low,1.21,1.5,0.0,0.2,0.1,0.0,0.38,0.68
2024-06-15,04:00,4,15,6,5,1,24.5,66.6,4,Low,0.68,1.13,0.0,0.19,0.11,0.0,0.93,1.23
2024-06-15,05:00,5,15,6,5,1,24.7,63.4,3,Low,1.23,1.04,0.0,0.19,0.1,0.0,0.82,1.11
2024-06-15,06:00,6,15,6,5,1,27.7,63.0,4,Low,1.11,1.01,0.18,0.19,0.11,0.0,2.31,2.79
2024-06-15,07:00,7,15,6,5,1,28.6,60.0,5,Medium,2.79,1.71,0.43,0.22,0.12,0.0,3.84,4.61
2024-06-15,08:00,8,15,6,5,1,30.4,61.8,5,High,4.61,2.84,1.15,0.2,0.12,0.0,5.71,7.18
2024-06-15,09:00,9,15,6,5,1,31.2,56.9,3,Low,7.18,4.86,0.78,0.2,0.1,0.0,3.33,4.41
2024-06-15,10:00,10,15,6,5,1,32.9,57.3,4,Medium,4.41,5.4,1.53,0.2,0.11,0.0,3.33,5.17
2024-06-15,11:00,11,15,6,5,1,33.8,54.5,5,Low,5.17,5.59,1.33,0.22,0.12,0.0,3.04,4.71
2024-06-15,12:00,12,15,6,5,1,34.9,56.8,5,High,4.71,4.76,2.87,0.2,0.12,0.0,4.56,7.75
2024-06-15,13:00,13,15,6,5,1,34.0,56.3,4,Medium,7.75,5.88,2.78,0.21,0.11,0.0,4.06,7.16
2024-06-15,14:00,14,15,6,5,1,34.8,59.8,2,Low,7.16,6.54,2.33,0.2,0.1,0.0,2.87,5.5
2024-06-15,15:00,15,15,6,5,1,37.8,53.0,4,Medium,5.5,6.8,4.61,0.21,0.11,0.0,3.78,8.71
2024-06-15,16:00,16,15,6,5,1,35.9,53.2,5,Medium,8.71,7.12,3.67,0.19,0.12,0.0,4.93,8.91
2024-06-15,17:00,17,15,6,5,1,35.0,56.8,2,Medium,8.91,7.71,3.24,0.2,0.1,0.0,6.15,9.69
2024-06-15,18:00,18,15,6,5,1,35.1,45.1,3,Low,9.69,9.1,2.43,0.2,0.28,0.0,5.11,8.02
2024-06-15,19:00,19,15,6,5,1,31.4,59.2,4,Low,8.02,8.87,1.23,0.2,0.35,0.0,5.12,6.9
2024-06-15,20:00,20,15,6,5,1,30.9,61.0,5,Low,6.9,8.2,1.09,0.21,0.42,0.0,4.87,6.59
2024-06-15,21:00,21,15,6,5,1,29.0,57.6,4,Medium,6.59,7.17,0.78,0.19,0.35,0.0,5.68,7.0
2024-06-15,22:00,22,15,6,5,1,27.2,63.8,5,High,7.0,6.83,0.32,0.21,0.42,0.0,4.65,5.6
2024-06-15,23:00,23,15,6,5,1,25.6,60.5,4,Medium,5.6,6.4,0.0,0.21,0.35,0.0,3.34,3.9
2024-06-16,00:00,0,16,6,6,1,23.3,75.1,3,Low,3.9,5.5,0.0,0.21,0.1,0.0,1.63,1.94
2024-06-16,01:00,1,16,6,6,1,23.3,60.2,3,Low,1.94,3.81,0.0,0.2,0.1,0.0,1.08,1.38
2024-06-16,02:00,2,16,6,6,1,24.4,70.1,3,Low,1.38,2.41,0.0,0.2,0.1,0.0,1.08,1.38
2024-06-16,03:00,3,16,6,6,1,24.5,63.6,2,Low,1.38,1.57,0.0,0.21,0.1,0.0,0.98,1.29
2024-06-16,04:00,4,16,6,6,1,24.5,58.2,4,Low,1.29,1.35,0.0,0.2,0.11,0.0,1.31,1.62
2024-06-16,05:00,5,16,6,6,1,25.6,62.6,3,Low,1.62,1.43,0.0,0.22,0.1,0.0,1.27,1.59
2024-06-16,06:00,6,16,6,6,1,28.9,58.8,3,Medium,1.59,1.5,0.5,0.2,0.1,0.0,2.98,3.78
2024-06-16,07:00,7,16,6,6,1,28.1,59.1,3,High,3.78,2.33,0.44,0.2,0.1,0.0,4.88,5.62
2024-06-16,08:00,8,16,6,6,1,31.8,58.8,2,Medium,5.62,3.66,1.22,0.2,0.1,0.0,3.55,5.07
2024-06-16,09:00,9,16,6,6,1,32.2,59.5,4,High,5.07,4.82,1.79,0.19,0.11,0.0,4.57,6.66
2024-06-16,10:00,10,16,6,6,1,33.9,53.3,4,High,6.66,5.78,2.46,0.2,0.11,0.85,3.93,7.55
2024-06-16,11:00,11,16,6,6,1,33.0,53.9,4,Low,7.55,6.43,1.15,0.21,0.11,0.0,3.25,4.72
2024-06-16,12:00,12,16,6,6,1,38.3,42.4,3,High,4.72,6.31,4.37,0.2,0.1,0.0,4.2,8.87
2024-06-16,13:00,13,16,6,6,1,37.2,51.7,3,Medium,8.87,7.05,4.31,0.21,0.1,0.0,3.96,8.58
2024-06-16,14:00,14,16,6,6,1,37.2,54.7,3,High,8.58,7.39,5.81,0.2,0.1,0.0,5.28,11.39
2024-06-16,15:00,15,16,6,6,1,35.1,49.5,2,Medium,11.39,9.61,3.29,0.21,0.1,0.0,4.74,8.34
2024-06-16,16:00,16,16,6,6,1,35.3,57.3,5,Medium,8.34,9.44,3.38,0.21,0.12,0.0,4.48,8.19
2024-06-16,17:00,17,16,6,6,1,35.5,48.3,2,Low,8.19,9.31,2.57,0.22,0.1,0.0,4.76,7.65
2024-06-16,18:00,18,16,6,6,1,31.8,53.1,3,High,7.65,8.06,2.47,0.22,0.28,0.0,7.31,10.28
2024-06-16,19:00,19,16,6,6,1,32.6,63.3,4,High,10.28,8.71,2.92,0.21,0.35,0.85,7.42,11.75
2024-06-16,20:00,20,16,6,6,1,31.2,58.4,5,High,11.75,9.89,2.14,0.21,0.42,0.85,7.99,11.61
2024-06-16,21:00,21,16,6,6,1,27.2,58.6,4,High,11.61,11.21,0.32,0.19,0.35,0.0,8.39,9.25
2024-06-16,22:00,22,16,6,6,1,28.8,62.6,4,High,9.25,10.87,0.96,0.21,0.35,0.0,5.08,6.6
2024-06-16,23:00,23,16,6,6,1,25.9,65.2,5,Medium,6.6,9.15,0.0,0.19,0.42,0.0,3.98,4.59
2024-06-17,00:00,0,17,6,0,0,25.4,63.4,2,Low,4.59,6.81,0.0,0.19,0.1,0.0,1.8,2.09
2024-06-17,01:00,1,17,6,0,0,23.8,69.8,4,Low,2.09,4.43,0.0,0.2,0.11,0.0,1.09,1.4
2024-06-17,02:00,2,17,6,0,0,23.3,73.8,1,Low,1.4,2.69,0.0,0.2,0.09,0.0,0.93,1.22
2024-06-17,03:00,3,17,6,0,0,25.2,64.6,2,Low,1.22,1.57,0.0,0.21,0.1,0.0,0.88,1.19
2024-06-17,04:00,4,17,6,0,0,25.3,65.3,3,Low,1.19,1.27,0.0,0.21,0.1,0.0,0.97,1.28
2024-06-17,05:00,5,17,6,0,0,24.7,62.1,2,Low,1.28,1.23,0.0,0.22,0.1,0.0,0.96,1.28
2024-06-17,06:00,6,17,6,0,0,25.1,66.8,2,Low,1.28,1.25,0.0,0.21,0.1,0.0,1.82,2.13
2024-06-17,07:00,7,17,6,0,0,28.8,60.2,4,High,2.13,1.56,0.64,0.21,0.11,0.0,4.52,5.48
2024-06-17,08:00,8,17,6,0,0,31.6,61.8,1,Low,5.48,2.96,0.86,0.21,0.09,0.0,2.88,4.04
2024-06-17,09:00,9,17,6,0,0,33.8,51.7,2,Medium,4.04,3.88,1.79,0.2,0.1,0.0,2.48,4.57
2024-06-17,10:00,10,17,6,0,0,32.8,57.3,1,Low,4.57,4.7,1.11,0.2,0.09,0.0,1.58,2.98
2024-06-17,11:00,11,17,6,0,0,35.5,43.8,1,High,2.98,3.86,3.12,0.19,0.09,0.85,1.46,5.71
2024-06-17,12:00,12,17,6,0,0,35.5,49.2,2,Medium,5.71,4.42,2.32,0.2,0.1,0.0,2.43,5.05
2024-06-17,13:00,13,17,6,0,0,34.9,48.6,2,Medium,5.05,4.58,3.19,0.21,0.1,0.0,2.57,6.07
2024-06-17,14:00,14,17,6,0,0,36.1,46.1,2,Low,6.07,5.61,2.78,0.2,0.1,0.0,2.53,5.61
2024-06-17,15:00,15,17,6,0,0,36.6,49.4,1,High,5.61,5.58,5.4,0.22,0.09,0.0,3.09,8.8
2024-06-17,16:00,16,17,6,0,0,35.8,52.0,1,Medium,8.8,6.83,3.62,0.21,0.09,0.0,3.54,7.46
2024-06-17,17:00,17,17,6,0,0,34.6,52.4,1,Low,7.46,7.29,2.26,0.21,0.09,0.0,4.26,6.82
2024-06-17,18:00,18,17,6,0,0,32.7,48.7,5,Low,6.82,7.69,1.63,0.21,0.42,0.0,4.77,7.03
2024-06-17,19:00,19,17,6,0,0,32.9,54.9,3,High,7.03,7.1,3.09,0.19,0.28,0.85,6.32,10.73
2024-06-17,20:00,20,17,6,0,0,31.1,61.2,3,High,10.73,8.19,2.09,0.21,0.28,0.85,7.51,10.94
2024-06-17,21:00,21,17,6,0,0,28.7,62.8,2,Medium,10.94,9.57,0.68,0.21,0.22,0.0,6.55,7.66
2024-06-17,22:00,22,17,6,0,0,27.4,67.6,3,High,7.66,9.78,0.39,0.22,0.28,0.0,4.49,5.38
2024-06-17,23:00,23,17,6,0,0,25.4,62.3,1,Medium,5.38,7.99,0.0,0.21,0.15,0.0,3.06,3.42
2024-06-18,00:00,0,18,6,1,0,24.0,65.4,5,Low,3.42,5.49,0.0,0.22,0.12,0.0,1.93,2.27
2024-06-18,01:00,1,18,6,1,0,23.9,71.0,2,Low,2.27,3.69,0.0,0.2,0.1,0.0,1.36,1.66
2024-06-18,02:00,2,18,6,1,0,23.0,68.5,4,Low,1.66,2.45,0.0,0.21,0.11,0.0,1.54,1.86
2024-06-18,03:00,3,18,6,1,0,28.2,64.4,3,Low,1.86,1.93,0.26,0.21,0.1,0.0,1.07,1.64
2024-06-18,04:00,4,18,6,1,0,25.5,60.8,3,Low,1.64,1.72,0.0,0.22,0.1,0.0,1.04,1.36
2024-06-18,05:00,5,18,6,1,0,25.6,70.7,2,Low,1.36,1.62,0.0,0.2,0.1,0.0,1.08,1.38
2024-06-18,06:00,6,18,6,1,0,27.6,58.5,3,Low,1.38,1.46,0.17,0.2,0.1,0.0,2.17,2.64
2024-06-18,07:00,7,18,6,1,0,27.2,59.5,5,Low,2.64,1.79,0.12,0.21,0.12,0.0,2.92,3.37
2024-06-18,08:00,8,18,6,1,0,31.1,58.7,2,Low,3.37,2.46,0.76,0.21,0.1,0.0,2.43,3.5
2024-06-18,09:00,9,18,6,1,0,30.6,58.0,1,Medium,3.5,3.17,0.9,0.21,0.09,0.0,1.87,3.07
2024-06-18,10:00,10,18,6,1,0,31.1,53.4,2,Low,3.07,3.31,0.76,0.22,0.1,0.0,1.29,2.37
2024-06-18,11:00,11,18,6,1,0,33.7,55.3,1,Medium,2.37,2.98,1.76,0.2,0.09,0.0,1.74,3.79
2024-06-18,12:00,12,18,6,1,0,35.7,47.2,2,Low,3.79,3.08,1.76,0.22,0.1,0.0,1.96,4.04
2024-06-18,13:00,13,18,6,1,0,36.7,48.2,4,High,4.04,3.4,5.47,0.21,0.11,0.0,3.47,9.26
2024-06-18,14:00,14,18,6,1,0,34.1,61.6,4,Low,9.26,5.7,2.09,0.21,0.11,0.0,3.49,5.9
2024-06-18,15:00,15,18,6,1,0,34.5,51.2,4,Medium,5.9,6.4,3.01,0.2,0.11,0.0,2.89,6.21
2024-06-18,16:00,16,18,6,1,0,37.3,48.7,2,Low,6.21,7.12,3.22,0.19,0.1,0.0,2.14,5.65
2024-06-18,17:00,17,18,6,1,0,35.0,52.9,2,Medium,5.65,5.92,3.24,0.2,0.1,0.0,5.58,9.12
2024-06-18,18:00,18,18,6,1,0,34.2,48.0,2,High,9.12,6.99,3.87,0.22,0.22,0.0,7.53,11.84
2024-06-18,19:00,19,18,6,1,0,30.4,58.1,3,High,11.84,8.87,1.72,0.22,0.28,0.85,7.42,10.49
2024-06-18,20:00,20,18,6,1,0,29.4,59.5,5,Low,10.49,10.48,0.68,0.2,0.42,0.0,5.51,6.81
2024-06-18,21:00,21,18,6,1,0,29.6,59.3,2,High,6.81,9.71,1.33,0.2,0.22,0.0,6.58,8.33
2024-06-18,22:00,22,18,6,1,0,30.0,51.1,2,High,8.33,8.54,1.52,0.21,0.22,0.0,4.31,6.26
2024-06-18,23:00,23,18,6,1,0,25.5,59.0,2,High,6.26,7.13,0.0,0.22,0.22,0.0,4.02,4.46
2024-06-19,00:00,0,19,6,2,0,25.7,62.4,3,Low,4.46,6.35,0.0,0.19,0.1,0.0,1.9,2.19
2024-06-19,01:00,1,19,6,2,0,25.0,63.3,4,Low,2.19,4.3,0.0,0.19,0.11,0.0,1.7,2.0
2024-06-19,02:00,2,19,6,2,0,24.2,60.7,5,Low,2.0,2.88,0.0,0.21,0.12,0.0,1.61,1.94
2024-06-19,03:00,3,19,6,2,0,26.5,65.1,4,Low,1.94,2.04,0.04,0.2,0.11,0.0,1.19,1.54
2024-06-19,04:00,4,19,6,2,0,26.0,59.3,2,Low,1.54,1.83,0.0,0.2,0.1,0.0,0.48,0.78
2024-06-19,05:00,5,19,6,2,0,26.0,63.8,3,Low,0.78,1.42,0.0,0.21,0.1,0.0,1.0,1.31
2024-06-19,06:00,6,19,6,2,0,26.9,66.4,4,High,1.31,1.21,0.15,0.19,0.11,0.0,4.6,5.05
2024-06-19,07:00,7,19,6,2,0,28.1,59.5,5,Medium,5.05,2.38,0.33,0.19,0.12,0.0,4.41,5.05
2024-06-19,08:00,8,19,6,2,0,29.6,53.3,3,Low,5.05,3.8,0.49,0.2,0.1,0.0,3.53,4.32
2024-06-19,09:00,9,19,6,2,0,29.0,63.4,1,Medium,4.32,4.81,0.52,0.19,0.09,0.0,2.54,3.34
2024-06-19,10:00,10,19,6,2,0,32.0,61.2,1,Low,3.34,4.24,0.94,0.21,0.09,0.0,1.76,3.0
2024-06-19,11:00,11,19,6,2,0,33.3,48.6,1,Low,3.0,3.55,1.22,0.21,0.09,0.0,1.55,3.07
2024-06-19,12:00,12,19,6,2,0,36.2,51.5,1,Low,3.07,3.14,1.88,0.22,0.09,0.0,1.64,3.83
2024-06-19,13:00,13,19,6,2,0,36.4,45.0,2,Medium,3.83,3.3,3.91,0.2,0.1,0.0,2.49,6.7
2024-06-19,14:00,14,19,6,2,0,37.3,51.7,2,Low,6.7,4.53,3.22,0.2,0.1,0.0,2.56,6.08
2024-06-19,15:00,15,19,6,2,0,36.5,54.6,3,Medium,6.08,5.54,3.96,0.21,0.1,0.0,3.01,7.28
2024-06-19,16:00,16,19,6,2,0,36.1,48.0,2,Medium,7.28,6.69,3.77,0.2,0.1,0.0,3.09,7.16
2024-06-19,17:00,17,19,6,2,0,34.3,60.3,1,Medium,7.16,6.84,2.92,0.21,0.09,0.0,5.54,8.76
2024-06-19,18:00,18,19,6,2,0,33.4,55.2,4,High,8.76,7.73,3.39,0.19,0.35,0.0,7.89,11.82
2024-06-19,19:00,19,19,6,2,0,31.9,56.0,1,High,11.82,9.25,2.52,0.2,0.15,0.85,6.67,10.39
2024-06-19,20:00,20,19,6,2,0,29.7,62.6,3,High,10.39,10.32,1.38,0.19,0.28,0.85,7.14,9.84
2024-06-19,21:00,21,19,6,2,0,28.9,50.3,3,Medium,9.84,10.68,0.74,0.2,0.28,0.0,6.34,7.56
2024-06-19,22:00,22,19,6,2,0,28.0,56.9,3,High,7.56,9.26,0.62,0.19,0.28,0.0,4.69,5.78
2024-06-19,23:00,23,19,6,2,0,27.5,62.0,2,Low,5.78,7.73,0.23,0.2,0.22,0.0,2.55,3.2
2024-06-20,00:00,0,20,6,3,0,24.3,69.2,3,Low,3.2,5.51,0.0,0.2,0.1,0.0,1.69,1.99
2024-06-20,01:00,1,20,6,3,0,25.7,61.4,3,Low,1.99,3.66,0.0,0.22,0.1,0.0,1.3,1.62
2024-06-20,02:00,2,20,6,3,0,24.1,65.4,2,Low,1.62,2.27,0.0,0.2,0.1,0.0,0.84,1.14
2024-06-20,03:00,3,20,6,3,0,23.4,70.0,3,Low,1.14,1.58,0.0,0.22,0.1,0.0,1.08,1.4
2024-06-20,04:00,4,20,6,3,0,24.7,64.9,4,Low,1.4,1.39,0.0,0.22,0.11,0.0,0.92,1.25
2024-06-20,05:00,5,20,6,3,0,26.9,59.8,3,Low,1.25,1.26,0.08,0.2,0.1,0.0,0.79,1.17
2024-06-20,06:00,6,20,6,3,0,27.9,60.1,1,Low,1.17,1.27,0.21,0.22,0.09,0.0,1.95,2.47
2024-06-20,07:00,7,20,6,3,0,29.5,61.9,3,Medium,2.47,1.63,0.63,0.2,0.1,0.0,3.25,4.18
2024-06-20,08:00,8,20,6,3,0,27.9,64.2,4,Medium,4.18,2.61,0.29,0.21,0.11,0.0,3.72,4.33
2024-06-20,09:00,9,20,6,3,0,32.6,66.2,1,Medium,4.33,3.66,1.44,0.2,0.09,0.0,2.38,4.11
2024-06-20,10:00,10,20,6,3,0,34.7,48.7,1,Medium,4.11,4.21,2.07,0.21,0.09,0.0,2.05,4.42
2024-06-20,11:00,11,20,6,3,0,35.3,58.1,1,Medium,4.42,4.29,2.26,0.21,0.09,0.0,1.82,4.38
2024-06-20,12:00,12,20,6,3,0,34.0,55.0,1,High,4.38,4.3,2.5,0.21,0.09,0.0,2.75,5.55
2024-06-20,13:00,13,20,6,3,0,36.1,52.3,1,Medium,5.55,4.78,3.77,0.2,0.09,0.0,2.24,6.3
2024-06-20,14:00,14,20,6,3,0,34.1,47.6,1,Medium,6.3,5.41,2.83,0.19,0.09,0.0,2.89,6.0
2024-06-20,15:00,15,20,6,3,0,34.4,58.1,1,High,6.0,5.95,3.99,0.22,0.09,0.0,2.9,7.2
2024-06-20,16:00,16,20,6,3,0,35.5,53.8,1,Medium,7.2,6.5,3.48,0.21,0.09,0.0,2.88,6.66
2024-06-20,17:00,17,20,6,3,0,35.9,52.2,1,Medium,6.66,6.62,3.67,0.2,0.09,0.0,5.28,9.24
2024-06-20,18:00,18,20,6,3,0,34.8,59.6,3,Low,9.24,7.7,2.33,0.22,0.28,0.0,5.0,7.83
2024-06-20,19:00,19,20,6,3,0,33.0,59.4,3,High,7.83,7.91,3.15,0.21,0.28,0.85,6.62,11.11
2024-06-20,20:00,20,20,6,3,0,30.7,55.1,4,Medium,11.11,9.39,1.39,0.19,0.35,0.0,6.87,8.8
2024-06-20,21:00,21,20,6,3,0,27.9,54.5,3,Low,8.8,9.25,0.32,0.19,0.28,0.0,4.92,5.71
2024-06-20,22:00,22,20,6,3,0,28.6,68.9,2,High,5.71,8.54,0.87,0.21,0.22,0.0,3.94,5.24
2024-06-20,23:00,23,20,6,3,0,25.5,64.0,3,Medium,5.24,6.58,0.0,0.22,0.28,0.0,3.03,3.53
2024-06-21,00:00,0,21,6,4,0,24.0,72.1,1,Low,3.53,4.83,0.0,0.21,0.09,0.0,0.98,1.28
2024-06-21,01:00,1,21,6,4,0,20.4,67.1,3,Low,1.28,3.35,0.0,0.2,0.1,0.0,1.12,1.42
2024-06-21,02:00,2,21,6,4,0,23.7,72.2,4,Low,1.42,2.08,0.0,0.2,0.11,0.0,1.01,1.32
2024-06-21,03:00,3,21,6,4,0,25.0,66.8,4,Low,1.32,1.34,0.0,0.22,0.11,0.0,1.35,1.68
2024-06-21,04:00,4,21,6,4,0,25.9,62.4,3,Low,1.68,1.47,0.0,0.2,0.1,0.0,1.31,1.61
2024-06-21,05:00,5,21,6,4,0,26.5,58.2,3,Low,1.61,1.54,0.04,0.2,0.1,0.0,1.03,1.37
2024-06-21,06:00,6,21,6,4,0,26.5,64.6,1,Low,1.37,1.55,0.04,0.2,0.09,0.0,1.72,2.05
2024-06-21,07:00,7,21,6,4,0,27.8,60.3,5,Medium,2.05,1.68,0.27,0.19,0.12,0.0,3.4,3.98
2024-06-21,08:00,8,21,6,4,0,28.8,56.0,5,Medium,3.98,2.47,0.47,0.22,0.12,0.0,3.88,4.69
2024-06-21,09:00,9,21,6,4,0,32.3,54.7,1,Medium,4.69,3.57,1.36,0.21,0.09,0.0,2.18,3.84
2024-06-21,10:00,10,21,6,4,0,34.9,47.3,1,High,3.84,4.17,2.87,0.2,0.09,0.85,1.84,5.85
2024-06-21,11:00,11,21,6,4,0,35.8,49.3,2,Medium,5.85,4.79,2.41,0.19,0.1,0.0,2.64,5.34
2024-06-21,12:00,12,21,6,4,0,35.3,53.5,1,Low,5.34,5.01,1.67,0.21,0.09,0.0,2.24,4.21
2024-06-21,13:00,13,21,6,4,0,37.5,52.4,1,Medium,4.21,5.13,4.46,0.19,0.09,0.0,2.12,6.86
2024-06-21,14:00,14,21,6,4,0,34.1,56.1,1,Low,6.86,5.47,2.09,0.21,0.09,0.0,2.26,4.65
2024-06-21,15:00,15,21,6,4,0,37.1,54.6,1,Medium,4.65,5.24,4.26,0.2,0.09,0.0,2.36,6.91
2024-06-21,16:00,16,21,6,4,0,36.9,51.2,4,Medium,6.91,6.14,4.16,0.2,0.11,0.0,3.35,7.82
2024-06-21,17:00,17,21,6,4,0,33.6,59.7,1,Medium,7.82,6.46,2.6,0.2,0.09,0.0,5.68,8.57
2024-06-21,18:00,18,21,6,4,0,33.2,65.0,4,High,8.57,7.77,3.27,0.21,0.35,0.0,7.88,11.71
2024-06-21,19:00,19,21,6,4,0,33.5,54.2,3,Medium,11.71,9.37,2.56,0.21,0.28,0.0,6.77,9.82
2024-06-21,20:00,20,21,6,4,0,29.6,58.7,3,Medium,9.82,10.03,0.98,0.19,0.28,0.0,6.39,7.84
2024-06-21,21:00,21,21,6,4,0,30.5,55.7,2,High,7.84,9.79,1.77,0.2,0.22,0.0,7.32,9.51
2024-06-21,22:00,22,21,6,4,0,27.7,59.7,2,Medium,9.51,9.06,0.37,0.21,0.22,0.0,3.79,4.59
2024-06-21,23:00,23,21,6,4,0,25.0,65.5,4,Medium,4.59,7.31,0.0,0.22,0.35,0.0,3.09,3.66
2024-06-22,00:00,0,22,6,5,1,23.9,62.0,4,Low,3.66,5.92,0.0,0.2,0.11,0.0,1.76,2.07
2024-06-22,01:00,1,22,6,5,1,25.6,61.4,5,Low,2.07,3.44,0.0,0.21,0.12,0.0,1.69,2.02
2024-06-22,02:00,2,22,6,5,1,24.0,64.1,3,Low,2.02,2.58,0.0,0.22,0.1,0.0,1.18,1.5
2024-06-22,03:00,3,22,6,5,1,23.6,70.3,4,Low,1.5,1.86,0.0,0.19,0.11,0.0,1.32,1.62
2024-06-22,04:00,4,22,6,5,1,25.4,64.4,5,Low,1.62,1.71,0.0,0.2,0.12,0.0,1.42,1.74
2024-06-22,05:00,5,22,6,5,1,26.2,65.1,5,Low,1.74,1.62,0.01,0.21,0.12,0.0,1.26,1.6
2024-06-22,06:00,6,22,6,5,1,26.3,62.8,2,High,1.6,1.65,0.03,0.21,0.1,0.0,4.04,4.38
2024-06-22,07:00,7,22,6,5,1,28.8,61.4,5,Low,4.38,2.57,0.35,0.2,0.12,0.0,3.15,3.82
2024-06-22,08:00,8,22,6,5,1,28.5,55.4,5,Medium,3.82,3.27,0.41,0.22,0.12,0.0,4.07,4.82
2024-06-22,09:00,9,22,6,5,1,34.3,47.7,4,Medium,4.82,4.34,1.95,0.2,0.11,0.0,3.57,5.83
2024-06-22,10:00,10,22,6,5,1,33.4,49.8,2,Low,5.83,4.82,1.24,0.2,0.1,0.0,2.78,4.32
2024-06-22,11:00,11,22,6,5,1,32.4,57.0,4,Medium,4.32,4.99,1.39,0.19,0.11,0.0,3.26,4.95
2024-06-22,12:00,12,22,6,5,1,36.8,50.8,3,Low,4.95,5.03,2.02,0.22,0.1,0.0,2.53,4.87
2024-06-22,13:00,13,22,6,5,1,34.9,53.7,4,Low,4.87,4.71,2.36,0.2,0.11,0.0,2.64,5.31
2024-06-22,14:00,14,22,6,5,1,36.5,54.9,4,Medium,5.31,5.04,3.96,0.2,0.11,0.0,3.69,7.96
2024-06-22,15:00,15,22,6,5,1,37.3,56.8,3,Medium,7.96,6.05,4.36,0.2,0.1,0.0,4.31,8.97
2024-06-22,16:00,16,22,6,5,1,34.3,57.1,3,High,8.97,7.41,3.93,0.19,0.1,0.0,5.39,9.61
2024-06-22,17:00,17,22,6,5,1,36.5,44.5,5,Low,9.61,8.85,2.93,0.21,0.12,0.0,5.63,8.89
2024-06-22,18:00,18,22,6,5,1,32.9,55.6,2,High,8.89,9.16,3.09,0.2,0.22,0.0,7.36,10.87
2024-06-22,19:00,19,22,6,5,1,30.6,56.5,5,High,10.87,9.79,1.83,0.2,0.42,0.85,7.67,10.97
2024-06-22,20:00,20,22,6,5,1,30.0,62.7,4,High,10.97,10.24,1.52,0.19,0.35,0.85,7.44,10.35
2024-06-22,21:00,21,22,6,5,1,31.5,56.9,3,High,10.35,10.73,2.3,0.2,0.28,0.0,8.0,10.78
2024-06-22,22:00,22,22,6,5,1,26.7,64.5,4,High,10.78,10.7,0.16,0.19,0.35,0.0,5.22,5.92
2024-06-22,23:00,23,22,6,5,1,27.0,64.7,2,High,5.92,9.02,0.25,0.19,0.22,0.0,3.5,4.16
2024-06-23,00:00,0,23,6,6,1,26.9,63.9,3,Low,4.16,6.95,0.08,0.21,0.1,0.0,1.49,1.88
2024-06-23,01:00,1,23,6,6,1,24.1,58.3,5,Low,1.88,3.99,0.0,0.2,0.12,0.0,1.57,1.89
2024-06-23,02:00,2,23,6,6,1,24.7,62.5,3,Low,1.89,2.64,0.0,0.2,0.1,0.0,1.08,1.38
2024-06-23,03:00,3,23,6,6,1,24.8,58.4,1,Low,1.38,1.72,0.0,0.21,0.09,0.0,0.66,0.96
2024-06-23,04:00,4,23,6,6,1,26.1,58.7,5,Low,0.96,1.41,0.0,0.22,0.12,0.0,1.21,1.55
2024-06-23,05:00,5,23,6,6,1,27.6,64.3,3,Low,1.55,1.3,0.17,0.21,0.1,0.0,1.05,1.53
2024-06-23,06:00,6,23,6,6,1,28.3,66.9,3,Medium,1.53,1.35,0.37,0.22,0.1,0.0,3.05,3.74
2024-06-23,07:00,7,23,6,6,1,28.7,65.0,5,High,3.74,2.27,0.61,0.22,0.12,0.0,5.29,6.24
2024-06-23,08:00,8,23,6,6,1,30.7,59.3,2,Medium,6.24,3.84,0.93,0.19,0.1,0.0,3.85,5.07
2024-06-23,09:00,9,23,6,6,1,33.2,59.4,5,High,5.07,5.02,2.18,0.2,0.12,0.0,4.71,7.21
2024-06-23,10:00,10,23,6,6,1,31.3,52.2,4,Low,7.21,6.17,0.8,0.19,0.11,0.0,3.21,4.31
2024-06-23,11:00,11,23,6,6,1,34.2,48.2,3,Low,4.31,5.53,1.42,0.22,0.1,0.0,2.55,4.29
2024-06-23,12:00,12,23,6,6,1,38.1,51.9,5,Low,4.29,5.27,2.35,0.21,0.12,0.0,2.74,5.42
2024-06-23,13:00,13,23,6,6,1,34.3,52.4,4,Low,5.42,4.67,2.16,0.2,0.11,0.0,3.08,5.55
2024-06-23,14:00,14,23,6,6,1,37.1,49.5,1,Low,5.55,5.09,3.15,0.21,0.09,0.0,2.76,6.21
2024-06-23,15:00,15,23,6,6,1,37.8,56.7,4,Medium,6.21,5.73,4.61,0.19,0.11,0.0,3.95,8.86
2024-06-23,16:00,16,23,6,6,1,35.2,49.5,2,Medium,8.86,6.87,3.34,0.2,0.1,0.0,4.23,7.87
2024-06-23,17:00,17,23,6,6,1,35.0,55.5,3,High,7.87,7.65,4.37,0.22,0.1,0.0,7.51,12.2
2024-06-23,18:00,18,23,6,6,1,32.9,55.5,5,High,12.2,9.64,3.09,0.2,0.42,0.0,8.7,12.41
2024-06-23,19:00,19,23,6,6,1,32.6,53.6,1,Medium,12.41,10.83,2.17,0.21,0.15,0.0,6.89,9.42
2024-06-23,20:00,20,23,6,6,1,30.9,56.4,3,Medium,9.42,11.34,1.47,0.2,0.28,0.0,6.09,8.04
2024-06-23,21:00,21,23,6,6,1,29.2,63.1,2,High,8.04,9.96,1.14,0.19,0.22,0.0,7.11,8.66
2024-06-23,22:00,22,23,6,6,1,27.2,62.0,3,High,8.66,8.71,0.32,0.2,0.28,0.0,4.35,5.15
2024-06-23,23:00,23,23,6,6,1,25.2,67.6,1,Medium,5.15,7.28,0.0,0.2,0.15,0.0,2.73,3.08
2024-06-24,00:00,0,24,6,0,0,23.1,64.5,1,Low,3.08,5.63,0.0,0.19,0.09,0.0,1.31,1.59
2024-06-24,01:00,1,24,6,0,0,23.9,62.8,4,Low,1.59,3.27,0.0,0.2,0.11,0.0,1.41,1.72
2024-06-24,02:00,2,24,6,0,0,26.6,70.2,3,Low,1.72,2.13,0.05,0.22,0.1,0.0,1.16,1.53
2024-06-24,03:00,3,24,6,0,0,25.0,61.4,4,Low,1.53,1.61,0.0,0.2,0.11,0.0,1.2,1.51
2024-06-24,04:00,4,24,6,0,0,26.2,63.4,2,Low,1.51,1.59,0.01,0.22,0.1,0.0,0.7,1.03
2024-06-24,05:00,5,24,6,0,0,25.9,60.4,4,Low,1.03,1.36,0.0,0.2,0.11,0.0,0.81,1.12
2024-06-24,06:00,6,24,6,0,0,26.5,69.7,2,High,1.12,1.22,0.07,0.19,0.1,0.0,3.76,4.12
2024-06-24,07:00,7,24,6,0,0,29.3,58.5,4,High,4.12,2.09,0.79,0.2,0.11,0.0,5.04,6.14
2024-06-24,08:00,8,24,6,0,0,29.0,62.0,5,Medium,6.14,3.79,0.52,0.2,0.12,0.0,4.71,5.55
2024-06-24,09:00,9,24,6,0,0,30.7,54.6,2,Low,5.55,5.27,0.69,0.22,0.1,0.0,2.39,3.4
2024-06-24,10:00,10,24,6,0,0,32.8,56.2,4,Low,3.4,5.03,1.11,0.2,0.11,0.0,1.68,3.1
2024-06-24,11:00,11,24,6,0,0,35.0,54.1,3,Medium,3.1,4.02,2.16,0.22,0.1,0.0,2.17,4.65
2024-06-24,12:00,12,24,6,0,0,32.2,54.0,1,Low,4.65,3.72,0.98,0.22,0.09,0.0,1.71,3.0
2024-06-24,13:00,13,24,6,0,0,39.0,51.2,1,Medium,3.0,3.58,5.23,0.2,0.09,0.0,1.47,6.99
2024-06-24,14:00,14,24,6,0,0,35.8,54.1,2,High,6.99,4.88,4.88,0.21,0.1,0.0,3.43,8.62
2024-06-24,15:00,15,24,6,0,0,35.0,58.3,2,Medium,8.62,6.2,3.24,0.2,0.1,0.0,3.26,6.8
2024-06-24,16:00,16,24,6,0,0,38.0,50.1,1,Low,6.8,7.47,3.48,0.21,0.09,0.0,2.38,6.16
2024-06-24,17:00,17,24,6,0,0,37.2,54.5,2,Low,6.16,7.19,3.18,0.21,0.1,0.0,4.28,7.77
2024-06-24,18:00,18,24,6,0,0,32.1,56.6,2,High,7.77,6.91,2.63,0.22,0.22,0.0,7.2,10.27
2024-06-24,19:00,19,24,6,0,0,32.3,59.0,5,Low,10.27,8.07,1.51,0.22,0.42,0.0,5.32,7.47
2024-06-24,20:00,20,24,6,0,0,29.3,60.1,3,Medium,7.47,8.5,0.88,0.2,0.28,0.0,5.53,6.89
2024-06-24,21:00,21,24,6,0,0,32.3,61.5,4,Medium,6.89,8.21,2.04,0.22,0.35,0.0,5.7,8.31
2024-06-24,22:00,22,24,6,0,0,26.9,63.8,4,Low,8.31,7.56,0.12,0.22,0.35,0.0,3.19,3.88
2024-06-24,23:00,23,24,6,0,0,26.2,64.7,1,Low,3.88,6.36,0.02,0.2,0.15,0.0,2.13,2.5
2024-06-25,00:00,0,25,6,1,0,25.5,59.6,3,Low,2.5,4.9,0.0,0.21,0.1,0.0,1.33,1.64
2024-06-25,01:00,1,25,6,1,0,25.4,63.0,5,Low,1.64,2.67,0.0,0.2,0.12,0.0,1.31,1.63
2024-06-25,02:00,2,25,6,1,0,25.2,65.2,2,Low,1.63,1.92,0.0,0.2,0.1,0.0,0.92,1.22
2024-06-25,03:00,3,25,6,1,0,25.4,66.6,4,Low,1.22,1.5,0.0,0.19,0.11,0.0,1.1,1.4
2024-06-25,04:00,4,25,6,1,0,23.6,65.8,2,Low,1.4,1.42,0.0,0.19,0.1,0.0,0.87,1.16
2024-06-25,05:00,5,25,6,1,0,25.5,62.3,3,Low,1.16,1.26,0.0,0.22,0.1,0.0,1.0,1.32
2024-06-25,06:00,6,25,6,1,0,26.7,64.1,1,Medium,1.32,1.29,0.08,0.21,0.09,0.0,2.64,3.02
2024-06-25,07:00,7,25,6,1,0,28.8,66.1,3,High,3.02,1.83,0.64,0.21,0.1,0.0,4.57,5.52
2024-06-25,08:00,8,25,6,1,0,29.7,58.0,3,Medium,5.52,3.29,0.68,0.19,0.1,0.0,4.36,5.33
2024-06-25,09:00,9,25,6,1,0,34.7,58.7,1,Medium,5.33,4.62,2.07,0.22,0.09,0.0,2.31,4.69
2024-06-25,10:00,10,25,6,1,0,32.5,57.1,3,Medium,4.69,5.18,1.42,0.2,0.1,0.0,2.93,4.65
2024-06-25,11:00,11,25,6,1,0,34.4,56.0,3,Medium,4.65,4.89,1.98,0.19,0.1,0.0,2.71,4.98
2024-06-25,12:00,12,25,6,1,0,35.7,48.4,2,Low,4.98,4.77,1.76,0.22,0.1,0.0,2.11,4.19
2024-06-25,13:00,13,25,6,1,0,35.2,49.9,4,Medium,4.19,4.61,3.34,0.21,0.11,0.0,2.97,6.63
2024-06-25,14:00,14,25,6,1,0,33.7,55.9,2,Medium,6.63,5.27,2.65,0.21,0.1,0.0,2.75,5.71
2024-06-25,15:00,15,25,6,1,0,33.9,56.2,1,Low,5.71,5.51,2.02,0.19,0.09,0.0,2.24,4.54
2024-06-25,16:00,16,25,6,1,0,36.4,48.9,3,Low,4.54,5.63,2.89,0.22,0.1,0.0,2.15,5.36
2024-06-25,17:00,17,25,6,1,0,34.7,53.9,2,Low,5.36,5.2,2.29,0.2,0.1,0.0,4.01,6.6
2024-06-25,18:00,18,25,6,1,0,33.0,52.8,1,High,6.6,5.5,3.15,0.22,0.15,0.0,6.68,10.2
2024-06-25,19:00,19,25,6,1,0,31.4,59.0,3,Medium,10.2,7.39,1.67,0.2,0.28,0.0,6.42,8.57
2024-06-25,20:00,20,25,6,1,0,31.4,52.3,3,Medium,8.57,8.46,1.67,0.2,0.28,0.0,6.13,8.28
2024-06-25,21:00,21,25,6,1,0,30.1,58.1,4,High,8.28,9.02,1.57,0.21,0.35,0.0,7.84,9.97
2024-06-25,22:00,22,25,6,1,0,26.4,70.2,3,Medium,9.97,8.94,0.06,0.19,0.28,0.0,4.49,5.02
2024-06-25,23:00,23,25,6,1,0,26.5,62.5,3,Low,5.02,7.76,0.06,0.21,0.28,0.0,2.19,2.74
2024-06-26,00:00,0,26,6,2,0,26.8,58.0,2,Low,2.74,5.91,0.07,0.2,0.1,0.0,1.32,1.69
2024-06-26,01:00,1,26,6,2,0,24.7,55.3,4,Low,1.69,3.15,0.0,0.21,0.11,0.0,1.19,1.51
2024-06-26,02:00,2,26,6,2,0,23.3,73.0,3,Low,1.51,1.98,0.0,0.21,0.1,0.0,1.32,1.63
2024-06-26,03:00,3,26,6,2,0,25.4,71.1,5,Low,1.63,1.61,0.0,0.21,0.12,0.0,1.28,1.61
2024-06-26,04:00,4,26,6,2,0,25.8,72.8,2,Low,1.61,1.58,0.0,0.21,0.1,0.0,0.69,1.0
2024-06-26,05:00,5,26,6,2,0,26.1,65.2,1,Low,1.0,1.41,0.0,0.19,0.09,0.0,1.03,1.31
2024-06-26,06:00,6,26,6,2,0,25.8,60.2,1,Medium,1.31,1.31,0.0,0.2,0.09,0.0,2.47,2.76
2024-06-26,07:00,7,26,6,2,0,29.7,51.1,4,Low,2.76,1.69,0.5,0.2,0.11,0.0,2.64,3.45
2024-06-26,08:00,8,26,6,2,0,31.7,56.6,2,Low,3.45,2.51,0.88,0.2,0.1,0.0,2.35,3.53
2024-06-26,09:00,9,26,6,2,0,31.5,55.6,1,Low,3.53,3.25,0.84,0.2,0.09,0.0,1.55,2.68
2024-06-26,10:00,10,26,6,2,0,34.5,56.0,1,Medium,2.68,3.22,2.01,0.21,0.09,0.0,1.59,3.9
2024-06-26,11:00,11,26,6,2,0,35.3,54.6,1,Low,3.9,3.37,1.67,0.21,0.09,0.0,1.66,3.63
2024-06-26,12:00,12,26,6,2,0,38.3,43.3,1,Medium,3.63,3.4,3.24,0.21,0.09,0.0,1.65,5.19
2024-06-26,13:00,13,26,6,2,0,36.2,55.7,1,Low,5.19,4.24,2.82,0.19,0.09,0.0,1.9,5.0
2024-06-26,14:00,14,26,6,2,0,35.0,59.3,3,Medium,5.0,4.61,3.24,0.21,0.1,0.0,2.85,6.4
2024-06-26,15:00,15,26,6,2,0,37.9,45.4,2,Low,6.4,5.53,3.44,0.22,0.1,0.0,2.51,6.27
2024-06-26,16:00,16,26,6,2,0,37.1,44.2,1,Low,6.27,5.89,3.15,0.2,0.09,0.0,1.98,5.42
2024-06-26,17:00,17,26,6,2,0,36.6,54.7,3,Medium,5.42,6.03,4.01,0.2,0.1,0.0,5.31,9.62
2024-06-26,18:00,18,26,6,2,0,34.0,52.5,5,Medium,9.62,7.1,2.78,0.21,0.42,0.0,6.51,9.92
2024-06-26,19:00,19,26,6,2,0,31.5,45.1,3,High,9.92,8.32,2.3,0.21,0.28,0.85,7.13,10.77
2024-06-26,20:00,20,26,6,2,0,31.0,61.2,1,Medium,10.77,10.1,1.51,0.2,0.15,0.0,6.88,8.74
2024-06-26,21:00,21,26,6,2,0,29.2,55.3,3,Medium,8.74,9.81,0.85,0.19,0.28,0.0,6.23,7.55
2024-06-26,22:00,22,26,6,2,0,26.7,60.6,2,Medium,7.55,9.02,0.12,0.2,0.22,0.0,3.69,4.23
2024-06-26,23:00,23,26,6,2,0,27.6,63.8,5,Medium,4.23,6.84,0.34,0.2,0.42,0.0,2.98,3.94
2024-06-27,00:00,0,27,6,3,0,25.3,63.2,3,Low,3.94,5.24,0.0,0.2,0.1,0.0,1.56,1.86
2024-06-27,01:00,1,27,6,3,0,25.1,64.6,2,Low,1.86,3.34,0.0,0.21,0.1,0.0,1.39,1.7
2024-06-27,02:00,2,27,6,3,0,24.0,64.9,4,Low,1.7,2.5,0.0,0.21,0.11,0.0,1.17,1.49
2024-06-27,03:00,3,27,6,3,0,27.5,63.6,2,Low,1.49,1.68,0.16,0.19,0.1,0.0,0.92,1.37
2024-06-27,04:00,4,27,6,3,0,25.9,72.0,2,Low,1.37,1.52,0.0,0.22,0.1,0.0,0.75,1.07
2024-06-27,05:00,5,27,6,3,0,24.9,64.1,5,Low,1.07,1.31,0.0,0.21,0.12,0.0,1.57,1.9
2024-06-27,06:00,6,27,6,3,0,28.1,65.0,2,Medium,1.9,1.45,0.33,0.2,0.1,0.0,2.7,3.33
2024-06-27,07:00,7,27,6,3,0,28.6,61.7,3,Medium,3.33,2.1,0.43,0.22,0.1,0.0,3.59,4.34
2024-06-27,08:00,8,27,6,3,0,32.2,53.1,3,High,4.34,3.19,1.79,0.2,0.1,0.0,4.67,6.76
2024-06-27,09:00,9,27,6,3,0,31.5,50.4,2,Medium,6.76,4.81,1.14,0.2,0.1,0.0,2.94,4.38
2024-06-27,10:00,10,27,6,3,0,35.0,47.1,2,Low,4.38,5.16,1.6,0.22,0.1,0.0,2.1,4.02
2024-06-27,11:00,11,27,6,3,0,35.0,56.5,2,High,4.02,5.05,2.91,0.21,0.1,0.85,1.97,6.04
2024-06-27,12:00,12,27,6,3,0,33.8,53.8,3,Medium,6.04,4.81,1.79,0.2,0.1,0.0,3.21,5.3
2024-06-27,13:00,13,27,6,3,0,34.9,49.8,1,Medium,5.3,5.12,3.19,0.2,0.09,0.0,2.59,6.07
2024-06-27,14:00,14,27,6,3,0,36.6,47.6,2,Low,6.07,5.8,2.96,0.2,0.1,0.0,2.22,5.48
2024-06-27,15:00,15,27,6,3,0,36.1,48.7,1,Medium,5.48,5.62,3.77,0.22,0.09,0.0,2.25,6.33
2024-06-27,16:00,16,27,6,3,0,37.2,57.1,4,Medium,6.33,5.96,4.31,0.21,0.11,0.0,3.08,7.71
2024-06-27,17:00,17,27,6,3,0,33.7,48.4,2,Low,7.71,6.51,1.96,0.2,0.1,0.0,4.69,6.95
2024-06-27,18:00,18,27,6,3,0,33.1,63.1,5,Medium,6.95,7.0,2.38,0.2,0.42,0.0,5.95,8.95
2024-06-27,19:00,19,27,6,3,0,31.4,59.3,4,Low,8.95,7.87,1.23,0.2,0.35,0.0,5.17,6.95
2024-06-27,20:00,20,27,6,3,0,32.4,55.5,2,Medium,6.95,7.62,2.08,0.21,0.22,0.0,5.46,7.97
2024-06-27,21:00,21,27,6,3,0,29.1,65.9,5,High,7.97,7.96,1.09,0.22,0.42,0.0,7.86,9.59
2024-06-27,22:00,22,27,6,3,0,29.0,61.7,3,Medium,9.59,8.17,0.78,0.22,0.28,0.0,4.03,5.31
2024-06-27,23:00,23,27,6,3,0,24.6,69.1,4,Medium,5.31,7.62,0.0,0.2,0.35,0.0,3.34,3.89
2024-06-28,00:00,0,28,6,4,0,26.6,70.1,3,Low,3.89,6.26,0.05,0.21,0.1,0.0,1.47,1.83
2024-06-28,01:00,1,28,6,4,0,23.4,64.0,1,Low,1.83,3.68,0.0,0.22,0.09,0.0,0.63,0.94
2024-06-28,02:00,2,28,6,4,0,24.2,66.8,2,Low,0.94,2.22,0.0,0.21,0.1,0.0,0.95,1.26
2024-06-28,03:00,3,28,6,4,0,23.9,67.9,2,Low,1.26,1.34,0.0,0.19,0.1,0.0,1.1,1.39
2024-06-28,04:00,4,28,6,4,0,25.8,65.7,4,Low,1.39,1.2,0.0,0.2,0.11,0.0,1.15,1.46
2024-06-28,05:00,5,28,6,4,0,25.0,67.2,2,Low,1.46,1.37,0.0,0.2,0.1,0.0,1.07,1.37
2024-06-28,06:00,6,28,6,4,0,26.9,60.1,4,Low,1.37,1.41,0.08,0.2,0.11,0.0,2.04,2.43
2024-06-28,07:00,7,28,6,4,0,28.4,61.5,1,High,2.43,1.75,0.52,0.22,0.09,0.0,4.05,4.88
2024-06-28,08:00,8,28,6,4,0,31.0,70.7,1,Medium,4.88,2.89,1.31,0.2,0.09,0.0,3.49,5.09
2024-06-28,09:00,9,28,6,4,0,33.1,56.0,1,Low,5.09,4.13,1.17,0.2,0.09,0.0,1.9,3.36
2024-06-28,10:00,10,28,6,4,0,32.9,56.2,3,Low,3.36,4.44,1.13,0.2,0.1,0.0,1.87,3.3
2024-06-28,11:00,11,28,6,4,0,36.6,49.8,2,Low,3.3,3.92,1.98,0.21,0.1,0.0,1.65,3.94
2024-06-28,12:00,12,28,6,4,0,37.0,53.0,2,Medium,3.94,3.53,2.8,0.21,0.1,0.0,2.28,5.39
2024-06-28,13:00,13,28,6,4,0,35.7,54.4,1,Medium,5.39,4.21,3.57,0.2,0.09,0.0,2.32,6.18
2024-06-28,14:00,14,28,6,4,0,35.5,53.4,1,High,6.18,5.17,4.69,0.19,0.09,0.0,3.37,8.34
2024-06-28,15:00,15,28,6,4,0,39.1,45.5,1,Low,8.34,6.64,3.9,0.2,0.09,0.0,2.84,7.03
2024-06-28,16:00,16,28,6,4,0,36.1,59.1,1,Medium,7.03,7.18,3.77,0.2,0.09,0.0,2.71,6.77
2024-06-28,17:00,17,28,6,4,0,35.9,46.7,1,Medium,6.77,7.38,3.67,0.22,0.09,0.0,5.64,9.62
2024-06-28,18:00,18,28,6,4,0,32.2,52.9,1,High,9.62,7.81,2.69,0.2,0.15,0.0,7.41,10.45
2024-06-28,19:00,19,28,6,4,0,32.6,55.8,3,High,10.45,8.95,2.92,0.2,0.28,0.85,6.9,11.15
2024-06-28,20:00,20,28,6,4,0,30.9,56.0,2,Medium,11.15,10.41,1.47,0.19,0.22,0.0,6.52,8.4
2024-06-28,21:00,21,28,6,4,0,27.5,62.8,5,High,8.4,10.0,0.43,0.2,0.42,0.0,7.89,8.94
2024-06-28,22:00,22,28,6,4,0,27.7,66.9,2,Medium,8.94,9.5,0.37,0.2,0.22,0.0,4.23,5.02
2024-06-28,23:00,23,28,6,4,0,26.4,65.0,2,Medium,5.02,7.45,0.06,0.19,0.22,0.0,2.91,3.38
